Peningkatan Suhu Rata - Rata ° C,Tahun,lat,lon,PCA Emisi 1,PCA Emisi 2,PCA Emisi 3,Konversi Hutan Bersih,LN Penggunaan Energi Di Pertanian,LN Total Populasi,Ratio Pria dan Wanita
0.5361666666666667,1990,33.7680065,66.2385139,-18217.568127968956,-3135.4595303666288,1708.4704673434505,0.0,7.222056677451042,16.185267825982926,1.0003699679541913
0.0206666666666666,1991,33.7680065,66.2385139,-18202.30787815443,-3130.6830578244726,1683.9995928217695,0.0,7.417539368539633,16.18996663005058,1.0001397935448515
-0.2595833333333333,1992,33.7680065,66.2385139,-18190.467636122266,-3123.352014765747,1663.0528031644312,0.0,5.748638497531811,16.305191874202382,0.999926189334475
0.1019166666666666,1993,33.7680065,66.2385139,-18201.59363690889,-3111.28835402739,1626.6121087725255,0.0,5.742071151034015,16.454836422949253,1.0005031343038597
0.3722499999999999,1994,33.7680065,66.2385139,-18203.110436958028,-3095.2207437087013,1572.2458873138794,0.0,7.989104921868168,16.55347897891043,1.0014713621793876
0.2855833333333333,1995,33.7680065,66.2385139,-18201.24767241336,-3091.7380505956485,1547.559774554196,0.0,8.481339355963794,16.613944399135487,1.0024418725901572
0.0365833333333333,1996,33.7680065,66.2385139,-18193.35800737068,-3074.908617051737,1473.6363459740694,0.0,7.8338910133903505,16.654974678091964,1.003719390199921
0.4151666666666667,1997,33.7680065,66.2385139,-18167.630608074433,-3057.8845103472495,1389.075801052552,0.0,6.995787035207764,16.694080728043588,1.005061340461711
0.8908333333333335,1998,33.7680065,66.2385139,-18142.273300304132,-3047.9063659708754,1325.2225445677545,0.0,7.159719713740831,16.732909977877476,1.0062868920957764
1.0585,1999,33.7680065,66.2385139,-18143.762220882105,-3066.5402425470083,1340.354592160533,0.0,7.2668421937791,16.773688772724697,1.0075846510633206
0.9756666666666668,2000,33.7680065,66.2385139,-18177.549098471052,-3087.1596574844834,1456.8532981216879,0.0,7.209376676058056,16.788126854135154,1.009036302185722
1.4089166666666666,2001,33.7680065,66.2385139,-18227.911523519255,-3104.38359444246,1572.3532613607142,0.0,7.5408193954317975,16.795552022100583,1.0104461621502179
1.0841666666666667,2002,33.7680065,66.2385139,-18119.992016945293,-3013.1884917173493,1252.387912273592,0.0,6.721466952951809,16.86004523370805,1.011893690922303
0.6793333333333332,2003,33.7680065,66.2385139,-18075.498088168806,-2969.071403079413,1117.900412295446,0.0,7.716725718311845,16.935455375737604,1.0133215418300379
1.3988333333333334,2004,33.7680065,66.2385139,-18018.59178970737,-2899.0382792027876,911.5439478025547,0.0,8.024797750307018,16.974787152622334,1.0147039238034954
0.4573333333333333,2005,33.7680065,66.2385139,-17992.70604671237,-2890.4441208379226,881.9281043930606,0.0,7.04380920733649,17.01055219169296,1.0159399313870592
1.4773333333333332,2006,33.7680065,66.2385139,-17964.058057732662,-2863.426206821057,813.4478561424565,0.0,5.841536082837056,17.051949013011214,1.016960644566327
0.7864999999999999,2007,33.7680065,66.2385139,-17929.331781375295,-2826.9212321618884,716.0352632136255,0.0,7.058422051331036,17.069880970285936,1.0181234778354138
0.8358333333333333,2008,33.7680065,66.2385139,-17841.970893013935,-2771.3077039760337,508.60095149326787,0.0,5.7452815519042035,17.089904265069357,1.0191633802438107
0.8974166666666666,2009,33.7680065,66.2385139,-17781.23768495929,-2728.1394214031775,380.11340792421623,0.0,6.743768072092481,17.12551722316976,1.0199630738528107
1.52925,2010,33.7680065,66.2385139,-17639.710088807722,-2681.624006629774,170.24184467530887,0.0,7.035207611505887,17.154466227690925,1.0208671477662492
1.2545833333333334,2011,33.7680065,66.2385139,-17382.583085556213,-2662.958888636594,18.015961562633535,0.0,7.0177645504113855,17.191361310714,1.0215225440816926
0.3441666666666667,2012,33.7680065,66.2385139,-17283.166038962623,-2646.393789452103,-26.004111980200886,0.0,6.5675669100865175,17.23213755517692,1.0220165784705801
1.2909166666666667,2013,33.7680065,66.2385139,-17120.269816116568,-2631.1002927520535,-82.96488948482653,0.0,8.105781684470243,17.26680547104098,1.0225676942656632
0.4686666666666666,2014,33.7680065,66.2385139,-17072.867272746764,-2592.10295920477,-207.84780226670398,0.0,8.47668335233707,17.303381231694015,1.022975551870384
0.7357499999999999,1990,5.7587654,-73.9151617,-17917.34268400443,-3357.1542034544777,2657.3044099624685,0.0,5.771068779675493,15.00793645258305,1.036299804160644
-0.4615,1991,5.7587654,-73.9151617,-17772.743071860565,-3346.7531976592654,2423.096183626708,0.0,5.273962684352757,15.010063736588148,1.0296598345087693
0.31825,1992,5.7587654,-73.9151617,-18122.163126184496,-3312.833170578351,2326.983970526572,0.0,5.094567045012788,15.010565415345338,1.0228761031331952
0.2705,1993,5.7587654,-73.9151617,-18099.665683818133,-3311.6601518329812,2318.323442866131,0.0,4.842996614348252,15.009648154810092,1.016076276802702
1.2026666666666668,1994,5.7587654,-73.9151617,-18127.548402921606,-3297.5008265260476,2253.3595701075806,0.0,4.553397829500193,15.007612886137405,1.0095125496964072
-0.0388333333333333,1995,5.7587654,-73.9151617,-18093.11712134324,-3301.406484103738,2276.1908981531924,0.0,5.070704467562166,15.004683583850598,1.0033181616896274
-0.1459166666666666,1996,5.7587654,-73.9151617,-18343.380509540282,-3245.922510764166,2334.362692040362,0.0,5.030066610635062,15.00070749369686,0.9976715527622603
0.0874166666666667,1997,5.7587654,-73.9151617,-18411.1074203209,-3244.643681180264,2337.879079848568,0.0,4.742917055989673,14.99530920777722,0.9925722201400677
0.5823333333333334,1998,5.7587654,-73.9151617,-18414.292980265047,-3243.770002208658,2340.2282773520565,0.0,4.957367419929609,14.988666152586024,0.9883486162905292
0.9410833333333332,1999,5.7587654,-73.9151617,-18370.26179023278,-3242.66688612716,2336.02190440842,0.0,5.543727174596399,14.981239292065927,0.9852639512585417
1.1191666666666666,2000,5.7587654,-73.9151617,-18339.521364904213,-3239.9697615341565,2330.6189000445756,0.0,5.513692017957535,14.973026773215238,0.9832725536623933
1.0385,2001,5.7587654,-73.9151617,-18409.64578450104,-3230.357426160487,2299.727622525941,0.0,5.548943780423524,14.96405902054839,0.9825770763511819
0.8756666666666666,2002,5.7587654,-73.9151617,-18387.041625434773,-3232.7935238325613,2309.809597977305,0.0,5.646476402856529,14.954481053619826,0.9831201045795454
0.9353333333333332,2003,5.7587654,-73.9151617,-18081.674265112008,-3263.086301020562,2397.5942094036413,0.0,4.359565000349771,14.944649141866659,0.9846903123345686
0.5704166666666667,2004,5.7587654,-73.9151617,-18066.695614296135,-3261.1492760052683,2394.2238906698303,0.0,5.6958134730066785,14.934782296293903,0.9869731164413557
0.0732499999999999,2005,5.7587654,-73.9151617,-18094.52158541468,-3256.2762425335973,2382.7253320394284,0.0,5.610451534863482,14.924942106787809,0.9896470754956512
0.3608333333333333,2006,5.7587654,-73.9151617,-18074.28466997951,-3258.047073412523,2384.8780414784687,0.0,6.133037674384044,14.915251209791167,0.9924842008335113
1.1725833333333333,2007,5.7587654,-73.9151617,-17897.80553212035,-3268.3647959720342,2418.7264522461587,0.0,5.559209008777925,14.90611890034323,0.9954486816732331
1.1739166666666667,2008,5.7587654,-73.9151617,-17858.172076784376,-3272.375024364354,2437.1239256057524,0.0,5.478604355010803,14.897888106849033,0.9983988105836927
0.99275,2009,5.7587654,-73.9151617,-17790.642597868344,-3285.143649295425,2480.7087305154523,0.0,5.466823934308263,14.890697605587306,1.0010686328600849
1.0785,2010,5.7587654,-73.9151617,-17510.07967210276,-3303.3483627177457,2529.455466343431,0.0,5.461490507003149,14.884830998755351,1.0033040018648185
1.0705,2011,5.7587654,-73.9151617,-17374.807791275245,-3322.752663450327,2585.735959858525,0.0,5.670829438514641,14.880446786772891,1.0049324040838867
1.3545833333333333,2012,5.7587654,-73.9151617,-17307.21235035986,-3324.6294566377937,2588.2195324217214,0.0,5.499605008023489,14.877525250098564,1.0059286097729123
1.3974166666666663,2013,5.7587654,-73.9151617,-17212.17861949321,-3322.0011534012074,2578.8477557631463,0.0,5.584046533320261,14.875733654336459,1.0063972256681295
1.29025,2014,5.7587654,-73.9151617,-17263.24987453367,-3315.7215785498884,2560.628330352761,0.0,5.700838144366751,14.874724144306636,1.006513284679658
1.0055833333333333,1990,28.0000272,2.9999825,-11706.038252871109,-2615.386470569441,173.56703530464222,684.9333,4.2708687913833865,17.054897543373407,1.0336895905966317
0.0091666666666666,1991,28.0000272,2.9999825,-11153.984497345205,-2536.987181986539,-25.491596478992836,684.9333,4.388703047745612,17.07874410967774,1.0335334244875842
-0.2090833333333333,1992,28.0000272,2.9999825,-10862.08479728635,-2508.52586516224,-112.68269772632584,684.9333,4.45309185735699,17.1019815900416,1.0332389141161644
0.4998333333333333,1993,28.0000272,2.9999825,-10707.381076167798,-2442.883002244465,-315.34708412388693,684.9333,4.398957495333863,17.124385319285427,1.0329119096189232
0.7169166666666666,1994,28.0000272,2.9999825,-11229.509048044769,-2348.8610361974115,-595.8096435285996,684.9333,4.336837043156021,17.145462747855106,1.0325050872637613
0.7949166666666666,1995,28.0000272,2.9999825,-11223.40606002564,-2303.206041028148,-745.1951161269166,684.9333,4.323272683935754,17.164643224963736,1.0318947570978734
0.7940833333333334,1996,28.0000272,2.9999825,-11452.459329239697,-2239.1651445355064,-923.5620390542543,684.9333,4.328575751206213,17.18227638545527,1.0342740732724103
1.00825,1997,28.0000272,2.9999825,-10498.274736385561,-2302.549476121724,-749.9816016080093,684.9333,4.457501618469854,17.199087982571555,1.0398500439132001
0.982,1998,28.0000272,2.9999825,-10099.613391268465,-2311.312717979571,-751.458927493639,684.9333,4.521162294018236,17.21419374836134,1.0422965836453402
1.4823333333333333,1999,28.0000272,2.9999825,-9382.423431410098,-2338.0655114302635,-678.3591583549082,684.9333,4.610540738718083,17.228177973231997,1.041680966445973
0.9940833333333332,2000,28.0000272,2.9999825,-8925.379918808134,-2346.483917481147,-581.8844491786994,684.9333,4.693822798746507,17.242200914768055,1.0412422234512204
1.7890833333333334,2001,28.0000272,2.9999825,-8751.022124697021,-2340.7804301764772,-665.7243865431244,0.0,4.671654313206078,17.255960222794194,1.0408631348813577
1.3711666666666666,2002,28.0000272,2.9999825,-8089.502847561037,-2365.031807463035,-572.7324328817485,0.0,4.766787208890359,17.269448892317534,1.0405897035080156
1.4333333333333331,2003,28.0000272,2.9999825,-8111.205136941744,-2332.796517532284,-703.2686801054889,0.0,4.839473633366142,17.282991312624237,1.0405121031717615
1.0174999999999998,2004,28.0000272,2.9999825,-6950.0210963912095,-2379.5229291234186,-583.2884880471136,0.0,4.743395295867006,17.29706401358024,1.0405529810450598
1.21875,2005,28.0000272,2.9999825,-6082.781573980694,-2431.2553764711183,-429.91533607472877,0.0,4.898747596733922,17.31070483320536,1.0406272983356195
1.4022500000000002,2006,28.0000272,2.9999825,-5616.706974734309,-2428.001238326362,-408.43304430856097,0.0,4.953234262591727,17.32511623607832,1.0406957135056925
1.1966666666666663,2007,28.0000272,2.9999825,-3876.718832566436,-2534.789486823142,-106.52908519584203,0.0,5.0311762108811715,17.341395292939904,1.0406587595140704
1.1405833333333333,2008,28.0000272,2.9999825,-3342.8362590731276,-2557.8991256826243,-10.479379822228688,0.0,5.0509662880954815,17.35848498076042,1.0405836575117535
1.2396666666666667,2009,28.0000272,2.9999825,-3031.831869407247,-2603.90680788576,46.02502351854688,0.0,5.160749839681014,17.37644404900286,1.0404569027849344
2.2304166666666667,2010,28.0000272,2.9999825,-2755.055923776601,-2602.7099865919445,18.065594026121378,0.0,5.159821672142431,17.395031068908104,1.0403402628517555
1.2025,2011,28.0000272,2.9999825,-2502.853908320887,-2546.853506055212,-190.37189043788845,276.32,5.206539191863477,17.414015011717538,1.0402435616007315
1.18025,2012,28.0000272,2.9999825,-1833.7643008742932,-2489.163085913695,-528.5021490750657,276.32,5.091914775111787,17.433446006223107,1.040045723491358
1.1286666666666667,2013,28.0000272,2.9999825,-2325.881608942998,-2391.090663057779,-737.4035229973089,276.32,5.169325369545332,17.453113217554538,1.0398057771929
1.6861666666666666,2014,28.0000272,2.9999825,-35.847312221595445,-2550.9744407004882,-437.5088197709935,276.32,5.434716705181055,17.47290365354309,1.0395329342369752
0.5665,1990,-14.297124,-170.7131481,-18293.954422479084,-3193.4873509980657,1659.017916586162,7.9612,3.7256837886359846,10.775178329041257,1.05399252609424
0.599,1991,-14.297124,-170.7131481,-18294.331780933477,-3193.4521963880234,1659.0877585531923,7.9612,3.7089124470307815,10.79939188675334,1.0520650079584486
0.3661666666666667,1992,-14.297124,-170.7131481,-18295.662185009354,-3193.2701699292516,1658.1392621966668,7.9612,3.7590932466400426,10.821337068874277,1.0505282122676276
-0.0326666666666666,1993,-14.297124,-170.7131481,-18293.996998459897,-3193.4568334464216,1658.9538010856156,7.9612,3.7256837886359846,10.842986869547165,1.0489269698910955
0.1679166666666667,1994,-14.297124,-170.7131481,-18295.226073000165,-3193.3686739318578,1659.2329326459394,7.9612,3.655395056796586,10.864541302883799,1.0474176749285407
0.77,1995,-14.297124,-170.7131481,-18296.39216374576,-3193.2849932386625,1659.4950685056629,7.9612,3.5900199830206914,10.885584751364705,1.0457801785235414
0.8094166666666668,1996,-14.297124,-170.7131481,-18296.58204086626,-3193.263432564156,1659.5179381569478,7.9612,3.579711700113156,10.905955980651335,1.044031054269962
0.353,1997,-14.297124,-170.7131481,-18296.05543902952,-3193.2913880420865,1659.3695854698262,7.9612,3.6089673629096977,10.925524725589275,1.0425961997868352
0.892,1998,-14.297124,-170.7131481,-18296.31177808212,-3193.2673660470455,1659.4108629558314,7.9612,3.5995754510644224,10.943834933072262,1.0412549585286692
0.2499166666666666,1999,-14.297124,-170.7131481,-18296.567209928075,-3193.243325434205,1659.4543578875698,7.9612,3.579711700113156,10.961173674591592,1.0398809945455834
0.6325,2000,-14.297124,-170.7131481,-18265.96193947165,-3141.3174276238788,1512.2716974470031,7.9612,3.4767160250178875,10.972138791405325,1.0379742405151897
0.8770833333333333,2001,-14.297124,-170.7131481,-18265.95639207182,-3141.312482102441,1512.2571387863238,8.0212,3.4767160250178875,10.97375180568875,1.035777863101679
1.2179166666666668,2002,-14.297124,-170.7131481,-18265.59857536069,-3141.3199091569645,1512.1577182056558,8.0212,3.5090946769719515,10.971262555384069,1.0336269574944073
0.6291666666666667,2003,-14.297124,-170.7131481,-18252.005685586806,-3119.7653949114615,1450.144918168277,8.0212,3.4659889957689987,10.967163271323342,1.0314855720346412
0.2823333333333333,2004,-14.297124,-170.7131481,-18251.99705507063,-3119.764645052591,1450.1396996440835,8.0212,3.4659889957689987,10.96171178029895,1.0296210200056355
0.70025,2005,-14.297124,-170.7131481,-18265.758346108192,-3141.265310534601,1512.2321996181208,8.0212,3.4874117744775868,10.955252787971395,1.0281261069783918
0.3900833333333333,2006,-14.297124,-170.7131481,-18265.351362837424,-3141.2835556850664,1512.1648067377678,8.0212,3.5090946769719515,10.947942801085555,1.026708030238197
1.09,2007,-14.297124,-170.7131481,-18293.986294661292,-3191.7033214367507,1652.9980669168342,8.0212,3.5193684901566815,10.939922973610766,1.025105955031966
0.7199166666666666,2008,-14.297124,-170.7131481,-18265.357971139667,-3141.2968162179022,1512.1971880200585,8.0212,3.5090946769719515,10.931158644392102,1.0231303844204735
1.459,2009,-14.297124,-170.7131481,-18293.666111697647,-3191.7386123930987,1652.9532859329302,8.0212,3.5403736453146326,10.92172096592159,1.020214551558053
1.2591818181818182,2010,-14.297124,-170.7131481,-18293.14378392717,-3191.7773596183624,1652.8395469059512,8.0212,3.5700396102324032,10.912339233996615,1.0173231821692597
0.8474166666666667,2011,-14.297124,-170.7131481,-18243.05973589616,-3099.247198034425,1394.7962576295254,8.8374,3.015044584586364,10.902445238044054,1.0151014804645468
0.9425,2012,-14.297124,-170.7131481,-18243.580454402876,-3099.213879796547,1394.926776924144,8.8374,2.962935284038653,10.891019293607526,1.012594647274908
1.2911666666666666,2013,-14.297124,-170.7131481,-18243.51653165392,-3099.218638617906,1394.908478745242,8.8374,2.980608483408144,10.877971717988014,1.0097842163146118
1.1465,2014,-14.297124,-170.7131481,-18243.38202183094,-3099.225912824188,1394.876125732585,8.8374,2.980608483408144,10.863144240315053,1.0069954260675713
1.2785,1990,42.5407167,1.5732033,-18251.968090659087,-3192.331766343,1630.8506461637305,0.0,4.055250241081012,10.888725821536315,1.127526907343421
0.4149166666666666,1991,42.5407167,1.5732033,-18251.08495270261,-3192.340610053114,1630.878843068481,0.0,4.086060342634403,10.9229484028988,1.1252108572304862
0.4968333333333333,1992,42.5407167,1.5732033,-18250.67022821716,-3193.682243763397,1639.369479037659,0.0,4.152438926812353,10.955776631598594,1.120530095506034
0.2301666666666666,1993,42.5407167,1.5732033,-18248.197253574715,-3192.5009522961805,1631.2930563766115,0.0,4.147514012195245,10.98793330128666,1.1169481820784426
1.495,1994,42.5407167,1.5732033,-18247.24487540317,-3192.543755567539,1631.4380423227074,0.0,4.182915417038282,11.019251900021803,1.11387012987013
1.2495,1995,42.5407167,1.5732033,-18246.02364434788,-3192.6122536925905,1631.640897673101,0.0,4.279927461718427,11.049730603368106,1.111219217607193
0.5359166666666667,1996,42.5407167,1.5732033,-18332.30581871701,-3185.9608801342583,1656.815247901146,0.0,4.239115676849909,11.0689481926287,1.1063899651934064
1.8163333333333327,1997,42.5407167,1.5732033,-18331.73411060337,-3185.953914599047,1656.9290156186173,0.0,4.255241009540559,11.077222774301275,1.099078341013825
0.9144166666666664,1998,42.5407167,1.5732033,-18343.09477204272,-3184.7415314699665,1653.5079711474893,0.0,4.2462770694367755,11.085000000931881,1.0920440322218299
1.059583333333333,1999,42.5407167,1.5732033,-18345.393930947565,-3184.456369828427,1652.7493476341356,0.0,4.317233414436582,11.092169038293106,1.0848151911596595
1.2825,2000,42.5407167,1.5732033,-18344.82318024286,-3184.433362766424,1652.822215335359,0.0,4.305445221469951,11.098878639030689,1.0777379605180435
1.0459166666666666,2001,42.5407167,1.5732033,-18344.452459875472,-3184.4645225444146,1652.8113071119442,0.0,4.231760276093614,11.12461241567963,1.0759741651106554
1.23475,2002,42.5407167,1.5732033,-18344.613153564715,-3184.395077219357,1652.5849151099944,0.0,4.237889196262135,11.168306130693178,1.0791466134522831
1.82425,2003,42.5407167,1.5732033,-18343.089172957123,-3184.509183230675,1652.8663321429506,0.0,4.208000574904034,11.210562825048497,1.083178307683635
0.9094166666666668,2004,42.5407167,1.5732033,-18343.11126885094,-3184.3964050403247,1652.6687556988925,0.0,4.220814204275527,11.250703190421692,1.0876478888527081
0.581,2005,42.5407167,1.5732033,-18341.966431809215,-3184.4595886734646,1652.8525077644995,0.0,4.225388906370538,11.287604544908211,1.0925891944320654
1.70125,2006,42.5407167,1.5732033,-18342.86490990191,-3184.346811694099,1652.4460965819414,0.0,4.1026384063468155,11.29254060496562,1.0895238591373202
1.0248333333333333,2007,42.5407167,1.5732033,-18341.442253204154,-3184.493402334451,1652.7064974489313,0.0,3.9993908188867495,11.266615635624179,1.07711317195015
0.91125,2008,42.5407167,1.5732033,-18342.152144236345,-3184.3974150460836,1652.3846565940737,0.0,3.9708898479612555,11.239212041745843,1.0631239149305556
1.4820833333333334,2009,42.5407167,1.5732033,-18343.688044377137,-3184.265422936333,1651.9013380459955,0.0,3.949499891305761,11.209818369515634,1.047747123249688
0.3493333333333333,2010,42.5407167,1.5732033,-18339.855913696025,-3183.8296250384287,1647.7996342981842,0.0,3.9315746208313196,11.177718427646736,1.031097353175054
1.94075,2011,42.5407167,1.5732033,-18337.378233804877,-3184.053591678172,1648.4380193211457,0.0,3.878352461550867,11.164317892109255,1.0222668004012037
1.2089166666666666,2012,42.5407167,1.5732033,-18337.69060361599,-3184.060814058836,1648.40560078374,0.0,3.8606307587765607,11.170604155826688,1.0215788424858372
0.7725,2013,42.5407167,1.5732033,-18338.37904095599,-3184.040414309974,1648.2321070853532,0.0,3.8545358316702245,11.175590856613375,1.020354433246518
1.930583333333333,2014,42.5407167,1.5732033,-18337.65855021224,-3184.1199324701165,1648.473592062521,0.0,3.8037538192421763,11.179143606035232,1.0190285569306232
0.6766666666666667,1990,-11.8775768,17.5691241,-18172.738312778532,-2253.6645616414057,1117.2783561073566,9847.2211,1.9525026563615067,16.286034098303663,0.9743330517540122
0.3283333333333333,1991,-11.8775768,17.5691241,-18157.83404040844,-2240.0934379393375,1074.215041889153,9847.2211,1.9525026563615067,16.319295470046235,0.972668598142299
0.3934999999999999,1992,-11.8775768,17.5691241,-18129.01857413503,-2228.4015135103045,1035.5795644830212,9847.2211,1.9525026563615067,16.351783891113456,0.971271645551092
0.3413333333333333,1993,-11.8775768,17.5691241,-18137.38102868859,-2216.59734971554,1008.46857089148,9847.2211,1.9525026563615067,16.383399360252557,0.9690014764941141
0.2213333333333333,1994,-11.8775768,17.5691241,-18096.519693146518,-2177.629547208402,903.3506692596106,9847.2211,1.9525026563615067,16.415383762328336,0.9665168482863938
0.6772499999999999,1995,-11.8775768,17.5691241,-18110.854798226315,-2184.6840044012456,920.7467495588996,9847.2211,1.9525026563615067,16.44828052058983,0.9657346411052337
0.40875,1996,-11.8775768,17.5691241,-18064.70096143754,-2085.6536629755446,873.8786005307254,9847.2211,1.9525026563615067,16.48158184557348,0.9662278543307087
0.1579166666666666,1997,-11.8775768,17.5691241,-18032.100513620946,-2156.6234292303775,878.3438014820852,9847.2211,1.255587547043436,16.514933316144432,0.96670910128711
0.9928333333333332,1998,-11.8775768,17.5691241,-17996.58460558696,-1894.903014120389,660.4641041006021,9847.2211,1.255587547043436,16.547723995789816,0.9668016233713459
0.4640833333333333,1999,-11.8775768,17.5691241,-18030.067801584537,-1948.6773033578409,670.75555031358,9847.2211,1.9525026563615067,16.579988539392094,0.9662917756779389
0.1073333333333333,2000,-11.8775768,17.5691241,-18007.022460160624,-2182.8658755774195,735.0349975361248,9847.2211,1.255587547043436,16.612429754059377,0.9658772769117256
0.3793333333333333,2001,-11.8775768,17.5691241,-17859.53700541772,-2361.117735158369,830.631042527901,35168.665,1.255587547043436,16.645281926389288,0.9655904230183189
0.7259166666666667,2002,-11.8775768,17.5691241,-17817.766277483435,-2285.076296208316,746.6669071415472,35168.665,1.9525026563615067,16.678633242473676,0.9654133310203966
0.8903333333333333,2003,-11.8775768,17.5691241,-17748.955288989473,-2209.0556984537748,631.5153206502562,35168.665,2.643568567235416,16.71276645459775,0.9658409581807875
0.4003333333333334,2004,-11.8775768,17.5691241,-17715.721535116787,-2120.408212194586,551.0400300482489,35168.665,1.9525026563615067,16.747830342834792,0.9665883361166346
0.96625,2005,-11.8775768,17.5691241,-17497.66064959263,-2086.6030536423646,535.4170237083983,35168.665,1.9525026563615067,16.78340688131448,0.9673733521531057
0.6245833333333334,2006,-11.8775768,17.5691241,-17463.130252318515,-2148.5231583252,603.6514217796056,35168.665,2.643568567235416,16.819327065860247,0.9681364837953605
0.8661666666666666,2007,-11.8775768,17.5691241,-17426.15970239326,-2131.6346997053115,543.5249200109142,35168.665,2.643568567235416,16.855722958904206,0.9688645402608281
0.5603333333333333,2008,-11.8775768,17.5691241,-17235.292804897796,-2100.864713607417,518.561277091184,35168.665,3.049727913315003,16.8924320970277,0.9696287142805127
0.65975,2009,-11.8775768,17.5691241,-17107.89879982945,-1991.3835591974253,271.8620545763133,35168.665,3.203425074404503,16.92936683126201,0.9703872959823318
1.19825,2010,-11.8775768,17.5691241,-17191.175048589368,-1919.4903676912047,153.36061416110454,35168.665,3.3367157477953615,16.966714895076237,0.9710741019763733
0.8220000000000001,2011,-11.8775768,17.5691241,-16989.728075575385,-2018.9225444816677,178.704802076887,35168.7283,3.4551488067546283,17.004302857347767,0.9717324815397307
0.6305000000000001,2012,-11.8775768,17.5691241,-16515.27789204465,-1984.1750223619065,92.73286723130279,35168.7283,3.4551488067546283,17.041889881046536,0.9723435825151285
1.0335,2013,-11.8775768,17.5691241,-16046.947531080044,-2073.46071908738,124.80417435218338,35168.7283,3.7428087711390168,17.07924513387661,0.9729212496127274
0.85325,2014,-11.8775768,17.5691241,-15588.222918147609,-2058.5091336084074,52.42216554454519,35168.7283,3.7428087711390168,17.116089348437832,0.9734907489402111
0.3925833333333333,1990,18.1954947,-63.0750234,-17577.491429567614,-2566.115027675775,-882.1296018380857,13.503480000000001,0.3244719488986325,9.025936648977904,0.9818875119161106
0.3954166666666667,1991,18.1954947,-63.0750234,-17599.909767906647,-2600.207971414774,-783.6309726104168,9.002320000000001,0.3804891220379873,9.061492275239766,0.9863992623328723
0.4215,1992,18.1954947,-63.0750234,-17577.32735060549,-2566.1097219384906,-882.1124034247665,9.002320000000001,0.30932124755526214,9.092232283495854,0.986142154671435
0.5701666666666666,1993,18.1954947,-63.0750234,-17322.968228790523,-2154.510953628609,-2052.4035322359214,9.002320000000001,0.1874749220347493,9.118334726180159,0.9836885602435842
0.5725,1994,18.1954947,-63.0750234,-17322.95236394743,-2154.5018257735037,-2052.4802771300224,4.5011600000000005,0.14557112331921884,9.143773127704069,0.9822033898305085
0.6666666666666666,1995,18.1954947,-63.0750234,-17677.997201229435,-2719.443930365879,-439.24365283957667,4.5011600000000005,0.6468937960424833,9.169622538697624,0.9804042904290429
0.247,1996,18.1954947,-63.0750234,-17677.967136794156,-2719.4448256551136,-439.22084597352693,4.5011600000000005,0.6941466808930288,9.196444266784072,0.9787319422150883
0.6224166666666666,1997,18.1954947,-63.0750234,-17677.819377603282,-2719.43416775462,-439.29339464592556,4.5011600000000005,0.452857470410765,9.223454011121566,0.9769756097560975
1.0121666666666669,1998,18.1954947,-63.0750234,-17677.776773045563,-2719.4346937032315,-439.2680261139008,4.5011600000000005,0.7540541154634667,9.251194365984448,0.9751611679939325
0.478,1999,18.1954947,-63.0750234,-17677.706411152896,-2719.429502401187,-439.2693091044261,9.002320000000001,0.8618767838344329,9.27995971385624,0.9729481045270519
0.29275,2000,18.1954947,-63.0750234,-17682.014173350377,-2722.2603206559243,-420.09064378746325,4.5011600000000005,0.8989817927515179,9.310004695089129,0.9714489650249821
0.6080833333333333,2001,18.1954947,-63.0750234,-17681.898319666197,-2722.253217015414,-420.098796962342,4.5011600000000005,1.1044618134570012,9.336356092559043,0.970981754995656
0.703,2002,18.1954947,-63.0750234,-17681.900295315252,-2722.256837767575,-420.0917943540455,0.0,1.0868095765489583,9.355392643675321,0.9705130390318731
0.7937500000000001,2003,18.1954947,-63.0750234,-17693.69924998448,-2740.0479254545735,-368.6495653128829,2.2732,1.209497514968636,9.371097750854297,0.9701392383828217
0.5129166666666667,2004,18.1954947,-63.0750234,-17693.525543042844,-2740.0350980215007,-368.6201201104927,3.4097999999999997,1.4993774805637794,9.387146748082028,0.9706076618229855
0.8119166666666667,2005,18.1954947,-63.0750234,-17693.621503498027,-2740.041392022245,-368.5427995596599,3.4097999999999997,1.502275774829646,9.403272107882152,0.9697904823777814
0.7479166666666667,2006,18.1954947,-63.0750234,-17693.44332835268,-2740.031340558365,-368.4498057279976,4.5464,1.8402162444962493,9.41938499891089,0.9688498402555911
0.91775,2007,18.1954947,-63.0750234,-17693.07007704768,-2740.0258190227055,-368.46848731181325,4.5464,1.883304995852153,9.435481925953065,0.967483506126296
0.3566666666666667,2008,18.1954947,-63.0750234,-17693.00079096895,-2740.02469872246,-368.45475302406646,3.4097999999999997,1.3519616820393854,9.451716691551452,0.9663268458449181
0.64725,2009,18.1954947,-63.0750234,-17692.91507053768,-2740.026724621953,-368.42764360721617,4.56096,1.2790988295163346,9.468542139105455,0.9659832953682612
1.0116666666666667,2010,18.1954947,-63.0750234,-17692.616038450305,-2740.0214359435736,-368.418344697931,4.57552,1.2436933925208684,9.485848643496254,0.9653834676216055
0.5259166666666667,2011,18.1954947,-63.0750234,-17692.651309482346,-2740.023041389252,-368.4473322517189,4.59008,1.2237166063625322,9.498672233269462,0.9649484536082474
0.6701666666666667,2012,18.1954947,-63.0750234,-17692.7133645079,-2740.0245131171696,-368.44992200449366,4.59008,1.2166915767337108,9.507106063161006,0.9645203679369251
0.78425,2013,18.1954947,-63.0750234,-17692.866165988125,-2740.0358146892254,-368.43287874023747,4.59736,1.221832368626702,9.525224101853109,0.9657101865136298
0.7905833333333333,2014,18.1954947,-63.0750234,-17692.645131814807,-2740.0270916767886,-368.4105778471869,5.74124,1.2756141654658115,9.555347511047232,0.967670011148272
0.363,1990,17.2234721,-61.9554608,-18531.765219824098,-3411.288806429673,2608.3400730200715,29.24438,1.9712158141087353,11.056082848402292,0.9287324115246391
0.4095,1991,17.2234721,-61.9554608,-18531.35193016321,-3411.2599874266543,2608.3454329026463,29.24438,2.0491111918720017,11.060903197680215,0.9332239640296512
0.5203333333333333,1992,17.2234721,-61.9554608,-18531.401781383996,-3411.220647546878,2608.255816403102,0.0,1.8990880469805795,11.076882585647922,0.9308686953145997
0.5505833333333333,1993,17.2234721,-61.9554608,-18531.159884768083,-3411.1754478552048,2608.126696872113,29.24438,1.728571147272297,11.094891701186208,0.9242955688062668
0.4824166666666666,1994,17.2234721,-61.9554608,-18530.890835561622,-3411.1105184506728,2607.737720245295,29.24438,1.770212321139958,11.11353685748066,0.9177960770858352
0.7074166666666667,1995,17.2234721,-61.9554608,-18530.552563062978,-3411.072019437738,2607.626632082042,40.3683,2.1271001134590795,11.13309886341707,0.9116800357751754
0.286,1996,17.2234721,-61.9554608,-18529.92546314807,-3411.0673715929743,2607.63482633321,32.94846,2.1825394996834033,11.153360635044821,0.9056433778360226
0.605,1997,17.2234721,-61.9554608,-18529.250218532172,-3411.012469784635,2607.371298385835,0.0,2.0103325920275035,11.173500874438023,0.9000080036283115
0.9965833333333332,1998,17.2234721,-61.9554608,-18528.598924969414,-3411.0259971518403,2607.5027227684695,29.24438,2.5065458248914814,11.192334451490053,0.8951766641422715
0.508,1999,17.2234721,-61.9554608,-18527.76955976553,-3411.047825641765,2607.68040994245,29.24438,2.641290548410566,11.20939852295661,0.8909551986475064
0.3415833333333333,2000,17.2234721,-61.9554608,-18527.061574012805,-3411.04066188965,2607.5681320717877,29.24438,2.7535970160581806,11.225976457094276,0.8882711079802758
0.6583303098551351,2001,17.2234721,-61.9554608,-18526.261837484504,-3411.0666937093815,2607.621644262204,29.38548,2.8756472152755497,11.241300451833114,0.8872793006958374
0.6405833333333333,2002,17.2234721,-61.9554608,-18525.09858113137,-3411.0732122790555,2607.73963638469,29.24438,2.9500181235983005,11.254089967076027,0.8876852349977992
0.7734166666666668,2003,17.2234721,-61.9554608,-18524.130673500273,-3411.128260626848,2608.0071028361017,29.24438,2.943101242690593,11.265412373872007,0.8890851460233734
0.4857499999999999,2004,17.2234721,-61.9554608,-18523.111180840016,-3411.1960705394927,2608.3158995516815,29.24438,3.0750285488700424,11.2764560169856,0.8906665389313343
0.8455833333333334,2005,17.2234721,-61.9554608,-18521.653769083696,-3411.2649650119574,2608.7415747461055,29.24438,3.162216580540066,11.288143071487493,0.8922267762799403
0.6854999999999999,2006,17.2234721,-61.9554608,-18520.605085741678,-3411.2978045613972,2609.1131267459155,29.38548,3.101950920911468,11.300919658066475,0.8938546178157556
0.916,2007,17.2234721,-61.9554608,-18519.18850724063,-3411.316486584223,2609.1136268338523,29.38548,3.3580219254778276,11.314657436346586,0.8954240813496649
0.3348333333333333,2008,17.2234721,-61.9554608,-18518.21644823498,-3411.3716057667875,2609.3400921119664,0.0,2.861080253260765,11.32960340784269,0.8970899892897022
0.56575,2009,17.2234721,-61.9554608,-18517.105465527424,-3411.4795773812834,2609.7508690843624,0.0,2.778986959793386,11.344909099281331,0.8987017654193432
1.1380833333333331,2010,17.2234721,-61.9554608,-18515.48200678722,-3411.66788441186,2610.9191683575104,0.0,2.924247012929796,11.358538090466329,0.9002150919129875
0.5876666666666667,2011,17.2234721,-61.9554608,-18515.018861033168,-3411.688808889978,2610.9594531714597,0.0,2.8649456819428476,11.370543593576286,0.9024523997543213
0.71225,2012,17.2234721,-61.9554608,-18514.981547977615,-3411.78246371616,2611.3739010882696,0.0,2.8602446831072466,11.381392075008378,0.905067141801747
0.8019166666666666,2013,17.2234721,-61.9554608,-18514.357538515436,-3411.8388147794753,2611.580376705183,0.0,2.9487716846904886,11.390723932116376,0.9072218271157949
0.7153333333333333,2014,17.2234721,-61.9554608,-18513.359723670394,-3411.8946714576177,2611.854061709186,0.0,3.0699859493781316,11.39903982459254,0.9088731068708822
0.3300833333333333,1990,-34.9964963,-64.9672817,-7965.972582980866,1241.524979481515,-6992.266316778079,81523.288,8.712303900579364,17.30097727175596,0.9691914048516903
0.1930833333333333,1991,-34.9964963,-64.9672817,-7798.167662518159,1226.629868628675,-6912.114804808976,81523.288,8.479077531466698,17.31521790374723,0.9696907243237789
-0.2140833333333333,1992,-34.9964963,-64.9672817,-9026.846843645251,1520.5251460545026,-7772.231317936545,81523.288,8.83155150776031,17.32909231016093,0.9700765481604431
0.1254166666666666,1993,-34.9964963,-64.9672817,-8775.040600158449,1520.0722612048519,-7661.537302211539,81523.288,8.929802386324319,17.34267193828047,0.9703671654035915
0.6264166666666666,1994,-34.9964963,-64.9672817,-8421.692874915027,1548.1897370256634,-7760.245899189058,81523.288,9.096863429279596,17.356142176137972,0.9708807221205124
0.266,1995,-34.9964963,-64.9672817,-8785.645470450256,1714.342062177041,-8093.454431709622,81523.288,9.108611719777368,17.36931768997429,0.9715158983931739
0.3536666666666666,1996,-34.9964963,-64.9672817,-8864.741476942621,1808.798596578137,-8147.711507873395,81523.288,9.185680111862464,17.381921824467707,0.9719692253581872
0.7319999999999999,1997,-34.9964963,-64.9672817,-8152.749537035214,1851.3474757990957,-8189.258219603004,81523.288,9.172511850873667,17.393904469208618,0.9722338043879044
0.3909166666666666,1998,-34.9964963,-64.9672817,-8154.517612575057,1834.4387169508223,-7869.665480771164,81523.288,9.124714975889319,17.405486245568753,0.9724048261137961
0.1431666666666666,1999,-34.9964963,-64.9672817,-8183.032513442373,2087.3710250802237,-8525.023918923063,81523.288,9.122779280284744,17.417006684105207,0.9726582043308996
-0.2069166666666666,2000,-34.9964963,-64.9672817,-8047.416278441956,1835.3057230255793,-8073.730148910363,81523.288,9.093714495303026,17.428339454326263,0.9728961553436748
0.4805833333333333,2001,-34.9964963,-64.9672817,-7564.532219248737,1688.4969915841223,-7846.883205562306,127768.6667,9.02725044406073,17.43933116892995,0.9730345836091098
0.23375,2002,-34.9964963,-64.9672817,-7932.322564271706,1737.9545603729073,-8161.382607393432,127768.6667,9.035432771759899,17.45006655242613,0.9730401205707079
0.5639166666666667,2003,-34.9964963,-64.9672817,-6403.424295351796,1724.924201335395,-8403.156369418319,127768.6667,9.179209464724883,17.460390134891796,0.9732576221764385
0.5835833333333333,2004,-34.9964963,-64.9672817,-5597.667794507863,1763.982652138282,-8572.686483847294,127768.6667,9.383397521367684,17.47054355371245,0.9737239505760472
0.2284166666666666,2005,-34.9964963,-64.9672817,-5186.295873005329,1753.5748129759563,-8592.675327444354,127768.6667,9.673041685342909,17.480878264492237,0.9741195082398351
0.6690833333333334,2006,-34.9964963,-64.9672817,-4151.944692207548,1740.9702513318482,-8702.017311401472,127768.6667,9.351854604281165,17.491225007443642,0.9745586236848793
-0.19575,2007,-34.9964963,-64.9672817,-3700.6004149605046,1739.725400838558,-8783.115126100714,127768.6667,9.22238197005048,17.501288005827778,0.974971188512194
0.6600833333333334,2008,-34.9964963,-64.9672817,-3687.53488511147,1810.3642072416849,-8917.203530374907,127768.6667,9.57035751753165,17.511210921693653,0.9753936659316162
0.7487500000000001,2009,-34.9964963,-64.9672817,-3557.071791293807,1743.500101857399,-8576.591116518732,127768.6667,9.531108462896823,17.52135378520692,0.9760247981177506
0.1950833333333333,2010,-34.9964963,-64.9672817,-3088.13507176657,1669.0763881045261,-8106.722702692479,127768.6667,9.349130877441867,17.531521647831887,0.9767625755995212
0.39875,2011,-34.9964963,-64.9672817,-2040.2356556137333,1655.047862230161,-8101.047275952519,97341.75,9.17631401596104,17.541703619399115,0.9774729270349785
0.7792499999999999,2012,-34.9964963,-64.9672817,-2040.7790973986807,1682.235560214636,-8288.3660089942,97341.75,9.203829572646802,17.552045342090683,0.9779737336117962
0.5914166666666666,2013,-34.9964963,-64.9672817,-841.0010529402391,1662.2597607146838,-8207.864958650964,97341.75,9.52688463030225,17.562382207392425,0.9783407414072846
0.76925,2014,-34.9964963,-64.9672817,-203.78621858307747,1563.0157285196162,-8109.416895259007,97341.75,9.441758395230583,17.572610512029712,0.978831190765158
-1.3024166666666666,1992,4.536307,-75.6723751,-18184.97771662663,-3362.2060018344223,2452.7632211739206,54.2254,4.995069438992156,15.089351250838048,0.9319318643058313
-0.867,1993,4.536307,-75.6723751,-18402.52256581972,-3365.2845118023497,2573.9465267012033,54.2254,4.25149929678384,15.056012668393091,0.9213568066794448
0.2279166666666666,1994,4.536307,-75.6723751,-18453.51603623433,-3357.737346230283,2554.30774180971,54.2254,4.287059146144194,15.031524772638672,0.9133693127166476
0.9519166666666666,1995,4.536307,-75.6723751,-18364.66378199887,-3364.1735444042274,2572.63407133264,54.2254,4.512748929224263,15.016313242766877,0.9082317754261354
0.8689166666666667,1996,4.536307,-75.6723751,-18352.647750546083,-3366.4313993715555,2567.6332395293357,54.2254,4.007896662812794,15.009099031272594,0.905529267154337
0.2886666666666667,1997,4.536307,-75.6723751,-18326.05371098053,-3364.3250969523956,2555.71396508301,54.2254,4.267988297623633,15.000734393700682,0.9029647196787653
1.5103333333333333,1998,4.536307,-75.6723751,-18315.998901348838,-3365.7768362667916,2563.2628007045196,54.2254,4.352830804050169,14.991253626448508,0.9004664736026612
1.4438333333333333,1999,4.536307,-75.6723751,-18305.32852233041,-3362.670830878347,2544.6978274976564,54.2254,4.134948933064041,14.980543657650339,0.8977222212027993
0.9438333333333334,2000,4.536307,-75.6723751,-18313.789885512448,-3357.4280895728834,2526.3285803166095,54.2254,4.59616072238049,14.968776422279117,0.8947884592499481
1.40125,2001,4.536307,-75.6723751,-18276.890943537517,-3359.819380318774,2529.8235036806454,207.196,4.625278648864743,14.957544020357906,0.8919039849668553
0.71875,2002,4.536307,-75.6723751,-18174.012066027626,-3368.7544001822093,2560.0357932275806,207.196,4.727478080125382,14.94853651160011,0.8884921380692852
0.56425,2003,4.536307,-75.6723751,-18091.594575352698,-3370.5019030821572,2559.097044830868,207.196,4.985633333662774,14.941770762804843,0.8845966765211631
0.9085,2004,4.536307,-75.6723751,-17926.805953767955,-3382.973112743715,2588.3212410132282,207.196,5.091143124352742,14.935800838515613,0.8810495734152245
0.9038333333333334,2005,4.536307,-75.6723751,-17765.91263109876,-3397.6692973199733,2627.210028179016,207.196,5.237651868896196,14.929749118023382,0.8774113415533503
1.2939166666666666,2006,4.536307,-75.6723751,-17722.901234695622,-3399.8867743456008,2627.2674936125086,207.196,5.257047876083072,14.922913098913938,0.8733234255876096
0.7416666666666666,2007,4.536307,-75.6723751,-17571.573246271102,-3408.9251188741796,2649.5435795567814,207.196,5.389228338557278,14.915586108875157,0.8691010327236531
0.8749166666666667,2008,4.536307,-75.6723751,-17484.850898317687,-3413.613497013416,2656.216036294162,207.196,5.497375580842734,14.908581186626044,0.8648572457263729
1.0249166666666667,2009,4.536307,-75.6723751,-17632.534162163178,-3399.693592363081,2640.9483919273366,207.196,5.353752546472922,14.902150462807336,0.8605382592906184
2.8600833333333333,2010,4.536307,-75.6723751,-17577.35511845846,-3398.029156158083,2658.2477896309742,207.196,5.34058295857982,14.896058667359402,0.8562571232901741
0.21975,2011,4.536307,-75.6723751,-17573.54267519323,-3391.7351409251883,2635.5766960423252,35.3649,5.440170165037589,14.890163431853459,0.852136455959388
1.3941666666666668,2012,4.536307,-75.6723751,-17489.337310848805,-3391.0144844167085,2624.955151140394,35.3649,5.555160649173568,14.885181730250311,0.8486208388253249
1.0041666666666669,2013,4.536307,-75.6723751,-17462.540253109924,-3387.7504760479897,2609.2339405105454,35.3649,5.504462866064991,14.880698767155604,0.8454381872963433
1.825583333333333,2014,4.536307,-75.6723751,-17452.351924666145,-3384.4710285606084,2604.1649651400053,35.3649,5.514300140584111,14.876742838341984,0.8421500515368302
0.285,1990,12.5013629,-69.9618475,-18093.353734153323,-2901.766378481312,793.1218499393972,0.0,1.3889159218248424,11.093021618159923,0.9626941457586619
0.2924166666666666,1991,12.5013629,-69.9618475,-18091.687987784524,-2901.157313520997,791.9688347805237,0.0,1.5842431737995444,11.125260981487571,0.9581614103932827
0.52225,1992,12.5013629,-69.9618475,-18091.71055592681,-2900.7636660998483,791.051144305285,0.0,1.5520630045727768,11.158989623405995,0.9529784925294232
0.713625,1993,12.5013629,-69.9618475,-18090.004757021314,-2900.3039564003197,789.4619872690449,0.0,1.893563668683104,11.189408939509232,0.9484611034817029
0.5144166666666666,1994,12.5013629,-69.9618475,-18088.11518089695,-2899.803659826901,786.4742336229126,0.0,1.7042934434467791,11.221369230969847,0.9437000806514556
0.8070833333333334,1995,12.5013629,-69.9618475,-18086.72338544286,-2899.517029215285,785.4197875107772,0.0,1.8788541760789887,11.252196862078705,0.9396082972510321
0.3446386485700046,1996,12.5013629,-69.9618475,-18086.67801488309,-2899.4093883630258,785.6810604317798,0.0,1.8986837615495626,11.282467730111303,0.9363388111376603
0.6558610648257753,1997,12.5013629,-69.9618475,-18084.957993168144,-2899.1735369032976,784.2440959757678,0.0,1.8450316376854812,11.312741317790929,0.933531746031746
0.8257602278927303,1998,12.5013629,-69.9618475,-18085.140055424614,-2899.134771516686,784.6591523165981,0.0,1.8198284891556473,11.342789363040076,0.9308505768174327
0.8033606375929208,1999,12.5013629,-69.9618475,-18083.173754974738,-2899.1109771893252,785.5233264232766,0.0,1.8434027023798933,11.372121980378239,0.9282130965593784
0.8058843201254766,2000,12.5013629,-69.9618475,-18081.77567796471,-2898.882377191974,784.2733920884899,0.0,1.9282552138165927,11.397537059896091,0.9257386154876915
0.8122442936151252,2001,12.5013629,-69.9618475,-18160.40324034478,-3020.629002741088,1136.4203069326854,0.0,2.0412333157882947,11.415213402954866,0.9223154860316249
1.136,2002,12.5013629,-69.9618475,-18078.602095937993,-2898.720981813288,784.385048881345,0.0,1.982655272992144,11.427160583509428,0.918860153456963
1.0299166666666666,2003,12.5013629,-69.9618475,-18078.80474796796,-2898.777075322788,785.1509388596749,0.0,1.9235184587404122,11.437134538982278,0.9163393558523174
0.62175,2004,12.5013629,-69.9618475,-18078.985532968956,-2898.773374315236,785.5028120428691,0.0,1.9241756569093071,11.446144431279878,0.9137835791885754
0.7575833333333333,2005,12.5013629,-69.9618475,-18158.779914221734,-3020.722406894268,1138.9966073817723,0.0,2.0679254857185883,11.456175203119042,0.9120694540008905
0.6429999999999999,2006,12.5013629,-69.9618475,-18159.987927290982,-3020.807892761895,1140.043411168301,0.0,2.1699904043824505,11.468001318116233,0.911528310940499
0.8631666666666667,2007,12.5013629,-69.9618475,-18167.181019452226,-3033.800537098891,1177.629521554404,0.0,2.721045396597021,11.480267966725288,0.9114266529741686
0.5783333333333333,2008,12.5013629,-69.9618475,-18167.729360901547,-3033.7707134201783,1177.7003246329184,0.0,2.588493092708976,11.492681940493169,0.9112966141363708
0.8343966144509181,2009,12.5013629,-69.9618475,-18167.615853958647,-3033.8441339985675,1178.1383904480774,0.0,2.5927216507307995,11.505004174222218,0.9108804098692194
1.243818181818182,2010,12.5013629,-69.9618475,-18166.065705904453,-3033.779077527141,1178.0807587299996,0.0,2.435313663443068,11.516339630070016,0.9118588522216294
0.5230833333333333,2011,12.5013629,-69.9618475,-18166.758409439433,-3033.6896753673677,1177.6883412626757,0.0,2.4282216532801453,11.525713350313504,0.9117969044922613
0.52325,2012,12.5013629,-69.9618475,-18167.188254737124,-3033.7013871209456,1177.7137251710756,0.0,2.522611791966649,11.53382552907797,0.9093492894540015
1.1209166666666668,2013,12.5013629,-69.9618475,-18167.205668136987,-3033.7046955502083,1177.8836079460905,0.0,2.6032376834142132,11.541318539471446,0.9068448464404204
1.11925,2014,12.5013629,-69.9618475,-18166.77751273605,-3033.6987242894807,1178.1043271884353,0.0,2.6033413249330986,11.548234692072462,0.9041964597540577
0.6260833333333333,1990,-24.7761086,134.755,3345.2465360617034,-1129.7933696038976,-5810.032446384262,58561.2819,8.307704807485957,16.65154368739219,0.9947349213438341
0.7111666666666667,1991,-24.7761086,134.755,2634.8514659975212,-1083.9402010560482,-5897.392520440628,58561.2819,8.310665331764163,16.66454427385873,0.993704928736164
0.2488333333333333,1992,-24.7761086,134.755,2168.690147781374,-997.1158356157854,-5965.380465364863,58561.2819,8.3239758020432,16.675566454344047,0.9926491371388542
0.481,1993,-24.7761086,134.755,2371.7269713005844,-1041.1181940460276,-5657.506860150258,58561.2819,8.357138916278748,16.68519825688413,0.9917421517060074
0.3403333333333333,1994,-24.7761086,134.755,2346.0438550747554,-989.1479599168689,-5940.082678120394,58561.2819,8.38125490454427,16.695018180948825,0.9909800700764893
0.3085833333333333,1995,-24.7761086,134.755,2511.50945335798,-957.4254769698313,-5782.870869406944,58561.2819,8.414735237026658,16.70604891309346,0.9902429117975101
0.6424166666666666,1996,-24.7761086,134.755,2729.2443703214244,-836.3845876690531,-5989.226656140876,58561.2819,8.417199294111684,16.71758276452864,0.9891785885143947
0.4539166666666667,1997,-24.7761086,134.755,3356.3196589206323,-744.2647564830286,-6067.976602706477,58561.2819,8.454659102727721,16.72841818701094,0.9878949537634463
1.02775,1998,-24.7761086,134.755,4628.278659893503,-911.9545210189191,-5813.4311465509345,58561.2819,8.473880138451282,16.738761758323385,0.9867700449268849
0.4923333333333333,1999,-24.7761086,134.755,5005.7419527284865,-820.9155785282081,-6075.6713813698,58561.2819,8.497225334070325,16.749414873483126,0.9858586112514467
0.2165,2000,-24.7761086,134.755,6216.961514263748,-1042.2187920245776,-6054.9242293061125,58561.2819,8.513592757626315,16.76089451155434,0.985109976120807
0.2898333333333333,2001,-24.7761086,134.755,7009.004108941488,-1073.2614282459167,-6072.971282473835,68313.3939,8.514435372126007,16.772925094559245,0.9848143436838246
0.86525,2002,-24.7761086,134.755,7701.549845836858,-1164.3173259957127,-5304.152135415547,68313.3939,8.628480920388071,16.784685486394363,0.9850085603925041
0.8398333333333333,2003,-24.7761086,134.755,8572.106161849266,-1542.39036083915,-3376.46901884057,68313.3939,8.826672268717564,16.796078380234494,0.9852724602413871
0.6848333333333333,2004,-24.7761086,134.755,9191.566173195,-1588.117233092669,-3969.2461551614915,68313.3939,8.8278967491954,16.807488593176128,0.9856200652995607
1.2486666666666666,2005,-24.7761086,134.755,10057.06988552276,-1764.676891517574,-3138.556039480786,68313.3939,8.881527423971978,16.819792726773557,0.9861181565048895
0.6626666666666666,2006,-24.7761086,134.755,11946.467896133217,-1682.9304085346262,-3325.6953120408507,68313.3939,8.806038696817362,16.83432590559375,0.986900571828866
0.92,2007,-24.7761086,134.755,12760.270458802703,-2068.9394420050025,-2243.439272068027,68313.3939,8.790471495868179,16.851944562807187,0.988238077798582
0.6205833333333334,2008,-24.7761086,134.755,13352.036117249474,-2299.5060544465646,-1223.9410564342863,68313.3939,8.801549389273509,16.871767307143767,0.9899406619870438
1.0974166666666667,2009,-24.7761086,134.755,14083.022846550572,-2243.8197394501567,-1270.4603825323736,68313.3939,8.797875875198972,16.89101898059129,0.9911364067148724
0.5539999999999999,2010,-24.7761086,134.755,14709.259070593125,-2471.08190242214,-531.3431966962685,68313.3939,8.82248105341161,16.9074239047121,0.9912643315180673
0.2195,2011,-24.7761086,134.755,14974.88374589087,-2082.3314784331283,-2293.928512010968,0.0,8.811110280689423,16.92265154986773,0.9909146679259655
0.43825,2012,-24.7761086,134.755,14958.654528941353,-1977.863571956983,-2499.1415028236893,0.0,8.82967362696417,16.939164035170794,0.9905758571727712
1.4629166666666666,2013,-24.7761086,134.755,15072.325390050868,-2060.1800741259117,-1563.987632866571,0.0,8.844787276480297,16.955853045486222,0.9897552290327943
1.2114166666666668,2014,-24.7761086,134.755,15705.78610492418,-2220.86920912137,-1220.4750475888818,0.0,8.837992228335636,16.971215672481744,0.9882726244185766
1.0695,1990,47.59397,14.12456,-7248.793253905913,-3759.0361158500787,3792.1776259980256,1810.7327,7.269409416138355,15.853964596636414,0.9181673773137664
0.0893333333333333,1991,47.59397,14.12456,-7296.442527976364,-3761.6302787435197,3801.447604446192,1810.7327,7.2497369535964,15.863930491773907,0.922454004944676
1.3746666666666665,1992,47.59397,14.12456,-7769.21803435963,-3739.8788460355177,3762.0016026213248,1810.7327,7.217211563291086,15.874853596080865,0.9259672924261859
0.65725,1993,47.59397,14.12456,-7673.289977764317,-3767.067942635044,3836.973924825908,1810.7327,7.13789923022013,15.883041069125003,0.9288022423583799
1.9740833333333327,1994,47.59397,14.12456,-6399.753943479086,-3904.646601699449,4196.765025712007,1810.7327,7.08665130868509,15.886839909624497,0.930870238592026
0.7331666666666666,1995,47.59397,14.12456,-5683.936142753316,-3988.4790630636353,4446.53321512492,1810.7327,7.109593801359817,15.888342177159487,0.9319449225305959
-0.3254999999999999,1996,47.59397,14.12456,-4351.953862191455,-4100.732038671111,4756.769392448025,1810.7327,7.116864812532475,15.889693422003992,0.9325413467737921
0.8339166666666666,1997,47.59397,14.12456,-5600.588619114894,-3965.3411817159877,4379.541087532403,1810.7327,7.116789277057114,15.890830241446123,0.9331542147462493
1.1074166666666667,1998,47.59397,14.12456,-7544.281753108196,-3765.494223551435,3858.7427939069958,1810.7327,7.126851932641128,15.891930288568414,0.9339905199847528
1.0880833333333333,1999,47.59397,14.12456,-8281.188509418642,-3720.14879833878,3789.5241836844098,1810.7327,7.130727055543908,15.893873643319084,0.9351614673309495
1.9569166666666664,2000,47.59397,14.12456,-8480.501170029072,-3692.8686842411093,3720.8368844692254,1810.7327,7.098990656040348,15.896254750825529,0.9366832698364035
1.0916666666666666,2001,47.59397,14.12456,-8329.671843868191,-3697.09574093284,3740.8343865096545,156.2675,7.097134703660171,15.899893122660245,0.9388561470628096
1.8036666666666668,2002,47.59397,14.12456,-7182.526027901987,-3781.736141816723,3945.9461901137443,156.2675,7.07368268302515,15.904777670239794,0.9412398910174976
1.466,2003,47.59397,14.12456,-5603.666157351288,-3960.7778537980303,4447.803479424817,156.2675,7.093198375364713,15.909853519937613,0.9428377557448762
0.80425,2004,47.59397,14.12456,-5978.446111862856,-3888.3363220151,4242.30187130235,156.2675,7.082238865650589,15.91612829297033,0.9442046340847109
0.5154166666666667,2005,47.59397,14.12456,-6027.588544193782,-3878.9472545207173,4227.224616456868,156.2675,7.021376064480868,15.92293624042669,0.945932540503821
1.19925,2006,47.59397,14.12456,-4743.677857667897,-4010.9161209521526,4572.120212831314,156.2675,7.000779757651642,15.927874655593154,0.9471888836552049
1.9051666666666665,2007,47.59397,14.12456,-4099.972174156036,-4080.7982024690123,4778.899029229084,156.2675,6.976702442757841,15.93112996687991,0.947637210298333
1.69175,2008,47.59397,14.12456,-3517.4609446917825,-4138.103922054244,4940.758335306973,156.2675,6.969716982976249,15.93430886123469,0.9479924010539266
1.4745,2009,47.59397,14.12456,4478.631397371013,-4965.261467726782,7341.674760612311,156.2675,6.927157139707612,15.936925750753266,0.948590723441168
0.45175,2010,47.59397,14.12456,10942.68197177095,-5616.7586637158365,9202.962576617052,156.2675,6.929437706972829,15.939307324946675,0.9491556671408939
1.7540000000000002,2011,47.59397,14.12456,10489.420186700125,-5570.858635571874,9060.853586224312,354.288,6.900698740071358,15.94269409562953,0.9501388955704712
1.6013333333333335,2012,47.59397,14.12456,6681.046397062175,-5196.870321686115,8007.39998147655,354.288,6.8869702592965325,15.94726414992361,0.9518056834497559
1.2689166666666667,2013,47.59397,14.12456,6480.3105288872075,-5175.412206866829,7970.609287883536,354.288,6.903383135075143,15.95316652515186,0.9537385718498858
2.41325,2014,47.59397,14.12456,7591.064598407528,-5296.586805567926,8325.85869095039,354.288,6.897021780533271,15.960981618067589,0.9563861573356363
-0.86275,1992,40.3936294,47.7872508,-16879.42793705829,-3228.2190099111913,1236.7869641720445,0.0,7.659156556235615,15.849344976719651,0.9346755062636875
-1.00175,1993,40.3936294,47.7872508,-17092.585167020316,-3191.525313518132,1088.014021221361,0.0,7.9135346602047285,15.861926069759761,0.9354540014708247
-0.0416666666666666,1994,40.3936294,47.7872508,-17354.775792785626,-3187.9219997472223,1306.7844684373022,0.0,7.525929959946026,15.872435364988482,0.9345495313677887
1.16325,1995,40.3936294,47.7872508,-17493.247869511568,-3155.171988012997,1185.4245583476568,0.0,7.295447989482409,15.881021771599116,0.9318713856979423
0.5795833333333333,1996,40.3936294,47.7872508,-17348.739139148223,-3137.606837778469,1135.751227593114,0.0,7.0095661922487595,15.888569398475283,0.9291597935104462
0.3240833333333333,1997,40.3936294,47.7872508,-17553.940463009596,-3168.4131944689007,1551.8356210674674,0.0,6.8883686671395274,15.894959849614079,0.9265461797969002
1.356,1998,40.3936294,47.7872508,-17582.42757187292,-3144.345686595351,1580.8999350598067,0.0,5.952985119134939,15.9000759502726,0.9239718382313357
1.2526666666666666,1999,40.3936294,47.7872508,-17512.130958516496,-3128.9087511240864,1526.4988749371105,0.0,5.3149542037007365,15.907553615967549,0.9235321505965325
0.9889166666666668,2000,40.3936294,47.7872508,-17480.074073051852,-3118.00532876156,1619.791734701232,0.0,5.448176421943498,15.918465480628749,0.9256802556747046
1.4176666666666666,2001,40.3936294,47.7872508,-17333.953717577748,-3121.38675122518,1617.474078296904,180.7511,5.691007892691102,15.929597820190773,0.9282832878233044
0.9151666666666666,2002,40.3936294,47.7872508,-17116.068527018186,-3117.633145288175,1622.6497829293357,180.7511,5.906055068212408,15.940418532045966,0.9309341709505832
0.3459166666666666,2003,40.3936294,47.7872508,-16822.972197416868,-3129.279175109989,1640.8393229261442,180.7511,5.619830413184967,15.951134162008039,0.9335931314585368
1.1434166666666667,2004,40.3936294,47.7872508,-16509.582665917453,-3145.4987625214294,1706.848520921148,180.7511,5.935963729284602,15.96216251683617,0.9371199725783691
1.1274166666666667,2005,40.3936294,47.7872508,-16388.7061827201,-3138.8688348666547,1667.7410853203105,180.7511,6.489799131653028,15.973790544022059,0.941581435075767
1.1440833333333331,2006,40.3936294,47.7872508,-16301.654782209785,-3132.2660129795277,1642.3146892852337,180.7511,5.266343094406497,15.986089266346319,0.9461344708384762
1.04075,2007,40.3936294,47.7872508,-16277.413092913936,-3133.216978122667,1605.7651785730247,180.7511,6.541602995169508,15.999133157514981,0.9507627683026052
0.8305833333333333,2008,40.3936294,47.7872508,-16136.672628514778,-3127.801174235375,1568.6045806626685,180.7511,6.764278249207717,16.012701356952235,0.9554757887623702
1.0505833333333332,2009,40.3936294,47.7872508,-16488.619066632073,-3084.621154418801,1441.1485443558422,180.7511,7.031221600796115,16.025939571744917,0.9588348667068044
2.5215,2010,40.3936294,47.7872508,-16514.514185035798,-3073.269236075277,1430.5516901013123,180.7511,7.067421463268881,16.038749692165563,0.9608640348884749
0.3750833333333334,2011,40.3936294,47.7872508,-16744.798630429756,-3041.9367360084634,1324.304969237315,0.0,7.10884060665429,16.05185050102459,0.9629331492120594
1.5135833333333333,2012,40.3936294,47.7872508,-16512.86430654088,-3053.3907729463976,1306.4290641324412,0.0,7.135012836157334,16.065282886971833,0.9649125423616463
1.3637499999999998,2013,40.3936294,47.7872508,-16676.424273782075,-3030.557079369934,1199.3079924510612,0.0,7.165501048447933,16.078780645359647,0.9668181904658452
1.5752499999999998,2014,40.3936294,47.7872508,-16188.604514851995,-3070.5108040051805,1309.0485494367438,0.0,7.1265149149663625,16.091944778123125,0.968676005765854
0.8956666666666667,1990,24.7736546,-78.0000547,-18521.70240157676,-3366.1474588607443,2514.342857034358,0.0,3.5442004427444926,12.508688895940047,0.9669437702559333
0.7851666666666667,1991,24.7736546,-78.0000547,-18518.8137734953,-3365.959875504427,2513.271355270636,0.0,3.6046306214189565,12.528362645115738,0.9673950226631318
0.2546666666666666,1992,24.7736546,-78.0000547,-18516.641553109355,-3366.3388392049114,2512.3847340413827,0.0,3.024897794587123,12.549566600655584,0.9661195403581191
0.35575,1993,24.7736546,-78.0000547,-18515.446023989483,-3366.139302930649,2510.769307621354,0.0,2.962387463420696,12.571285041490563,0.9651386407343253
0.8850833333333333,1994,24.7736546,-78.0000547,-18513.527929848864,-3365.6546279682293,2506.8016298774282,0.0,3.362442693235814,12.591324842187124,0.9640652557319224
0.53625,1995,24.7736546,-78.0000547,-18510.212783145485,-3365.1118068510295,2504.6471228237656,0.0,3.5981201533332827,12.610049980786293,0.9629369942007142
0.0489166666666666,1996,24.7736546,-78.0000547,-18508.9369959711,-3363.406128481886,2503.665505277394,0.0,3.637696679934592,12.627844079912649,0.9617218108478458
0.8251666666666666,1997,24.7736546,-78.0000547,-18506.85095081075,-3362.307674651464,2499.3141291701313,0.0,3.0380587357949302,12.644875813248849,0.9604335872072812
1.0329166666666667,1998,24.7736546,-78.0000547,-18504.143870166914,-3361.490567969499,2497.599285182657,0.0,4.191841742735421,12.66159061233688,0.9591641509199558
0.4845833333333333,1999,24.7736546,-78.0000547,-18502.226298575923,-3361.669209758326,2498.4444686690804,0.0,4.400226262165839,12.676925913730487,0.9580118603655927
0.1495,2000,24.7736546,-78.0000547,-18500.943117970186,-3360.4029594264034,2495.3009521101353,0.0,4.573498904031626,12.691626614092973,0.9563189194394953
0.26175,2001,24.7736546,-78.0000547,-18498.709353272756,-3363.76233397073,2496.9276202340648,0.0,4.498684593223859,12.70571395740146,0.9543584209839798
0.8008333333333333,2002,24.7736546,-78.0000547,-18495.715692071204,-3363.4274478507764,2496.3134111114477,0.0,4.490563724672921,12.718905253954427,0.9526287174150702
0.8643333333333333,2003,24.7736546,-78.0000547,-18496.05410746164,-3363.870553577983,2497.437623661396,0.0,4.284883651310761,12.732252783093262,0.9507768736024343
0.3501666666666667,2004,24.7736546,-78.0000547,-18498.076125460677,-3362.3993858425156,2497.9666411254307,0.0,4.3511511034250585,12.745748082400219,0.9488656373902276
0.471,2005,24.7736546,-78.0000547,-18494.14621577986,-3362.7324163078492,2499.7814873013913,0.0,3.9444747065783172,12.75939438169875,0.9470855632935486
0.5844166666666667,2006,24.7736546,-78.0000547,-18497.80045602055,-3363.4425644702574,2503.6664229011617,0.0,3.2503318553597316,12.773273876823184,0.9451798656385478
0.8851666666666667,2007,24.7736546,-78.0000547,-18493.82520946139,-3363.950435283312,2502.1756199345086,0.0,3.5716487658856226,12.787354869010091,0.9428866315389212
0.71625,2008,24.7736546,-78.0000547,-18493.9094520968,-3361.5632655154377,2500.962787420935,0.0,3.3486998537044004,12.801593215430245,0.9403915066588223
0.5298333333333334,2009,24.7736546,-78.0000547,-18496.633063008496,-3362.511759539826,2504.036366148367,0.0,3.846538970766844,12.815993096460996,0.9381315724343481
-0.1458333333333333,2010,24.7736546,-78.0000547,-18492.856774537013,-3362.880991505692,2504.0265814083086,0.0,4.038035199600839,12.830062655392506,0.9357167304520987
0.741,2011,24.7736546,-78.0000547,-18498.087838681953,-3360.3167742424707,2501.0147073517373,0.0,3.903706519123766,12.842517190720322,0.9332777485076498
0.3283333333333333,2012,24.7736546,-78.0000547,-18500.377239736074,-3362.733470862137,2503.696213266302,0.0,3.951312946954319,12.853335560704156,0.9314544259643092
0.6900000000000001,2013,24.7736546,-78.0000547,-18500.753915048874,-3359.868724085088,2502.618529166092,0.0,4.040683554732131,12.862685501362146,0.9297648654193542
0.6678333333333334,2014,24.7736546,-78.0000547,-18499.231916324978,-3362.64566716201,2504.626481743988,0.0,4.113681394778243,12.8716713268348,0.9280996526625078
0.65275,1990,26.030093,50.55333678912324,-14723.548296940375,-3749.333322304907,3713.7940150393592,0.0,4.507185071734462,13.156608270131725,1.4115577139980797
-0.2674166666666666,1991,26.030093,50.55333678912324,-17007.220097906178,-3514.2549261179574,3037.5578026972053,0.0,4.594168286430306,13.190797426112246,1.4113448027382454
-0.6795833333333333,1992,26.030093,50.55333678912324,-16800.9291617266,-3531.895354341618,3086.998093693476,0.0,4.733493741338245,13.22576798151364,1.4144342646136696
0.2394166666666667,1993,26.030093,50.55333678912324,-16429.160794555166,-3568.3975954696893,3183.138567931078,0.0,2.698192439297729,13.259959497818553,1.417535003855375
0.8221666666666666,1994,26.030093,50.55333678912324,-16622.701535674696,-3545.774569716364,3117.541796297432,0.0,2.5621824561951576,13.293377916795297,1.420575466771119
0.28275,1995,26.030093,50.55333678912324,-16579.360972649796,-3548.211001258891,3122.609059649551,0.0,4.269357531794556,13.326012541911378,1.4235069905737965
0.8546666666666667,1996,26.030093,50.55333678912324,-16653.916958963317,-3537.639073062219,3088.732731553593,0.0,2.859028998682534,13.357840160780428,1.4262860823951655
0.3105833333333333,1997,26.030093,50.55333678912324,-16495.030399169107,-3550.573965870382,3139.890401922612,0.0,4.301549228365916,13.388785551255701,1.428945194161388
1.6826666666666668,1998,26.030093,50.55333678912324,-16576.12120173737,-3538.0175613723013,3121.3471067769624,0.0,4.22919941202403,13.418732111328207,1.431537385154411
1.8233333333333333,1999,26.030093,50.55333678912324,-16517.467702578793,-3541.246862905211,3129.2985377792756,0.0,2.1578806565931945,13.447533412664212,1.434293733249861
1.12175,2000,26.030093,50.55333678912324,-16633.374803991897,-3526.7575511855152,3087.450878361143,0.0,4.426642861980519,13.47504917526939,1.4375137046376494
1.501,2001,26.030093,50.55333678912324,-16517.18202253086,-3536.1277552922197,3111.5793492124103,0.0,2.8000044530442594,13.501151805962346,1.4414492424141112
1.29025,2002,26.030093,50.55333678912324,-16579.185233007418,-3526.021592011428,3087.4906365844276,0.0,5.790816073621143,13.525591318252248,1.4464466689769258
1.2555833333333333,2003,26.030093,50.55333678912324,-16679.876513416166,-3513.509146388135,3054.852385983742,0.0,4.658105082209735,13.56481079787902,1.4617214361855237
1.2125,2004,26.030093,50.55333678912324,-16549.25337089471,-3525.2668295608737,3092.497651740912,0.0,3.7868075677734625,13.633330191202537,1.4931751487467582
1.3219999999999998,2005,26.030093,50.55333678912324,-15991.469524763039,-3470.0292435699835,2933.242712869414,0.0,3.6821352630972077,13.712283320804517,1.5282972323683672
1.4229166666666666,2006,26.030093,50.55333678912324,-15693.74356314909,-3604.3106405760573,3308.506731833054,0.0,3.5650794150448992,13.786061149738986,1.558752378292057
1.3464999999999998,2007,26.030093,50.55333678912324,-15790.111114111658,-3592.2699648140965,3289.369796723363,0.0,3.4862508988500434,13.855242678787896,1.5853589451165426
1.2045,2008,26.030093,50.55333678912324,-15623.18708319597,-3605.857752688825,3325.5342132461205,0.0,3.5712770896355326,13.920179534564076,1.6090173622288695
1.42175,2009,26.030093,50.55333678912324,-15574.954828801276,-3608.4938926355712,3328.3447975569693,0.0,3.4105197926426194,13.98056048179196,1.6307557791993434
2.27875,2010,26.030093,50.55333678912324,-15488.750144885493,-3614.5828845944175,3364.282503172001,0.0,2.743630964334896,14.009138786091711,1.6403963928684093
1.1783333333333337,2011,26.030093,50.55333678912324,-15355.107961803014,-3627.273639932659,3393.2479099400693,0.0,2.743630964334896,14.007845974946502,1.644908656070247
1.6658333333333335,2012,26.030093,50.55333678912324,-15435.092532595061,-3616.766479300649,3368.646443532165,0.0,5.314977807441144,14.018401604802738,1.665715666048625
1.28175,2013,26.030093,50.55333678912324,-15305.97299852121,-3629.119341686001,3398.487838216004,0.0,2.503883773050771,14.047949175988037,1.6594570097594907
1.8011666666666668,2014,26.030093,50.55333678912324,-15241.734036367698,-3632.3641544349202,3413.348867118942,0.0,4.594104385229628,14.08640296957441,1.6200147872829367
-0.0685,1990,24.4769288,90.2934413,-9243.964023717455,13441.807546332404,-20802.763493806342,0.0304,6.761545916591686,18.489718357105062,1.0500320378339172
-0.096,1991,24.4769288,90.2934413,-9436.081517816661,13391.432904389007,-20674.33021505864,0.0304,6.823559860729228,18.509083806265252,1.0503657857861424
-0.1703333333333333,1992,24.4769288,90.2934413,-8862.071505007558,13334.825927231514,-20544.000171008352,0.0304,6.966792853870258,18.52748913792832,1.050026650579718
-0.32925,1993,24.4769288,90.2934413,-8829.410222884586,13209.274330933757,-20243.59979543401,0.0304,6.964431787835639,18.546597350040543,1.0492989909558288
0.15625,1994,24.4769288,90.2934413,-8644.32672510158,13238.087528682274,-20355.781172801842,0.0304,6.963508951078681,18.56577532078552,1.0485813239799644
0.14525,1995,24.4769288,90.2934413,-7982.262018886719,13256.512161395105,-20443.11657183642,0.0304,7.1644317060194,18.58444228259152,1.0475704098984524
0.1846666666666666,1996,24.4769288,90.2934413,-7882.9070463379285,13423.403592163595,-20949.75436360812,0.0304,7.255993947407236,18.60197568228721,1.0464925644636813
-0.2219999999999999,1997,24.4769288,90.2934413,-8001.571635191423,13509.677963614096,-21251.115811193125,0.0304,7.3224538934293895,18.619853067415654,1.0452405079180254
0.6222500000000001,1998,24.4769288,90.2934413,-7912.399808526137,13405.489774535981,-21063.06488624034,0.0304,7.360711358467795,18.638614515902535,1.0436451430972657
0.7805,1999,24.4769288,90.2934413,-7247.287554185443,13677.290960170243,-22061.038497685124,0.0304,7.441252938762501,18.657765258882932,1.042171434371458
0.1585,2000,24.4769288,90.2934413,-6853.461802153412,13671.967315991222,-22225.784328623005,0.0304,7.329731918391811,18.67682049937213,1.040647517633361
0.3403333333333333,2001,24.4769288,90.2934413,-6586.548938078601,13588.96805592068,-22044.92502251118,510.5294,7.621963314545528,18.695813026182076,1.0386421203930567
0.383,2002,24.4769288,90.2934413,-6397.664134076931,13659.82401027809,-22436.71319473941,510.5294,7.654590608973707,18.714393291482796,1.0359642764454517
0.25775,2003,24.4769288,90.2934413,-6191.218787579865,13650.783139101533,-22472.898869333592,510.5294,7.629661476020824,18.73185865216712,1.0326630562156922
0.3311666666666666,2004,24.4769288,90.2934413,-6381.760330936027,13384.120972626244,-21851.805194730787,510.5294,7.7756538094891585,18.748470575919296,1.0291669161888513
0.5419166666666667,2005,24.4769288,90.2934413,-6083.8543026022535,13562.629022298413,-22379.31815618791,510.5294,7.8951989583649995,18.763650327028945,1.0253420524399728
0.7779166666666667,2006,24.4769288,90.2934413,-6307.423573349876,13677.840682236185,-22690.814821572443,510.5294,7.909577039337216,18.77575623344553,1.0202590454216962
0.2155,2007,24.4769288,90.2934413,-6176.778662121029,13702.613854297759,-22772.317356628955,510.5294,7.908050668859958,18.786267405314593,1.0148614269817684
0.2215,2008,24.4769288,90.2934413,-5873.628523189213,14128.33378816929,-24039.314582932897,510.5294,7.923832411962746,18.79514572854767,1.009011957477745
0.6966666666666667,2009,24.4769288,90.2934413,-6487.244916154059,14285.057140389526,-24514.721494412108,510.5294,7.908386975466497,18.80394666330367,1.0037026761259624
0.7976666666666666,2010,24.4769288,90.2934413,-7032.789083089036,14476.475466175181,-25030.254082407228,510.5294,8.020479096683642,18.815362176672238,1.0004867377806674
0.157,2011,24.4769288,90.2934413,-6951.958410935905,14475.615728490202,-25259.79953394843,2907.5209,8.248899935162436,18.82755156358497,0.9981424888343012
0.1569166666666666,2012,24.4769288,90.2934413,-6933.524284050743,14449.947254253595,-25233.051553498626,2907.5209,8.248267342762256,18.83998727604965,0.9961475658226818
0.3265833333333333,2013,24.4769288,90.2934413,-7051.278372670684,14464.563964755851,-25325.137805897084,2907.5209,8.16150818589817,18.85265884902184,0.9940947377333443
0.4595833333333334,2014,24.4769288,90.2934413,-6901.766149456424,14487.647474927206,-25494.31299011115,2907.5209,8.169521029123354,18.865118451102717,0.9921550542830267
0.3224545454545454,1990,13.1500331,-59.5250305,-18543.679478419574,-3392.392377491135,2651.6381475830226,0.0,2.9771812626591156,12.464077421220212,0.9264956501678164
0.4098333333333333,1991,13.1500331,-59.5250305,-18532.935018569053,-3392.1030015501105,2650.7687191503137,0.0,2.7424258625922917,12.46613426093499,0.9269059062107695
0.3430833333333333,1992,13.1500331,-59.5250305,-18545.773729495882,-3391.22622329324,2648.4570260448318,0.0,2.1606758468113525,12.469255805380529,0.9263051138550827
0.4249166666666666,1993,13.1500331,-59.5250305,-18595.860493071777,-3386.1178864310095,2633.334018799193,0.0,2.0198109568948475,12.472260360516893,0.9255160609682321
0.37975,1994,13.1500331,-59.5250305,-18589.559087793237,-3386.8136609133585,2635.3868160558886,0.0,2.2844109390151353,12.474999941498307,0.9245652093980954
0.5028333333333334,1995,13.1500331,-59.5250305,-18588.052266926254,-3386.3312965765444,2634.1263687616665,0.0,2.2844109390151353,12.477259415452757,0.9236562846058508
0.2634166666666667,1996,13.1500331,-59.5250305,-18571.55920643144,-3387.527776453201,2636.286881113582,0.0,2.2295196541366638,12.479121929012576,0.9228005736361508
0.3528333333333333,1997,13.1500331,-59.5250305,-18532.454459206987,-3391.31040662028,2648.3006577646343,0.0,1.899492169030937,12.480760659686498,0.9219463043144929
1.0679166666666666,1998,13.1500331,-59.5250305,-18499.037930169787,-3394.9534976993286,2659.43361266109,0.0,1.8995969147607739,12.482343608210593,0.9213015595394257
0.4265833333333333,1999,13.1500331,-59.5250305,-18502.506728516615,-3394.453061601462,2658.056559967565,0.0,1.8996567645378513,12.484348114282383,0.920956951716114
0.2849166666666666,2000,13.1500331,-59.5250305,-18494.662727899682,-3395.246721460536,2659.203605847876,0.0,1.8997465324877612,12.486189926964677,0.9206296218350182
0.5835833333333333,2001,13.1500331,-59.5250305,-18508.71753313172,-3394.806286768427,2658.7285498563556,0.0,1.89979141344104,12.48890296725093,0.919953697004775
0.4828,2002,13.1500331,-59.5250305,-18484.45399780364,-3397.032275296078,2665.8024165114707,0.0,1.4314828087933473,12.492956899809657,0.9190752277719759
0.90225,2003,13.1500331,-59.5250305,-18481.5770261264,-3397.40754575986,2669.1361273707107,0.0,1.3625138324544872,12.496871106993455,0.9181193038814275
0.6716666666666667,2004,13.1500331,-59.5250305,-18479.241866437755,-3397.604798255457,2668.270584978409,0.0,1.3891403075698094,12.5006248147316,0.9170575677740413
1.1178333333333332,2005,13.1500331,-59.5250305,-18476.440252776403,-3397.5802873952507,2668.667976751853,0.0,1.432080016269024,12.504238322461047,0.9159538994233873
0.856,2006,13.1500331,-59.5250305,-18478.565237337778,-3397.4094950948784,2668.2846696850884,0.0,1.4503952865264143,12.50775007449849,0.9147301641247858
0.6324166666666667,2007,13.1500331,-59.5250305,-18480.801241811565,-3396.8986389846377,2667.4628195945734,0.0,1.6926018976948365,12.511511135571167,0.9136123624417515
0.2305,2008,13.1500331,-59.5250305,-18485.8383156305,-3396.230556189479,2665.950603849693,0.0,2.3646110853730917,12.515889183253044,0.9127985294530351
0.5911666666666667,2009,13.1500331,-59.5250305,-18513.153263780903,-3393.4763727833633,2657.909351660378,0.0,2.3486477313206096,12.520120320587685,0.9119750275841841
1.1368333333333334,2010,13.1500331,-59.5250305,-18455.917543588886,-3391.90732615699,2603.7776116286386,0.0,2.2959430836055015,12.523474914965657,0.9121104761639602
0.6465833333333334,2011,13.1500331,-59.5250305,-18526.240478604956,-3392.0514730893783,2653.964910761104,0.0,1.868303756867841,12.52629571952892,0.9132636053004417
0.49425,2012,13.1500331,-59.5250305,-18545.180494744232,-3390.1399262304353,2648.268240422295,0.0,1.9886685532379242,12.528869658203917,0.914285912310614
0.6816666666666666,2013,13.1500331,-59.5250305,-18553.045388690756,-3389.535507803626,2645.6247723699817,0.0,1.9636798991311297,12.531285301747799,0.915212263335201
0.496,2014,13.1500331,-59.5250305,-18507.716038572093,-3389.417632495828,2612.4097616054682,0.0,2.4128376232122974,12.53355098662524,0.9160705407943435
1.2879166666666666,1992,53.4250605,27.6971358,-10959.501221564982,16035.604031946366,7020.054084352631,2983.1589,8.328263851227982,16.1645886071362,0.8798319835902634
0.1725,1993,53.4250605,27.6971358,-12201.06108677944,16173.904278257152,6706.527675929415,2983.1589,8.269884142312236,16.16502532358142,0.8802043874556679
0.8849166666666667,1994,53.4250605,27.6971358,-12477.613248189975,16199.32197569508,6682.256146743847,2983.1589,7.85740260206799,16.164539731892063,0.8796143015401311
1.1868333333333332,1995,53.4250605,27.6971358,-12615.983625359926,16362.992759029805,6768.563929704647,2983.1589,7.723171418382752,16.163231144948934,0.8782515774037364
-0.2035833333333333,1996,53.4250605,27.6971358,-12536.998611947785,16398.392227074142,6794.362883817998,2983.1589,7.670193373276697,16.160815906640284,0.8767966669442055
0.4897499999999999,1997,53.4250605,27.6971358,-12527.977033401452,16469.741287827,6739.65747730565,2983.1589,7.62184233208654,16.157405206318863,0.8753926705346811
0.6961666666666666,1998,53.4250605,27.6971358,-12166.064140144994,16507.340356459597,6813.403580409648,2983.1589,7.618819142896776,16.15321817028288,0.8740883523149297
1.8559166666666669,1999,53.4250605,27.6971358,-12028.194412104154,16696.320175200362,6945.484965334409,2983.1589,7.53653219091593,16.148458401791235,0.8729710720428976
2.0555,2000,53.4250605,27.6971358,-12027.257435684936,16724.39501427013,6956.610688806899,2983.1589,7.766796486983598,16.143420551417456,0.8720756811554047
1.2606666666666666,2001,53.4250605,27.6971358,-11937.401112979998,16700.103646077136,6983.836529873481,0.0,7.65784520568298,16.13801680064221,0.8714068431438771
1.7953333333333334,2002,53.4250605,27.6971358,-11599.354121315639,16629.885641028704,7074.124602024686,0.0,7.6324037428771,16.131543521648354,0.8706181497109189
0.7981666666666666,2003,53.4250605,27.6971358,-11548.376010532498,16595.298302045063,7073.589686782949,0.0,7.650671763245529,16.124661846237046,0.8696000389303514
0.9888333333333332,2004,53.4250605,27.6971358,-11148.891605064457,16497.951282289796,7110.183985619788,0.0,7.705037584715566,16.118066850543592,0.8686146663567168
1.086833333333333,2005,53.4250605,27.6971358,-10786.114822215755,16455.5174442025,7176.239837852815,0.0,7.779404899451008,16.111590840476648,0.8675550205390087
1.0669166666666667,2006,53.4250605,27.6971358,-10502.455457027818,16409.126400510664,7201.451140723915,0.0,7.865943637876439,16.105486387274247,0.8665125904128455
2.0695833333333336,2007,53.4250605,27.6971358,-10308.656335876121,16371.075330190104,7236.468774932047,0.0,7.930448731230062,16.100541066918346,0.8657951002396332
2.2648333333333333,2008,53.4250605,27.6971358,-10060.478395126831,16259.264271235414,7241.8194025260045,0.0,8.026716646921535,16.096649926517053,0.8651308092006625
1.3514166666666665,2009,53.4250605,27.6971358,-10028.341887290651,16213.394057052883,7312.220540163646,0.0,7.792351194960996,16.093567992262308,0.8642672214419713
1.213,2010,53.4250605,27.6971358,-9603.315193824132,16190.895609087327,7283.459344343576,0.0,7.770778432009,16.090871103223694,0.8631248235029461
1.6955,2011,53.4250605,27.6971358,2296.7243402784866,15027.773039392763,10730.626733800598,3516.8203,7.847599516373891,16.08835597836072,0.8616378761447551
0.9655833333333332,2012,53.4250605,27.6971358,2910.923297817189,14977.902703785809,10934.58059201148,3516.8203,7.872711405337548,16.08699180274773,0.8605226372967484
1.69575,2013,53.4250605,27.6971358,3419.216299424195,14957.440788335587,10847.988490355554,3516.8203,7.832485894627692,16.086722211257676,0.8601385823144398
1.9742500000000005,2014,53.4250605,27.6971358,4074.468036622765,14895.345841126013,10941.668155265614,3516.8203,7.836172190654133,16.086990874313933,0.8599372508568911
1.5865833333333337,2000,50.6402809,4.6667145,-1916.5588203073132,-4176.6416660353425,4781.972677291672,1004.608,7.877671172327267,16.144186505065445,0.956985503842153
1.0739166666666666,2001,50.6402809,4.6667145,-1698.81697120252,-4175.834489306123,4793.199625668938,50.2151,7.821713292182465,16.148552690440678,0.9571521703555288
1.56775,2002,50.6402809,4.6667145,-1369.3994879566617,-4224.389609066617,4949.453231414369,50.2151,7.649287636953542,16.153034904035618,0.9573781832822043
1.5021666666666669,2003,50.6402809,4.6667145,-1587.3613910059512,-4142.907629023964,4632.461784541992,50.2151,7.920214549438023,16.15756152636457,0.9577312746561919
0.9799166666666668,2004,50.6402809,4.6667145,-1319.8812103387684,-4211.696642996988,4829.495161858121,50.2151,7.91024069777869,16.16270202766273,0.958102939262483
1.22325,2005,50.6402809,4.6667145,-1561.3887746257326,-4184.864973214171,4749.664363578552,50.2151,7.876891256344499,16.168501461648688,0.9584772895675344
1.6264166666666666,2006,50.6402809,4.6667145,-1350.9895063396477,-4224.107390905707,4869.62974285539,50.2151,7.860966734907431,16.17475723028533,0.9589139858409236
1.7085833333333331,2007,50.6402809,4.6667145,-852.9725840031659,-4314.687979775921,5141.1845357356315,50.2151,7.748398330883694,16.181417432167994,0.9594369888034495
1.15825,2008,50.6402809,4.6667145,-1045.7418331559877,-4313.498037567391,5144.804187424407,50.2151,7.79568953952517,16.18824800997972,0.9600942960604661
1.1719166666666667,2009,50.6402809,4.6667145,-2634.873777202782,-4171.808963581464,4751.617430017048,50.2151,7.6895694402632,16.195182239768563,0.9608393299346087
-0.0711666666666666,2010,50.6402809,4.6667145,-874.8192773143646,-4363.811207506702,5253.545921733219,50.2151,7.633234935862619,16.2022479948049,0.9616893406595587
1.8576666666666664,2011,50.6402809,4.6667145,-185.64428803133484,-4467.233186064608,5581.341542323564,2355.3288,7.5109943273690645,16.209374351623747,0.9626716392669654
1.0315833333333333,2012,50.6402809,4.6667145,-467.22743082515257,-4459.726344750464,5556.8128278632275,2355.3288,7.515842431976635,16.216232649724272,0.9637491595291547
0.536,2013,50.6402809,4.6667145,-346.74798747980424,-4499.2067271783835,5692.132403947012,2355.3288,7.60565460021419,16.222749136729412,0.9649200114038101
2.330583333333333,2014,50.6402809,4.6667145,-574.6037430133531,-4522.309738639003,5737.786859464825,2355.3288,7.418968267712631,16.22934387002405,0.9661973500977054
1.3333333333333333,1990,49.96379985,5.439803941614714,-6552.296375447048,-3771.245367818119,3534.2792956136223,1006.9151,7.398557130441192,16.151610307799846,0.9562275141663826
0.2580833333333334,1991,49.96379985,5.439803941614714,-6591.806783906653,-3729.9168945582383,3411.478448658021,1006.9151,7.567430646549988,16.154762046927004,0.9565188854099101
1.1048333333333331,1992,49.96379985,5.439803941614714,-5955.362502463347,-3763.906679011517,3500.5646025277174,1006.9151,7.292916531800356,16.15808251285238,0.9567294251903296
0.4863333333333333,1993,49.96379985,5.439803941614714,-5697.14896686998,-3759.6125713940846,3482.8087855679373,1006.9151,7.352949945119042,16.161196901998846,0.9568491545977474
1.6355833333333332,1994,49.96379985,5.439803941614714,-4521.407737603645,-3839.630507971482,3670.445708773024,1006.9151,7.650525981134643,16.16414157695775,0.9569493476664194
1.1128333333333331,1995,49.96379985,5.439803941614714,-2579.1860543183493,-3965.1860248586413,4053.854915854554,1006.9151,6.787050168219622,16.16715558825952,0.9569645419143267
-0.5403333333333333,1996,49.96379985,5.439803941614714,-2293.1379693338185,-3976.627972286831,4077.0012049892875,1006.9151,7.015845571406812,16.17034952384259,0.9569652457891032
1.0153333333333332,1997,49.96379985,5.439803941614714,-2110.7275262117478,-3996.6792205490156,4173.54638539906,1006.9151,6.871466514663128,16.17384100022595,0.957081954978514
0.9603333333333332,1998,49.96379985,5.439803941614714,-1504.8840964779408,-4051.417668058488,4331.582743928959,1006.9151,7.144128514820324,16.17750635980987,0.9573237029775469
1.4735833333333332,1999,49.96379985,5.439803941614714,-1859.7640742685269,-4112.976353079284,4506.529192954654,1006.9151,7.255967135812249,16.181405417486054,0.957553146764743
0.4378333333333333,1990,17.1204943,-88.6859028,-18105.584823777506,-3335.4163090799766,2302.4532466661904,6351.884,2.524103324190815,12.11499300436459,1.0249642338275904
0.57875,1991,17.1204943,-88.6859028,-18104.140837785788,-3337.596091893037,2309.5557884621862,6351.884,2.262273384922179,12.135982743954267,1.0253959288305707
0.33325,1992,17.1204943,-88.6859028,-18114.16061674465,-3339.9533209862816,2315.7545148757627,6351.884,3.254656010804986,12.156351798409688,1.0268508557978038
0.38275,1993,17.1204943,-88.6859028,-18116.538603145633,-3342.2201964815918,2323.1305191011324,6351.884,3.290708925748959,12.176520243268149,1.0270163058229116
0.8022499999999999,1994,17.1204943,-88.6859028,-18117.832757857035,-3344.557216346542,2330.178129121348,6351.884,3.290708925748959,12.198121115742554,1.0269074787263386
0.7615,1995,17.1204943,-88.6859028,-18119.034771973576,-3346.9392008807486,2335.938007763512,6351.884,3.7428087711390168,12.223696430283724,1.026541888595749
0.20675,1996,17.1204943,-88.6859028,-18118.74201679196,-3346.7578715004856,2333.6589265551943,6351.884,2.9031782919433833,12.254105380065047,1.0259029339924115
0.8649166666666667,1997,17.1204943,-88.6859028,-18116.404587750174,-3347.484918253598,2329.0678488686576,6351.884,3.5421354437315236,12.288191657729318,1.0251373459812891
0.90675,1998,17.1204943,-88.6859028,-18117.807373206222,-3345.666912548967,2332.649432896062,6351.884,3.290708925748959,12.323442262407456,1.0243289949775882
0.3381666666666666,1999,17.1204943,-88.6859028,-18100.279475611675,-3348.1350168729923,2319.004874690616,6351.884,3.359965580960594,12.35764715272957,1.023413319422709
0.1868333333333333,2000,17.1204943,-88.6859028,-18099.98143097655,-3332.9320153623653,2280.891611028161,6351.884,4.032655311389256,12.390084439734396,1.022495919775209
0.5565,2001,17.1204943,-88.6859028,-18110.279266727433,-3337.700552781106,2293.52143297532,3067.702,4.286286362393046,12.421587169679892,1.0208190792688887
0.69075,2002,17.1204943,-88.6859028,-18112.10795841099,-3336.9313730012345,2295.376733329462,3067.702,4.325604420360782,12.452881940922289,1.0183951366822521
0.8230833333333334,2003,17.1204943,-88.6859028,-18101.305172034718,-3331.012103900625,2286.9379262506295,3067.702,4.0820205998665795,12.48369680634218,1.0158982269124452
0.8078333333333333,2004,17.1204943,-88.6859028,-18102.70259320194,-3344.9366009638015,2298.2222652599876,3067.702,3.8645015361249286,12.514027822821511,1.0133469466270106
0.8971666666666667,2005,17.1204943,-88.6859028,-18103.287547561416,-3340.7606214862685,2300.167273706851,3067.702,3.944554085102596,12.543883271822509,1.0108945118627535
0.6521666666666667,2006,17.1204943,-88.6859028,-18114.852053777147,-3344.2527789669143,2313.8459509601203,3067.702,4.213352033136771,12.57324727435001,1.0085704944034393
0.8515833333333332,2007,17.1204943,-88.6859028,-18103.35962450841,-3338.4238707816794,2305.590215184464,3067.702,4.000249976617015,12.602069739784957,1.0063124919827977
0.5398333333333333,2008,17.1204943,-88.6859028,-18105.857423675094,-3339.745087095311,2312.0576080138117,3067.702,3.7646244784234213,12.630264639133037,1.0041371623393653
1.0315833333333335,2009,17.1204943,-88.6859028,-18104.767620787938,-3340.033809472238,2315.809555843777,3067.702,3.954409854923942,12.657689519659483,1.0020647068944641
0.5858333333333333,2010,17.1204943,-88.6859028,-18105.563551177955,-3339.544182419022,2317.333304443238,3067.702,4.0655403418786795,12.682635962901152,1.0021880069867042
0.8562500000000001,2011,17.1204943,-88.6859028,-18105.192465187967,-3324.0477322978354,2311.7894138086945,5286.622,4.005640844941205,12.705446952527035,1.004391513794949
0.725,2012,17.1204943,-88.6859028,-18108.489966637753,-3343.8053619748994,2325.023118227891,5286.622,4.085529153767466,12.728013268194779,1.0064468890635045
0.7794166666666666,2013,17.1204943,-88.6859028,-18123.1126536396,-3339.193067807524,2332.941337728497,5286.622,4.1292064304240075,12.750392037839605,1.0084314182496212
0.6886666666666666,2014,17.1204943,-88.6859028,-18124.530405380054,-3346.3884507047037,2341.552859538698,5286.622,4.251769874583016,12.772337706542046,1.0101954653856249
0.6915833333333333,1990,9.5293472,2.2584408,-18283.041708053534,-3343.304632707476,2298.26814377533,15058.7287,0.574025749652082,15.451282466888188,0.9677221019674465
0.1541666666666667,1991,9.5293472,2.2584408,-18316.201058421404,-3335.0137898547473,2289.330513657826,15058.7287,0.4210103194436267,15.481904441525957,0.9688439568026074
0.03425,1992,9.5293472,2.2584408,-18319.094113723102,-3330.263289328895,2276.1639232444427,15058.7287,0.2969886317720807,15.512552121958787,0.9699979931043643
0.5499166666666666,1993,9.5293472,2.2584408,-18310.212689273427,-3327.066552444938,2266.0102994048134,15058.7287,0.29728580859447573,15.55706035599935,0.9717195367538214
0.3415833333333333,1994,9.5293472,2.2584408,-18313.83747655371,-3319.35402738138,2231.8099897047296,15058.7287,0.3293037471426003,15.594420153391143,0.9733944290879579
0.557,1995,9.5293472,2.2584408,-18298.5588681942,-3321.0808963571276,2249.5330581343524,15058.7287,0.3299510196309474,15.61499196944008,0.9747907228605983
0.7165833333333333,1996,9.5293472,2.2584408,-18300.073476370508,-3304.157888357978,2200.9754845852135,15058.7287,1.4794431158179133,15.640682236937552,0.9765768446634885
0.5544166666666667,1997,9.5293472,2.2584408,-18282.453049977732,-3307.4745541083416,2192.1895124498146,15058.7287,1.4798985410791152,15.669779303304189,0.9784910063746987
1.045,1998,9.5293472,2.2584408,-18354.357709917997,-3266.9301924661286,2141.949322549094,15058.7287,1.6616507838810346,15.700180815606485,0.9801410961689064
0.5426666666666666,1999,9.5293472,2.2584408,-18346.917193515088,-3272.4406287978513,2135.7903372770484,15058.7287,1.78736650092333,15.73075367234384,0.9815022324992462
0.4633333333333333,2000,9.5293472,2.2584408,-18434.65178577529,-3274.3575259206586,2186.823742219171,15058.7287,1.8022212204386512,15.761138238557699,0.982724738758883
0.6276666666666667,2001,9.5293472,2.2584408,-18539.10015553223,-3297.3569245481585,2279.8671538357353,10796.016,1.8216094911969403,15.79126254825868,0.9839035694106475
0.6675833333333333,2002,9.5293472,2.2584408,-18406.634135479006,-3305.0856194483895,2317.2383121515913,10796.016,1.932882803329403,15.821276360987108,0.9851984601975052
0.9155,2003,9.5293472,2.2584408,-18262.522192881926,-3305.4347909421576,2212.3566412852674,10796.016,2.0144629237138605,15.851419011553535,0.9865340029458732
0.7795833333333334,2004,9.5293472,2.2584408,-18319.958000626015,-3307.802966368844,2298.7025393819713,10796.016,2.067773736812154,15.881683712625893,0.9878991918273716
1.0930833333333332,2005,9.5293472,2.2584408,-18324.2111502321,-3294.8007890670665,2294.0104254339008,10796.016,1.763428579459993,15.913457194332352,0.9883236821597808
0.9213333333333332,2006,9.5293472,2.2584408,-18291.271181811248,-3297.1011766248535,2272.1600676210196,10796.016,2.1703557095304657,15.944055548068238,0.988777812570488
0.8865833333333333,2007,9.5293472,2.2584408,-18316.867306343524,-3292.385046402152,2270.812072679571,10796.016,2.64109097464245,15.972811001471554,0.990227867596478
0.6595833333333333,2008,9.5293472,2.2584408,-18340.524976806573,-3289.3461218247667,2263.6982177669424,10796.016,2.613197250086203,16.002288424604565,0.9914833130938387
0.965,2009,9.5293472,2.2584408,-18292.68824123296,-3286.424583087326,2254.561526790687,10796.016,2.8754103927560046,16.031721961511852,0.9924840726420896
1.1495833333333334,2010,9.5293472,2.2584408,-18265.933916851045,-3285.5726117763093,2244.5636317865306,10796.016,3.0414223994711067,16.061071122273002,0.9934208332612281
0.9258333333333332,2011,9.5293472,2.2584408,-18263.32565882236,-3277.098029911924,2218.243693342034,10796.016,3.094296244941498,16.090352442528395,0.9943479285204162
0.6578333333333334,2012,9.5293472,2.2584408,-18251.147219399525,-3272.691218913846,2198.456316554677,10796.016,3.1532786101789956,16.11950246093696,0.9954364759120772
0.8295833333333333,2013,9.5293472,2.2584408,-18266.068995399928,-3257.8562439547127,2155.346491171073,10796.016,3.3512540528538852,16.14850166702839,0.9966121200958105
0.9320833333333334,2014,9.5293472,2.2584408,-18261.716714689977,-3259.8626982637606,2160.2021329977297,10796.016,3.4027361970781724,16.17776395682686,0.9977299131092342
0.6067661624028703,1990,32.3040273,-64.7563086,-17954.664259822603,-3015.4881067549027,490.04598844876574,34.045100000000005,2.8890653493604654,10.95900095096759,0.9733200563128799
0.326589466828326,1991,32.3040273,-64.7563086,-17905.667453734273,-2932.909641390816,253.6806969641197,6.40496,2.9028710925027035,10.966023512621547,0.9708496509450025
0.326589466828326,1992,32.3040273,-64.7563086,-17861.072491059094,-2866.6148150035756,61.79460855363575,6.40496,2.13493537643196,10.973734659647342,0.9680772086117297
0.3249240355630537,1993,32.3040273,-64.7563086,-17869.809235516008,-2879.6536698849395,99.77143007522103,4.80072,2.7813874000961274,10.98085918043337,0.9655668585196091
0.6871582869871947,1994,32.3040273,-64.7563086,-17869.745791272515,-2879.707265103231,99.78690599778739,3.19648,2.6597419208080915,10.987172311286548,0.963494436140176
0.6942244947592555,1995,32.3040273,-64.7563086,-17869.80075680568,-2879.742750239682,99.8196575403103,32.44086,2.5668705876394307,10.993159999634763,0.9615384615384616
0.39107890284397,1996,32.3040273,-64.7563086,-17869.859279526463,-2879.7674727824333,99.77689434644877,58.62986000000001,2.3806658773540414,10.999446323738674,0.9594944169750156
0.7153121201089828,1997,32.3040273,-64.7563086,-17861.280924069677,-2866.690681869481,61.89956103939727,58.62986000000001,2.176874466865139,11.005876035732005,0.9569469716662334
0.8303587616899416,1998,32.3040273,-64.7563086,-17861.266284476602,-2866.6942276424593,61.916217336278734,58.62986000000001,2.1430030231695807,11.012116176479726,0.9544633642930856
0.7274782840547984,1999,32.3040273,-64.7563086,-17861.266349531208,-2866.7027145843376,61.92978210519599,58.62986000000001,2.1033045419443632,11.018317619227071,0.9520791318544127
0.7274782840547984,2000,32.3040273,-64.7563086,-17861.241927690902,-2866.6969339018215,61.91991998242596,87.87424000000001,2.1466211034473224,11.024692689856872,0.950142993326978
0.7312704746865163,2001,32.3040273,-64.7563086,-17861.23170614824,-2866.701079781964,61.92303916624568,87.87424000000001,2.118710330600536,11.031043567594015,0.949004386380132
0.8091020792891288,2002,32.3040273,-64.7563086,-17861.05212528641,-2866.68232862334,61.93669694763616,58.62986000000001,2.1362825440389788,11.037129090123633,0.9485418626528692
0.8074950379526734,2003,32.3040273,-64.7563086,-17784.41917794006,-2733.9817819330647,-313.5404757629683,58.62986000000001,1.9850347037393634,11.042409704607737,0.9488971391133435
0.8091020792891288,2004,32.3040273,-64.7563086,-17861.024120092472,-2866.6943218330903,61.97767907624781,58.62986000000001,2.1434721213369725,11.046754481744669,0.9493552897312412
0.8097380129522399,2005,32.3040273,-64.7563086,-17869.496440447347,-2879.7557893381695,99.8171522827309,29.24438,2.3482656654860197,11.050223116385967,0.9491037429181758
0.8110664246835882,2006,32.3040273,-64.7563086,-17865.087790739657,-2869.4291693450878,81.25972515692123,29.24438,2.269658927543488,11.052174893836543,0.9484478764478764
0.8165219808035377,2007,32.3040273,-64.7563086,-17924.557166114082,-2957.285997426207,335.09351099713587,29.24438,3.466113956328485,11.053347301208076,0.9473651752952422
0.8130088424440538,2008,32.3040273,-64.7563086,-17924.6005131132,-2957.2917763162036,335.0742615460261,29.24438,3.3595104298408303,11.054976880805004,0.9465197858329744
0.8115260043240471,2009,32.3040273,-64.7563086,-17924.754804644497,-2957.281102432377,335.11434204674373,29.24438,3.3935078931777753,11.05649332503457,0.9467781089635252
0.8115260043240471,2010,32.3040273,-64.7563086,-17924.755880657238,-2957.290465175415,335.14329208468865,29.24438,3.4411037571311938,11.05796019070086,0.9468241791960723
0.8115260043240471,2011,32.3040273,-64.7563086,-17924.80790822977,-2957.319226399652,335.110793769724,29.24438,3.3046828102026202,11.059330474658509,0.9467459247456795
0.8115260043240471,2012,32.3040273,-64.7563086,-17924.80790950643,-2957.336458341305,335.12516983853794,29.24438,3.2994673050154986,11.0597553536924,0.9467381316998469
0.8183471657391698,2013,32.3040273,-64.7563086,-17910.43815754133,-2935.8791309986073,273.11076040056,29.24438,3.260056155178517,11.058889668606032,0.9464247402458086
1.012198357313698,2014,32.3040273,-64.7563086,-17924.386657934407,-2957.341055855269,335.132080722233,29.24438,3.289173977438364,11.056509109233009,0.9462107947040211
0.0555,1990,27.549511,90.5119273,-18285.89976303147,-3431.8566418945748,2480.9431533001266,0.0,1.255587547043436,13.232907833196169,1.0878793430266684
-0.0609999999999999,1991,27.549511,90.5119273,-18261.875229110447,-3430.3431200320247,2476.6295642724235,0.0,1.255587547043436,13.249366003941143,1.0850304283473937
-0.2250833333333333,1992,27.549511,90.5119273,-18263.51814403726,-3430.9855086907164,2479.395575164858,0.0,1.255587547043436,13.21027168536442,1.082229816317813
-0.0865,1993,27.549511,90.5119273,-18266.734015049988,-3430.806620154133,2478.668686806064,0.0,1.255587547043436,13.163196251865397,1.0794134321326765
0.2618333333333333,1994,27.549511,90.5119273,-18229.33985004284,-3434.678216412415,2489.782351318374,0.0,1.255587547043436,13.164004236563404,1.0768985576539962
0.5841666666666666,1995,27.549511,90.5119273,-18191.00424235451,-3436.3596358127243,2493.5008482491585,0.0,1.255587547043436,13.175970492842149,1.07452456231419
0.2865833333333333,1996,27.549511,90.5119273,-18184.402144758737,-3436.655166841074,2494.362884623057,0.0,1.255587547043436,13.194672876130953,1.0722740135865583
-0.3416666666666666,1997,27.549511,90.5119273,-18177.518683864884,-3437.8417666647483,2497.858236204767,0.0,1.255587547043436,13.211957250212544,1.0701017893577316
0.8734999999999999,1998,27.549511,90.5119273,-18173.224496425864,-3438.5473135138914,2500.9276282191013,0.0,1.255587547043436,13.230577218454785,1.0683033128907236
1.0286666666666666,1999,27.549511,90.5119273,-18173.911194685897,-3437.9302606229503,2500.6331460834967,0.0,1.255587547043436,13.25512697534994,1.0741324634659324
0.2045,2000,27.549511,90.5119273,-18183.651998516692,-3437.439763130262,2497.5768376147034,0.0,1.255587547043436,13.283132677192315,1.0869418421164863
0.7071666666666667,2001,27.549511,90.5119273,-18232.77146649292,-3440.856701698471,2549.313831831174,0.0,1.255587547043436,13.310062117865243,1.0993843508886716
0.5035,2002,27.549511,90.5119273,-18173.713819031167,-3444.678966525691,2525.810376330992,0.0,1.3922764327974382,13.335938093086813,1.111429828540634
0.4913333333333333,2003,27.549511,90.5119273,-18205.82888428176,-3444.1271577974285,2549.796543717508,0.0,1.5033437944225228,13.360794279439625,1.123098127902153
0.53025,2004,27.549511,90.5119273,-18166.979018824124,-3444.0941538325446,2524.8973104947695,0.0,1.5447073728621696,13.384713795622115,1.1342809672038563
0.6849166666666666,2005,27.549511,90.5119273,-18165.76340663332,-3439.14276814056,2509.318603013521,0.0,1.5608777218187233,13.405017330021781,1.1413749132406825
1.0439999999999998,2006,27.549511,90.5119273,-18149.507902994686,-3438.49814806144,2500.224674029981,0.0,1.5425713501771556,13.419885378575582,1.1423016587700345
0.9345,2007,27.549511,90.5119273,-18144.524020015575,-3435.758659598172,2496.8499313559905,0.0,1.6355149321442188,13.432218794192405,1.140881964947547
0.636,2008,27.549511,90.5119273,-18159.789204597033,-3446.888180339575,2558.6071901046394,0.0,1.6711913087095827,13.444065644493437,1.1396814071442973
1.2650833333333331,2009,27.549511,90.5119273,-17962.987600370165,-3463.4109471928414,2606.4269518342244,0.0,1.7852382522377896,13.455511523926022,1.138716114931042
1.2043333333333333,2010,27.549511,90.5119273,-17897.797700015253,-3465.634364034016,2589.465196046311,0.0,2.0716739519131693,13.466686146370234,1.1379432602621835
0.6195,2011,27.549511,90.5119273,-17813.188202832243,-3477.232687623125,2647.28851318348,0.0,2.2981753845053454,13.477700827296538,1.1373085404731658
0.4395,2012,27.549511,90.5119273,-17820.49969742756,-3471.4500870882744,2601.752139793036,0.0,2.4598195844113566,13.488596892300023,1.1367415510610432
0.6934166666666667,2013,27.549511,90.5119273,-17796.626970532627,-3475.766141913925,2608.6431351373767,0.0,2.4641680846386,13.499275364071114,1.1361859265554937
0.9471666666666666,2014,27.549511,90.5119273,-17805.612612727477,-3479.5802754129686,2655.341989326225,0.0,2.42063475976786,13.509468976420154,1.1356589934192018
0.2151666666666666,1990,-17.0568696,-64.9912286,-17922.508777100473,-2771.5416209878817,1140.0151833591667,76739.2436,4.231330190433102,15.77506914194395,1.0005322578417113
0.6529166666666667,1991,-17.0568696,-64.9912286,-17891.850061655212,-2756.360355365097,1085.3800355157196,76739.2436,4.858385805858404,15.79580708876522,1.0011819442886871
-0.0434166666666666,1992,-17.0568696,-64.9912286,-17839.839557385963,-2743.6659814026357,1035.7622603743855,76739.2436,4.775296853123737,15.816236084441467,1.001840104975593
0.4533333333333333,1993,-17.0568696,-64.9912286,-17792.666722856164,-2733.4754641458867,995.4730985619285,76739.2436,3.680297736282562,15.836327920919008,1.0038749518585903
0.9041666666666668,1994,-17.0568696,-64.9912286,-17730.949800007864,-2718.3367198062106,933.94020913532,76739.2436,3.729853437083362,15.85591522959065,1.0070795545969364
0.723,1995,-17.0568696,-64.9912286,-13314.64112191988,-3151.4952315400137,2153.8222313408633,76739.2436,3.8113050298183153,15.874937002277763,1.0100073951320294
0.2731666666666666,1996,-17.0568696,-64.9912286,-3782.7055804997312,-4089.1538409706363,4899.304221676934,76739.2436,3.318167160254636,15.89362209057403,1.012651486696428
0.94875,1997,-17.0568696,-64.9912286,5838.368609679399,-5025.111736993033,7638.973697840892,76739.2436,3.1822035417069876,15.912008311934011,1.0150359704926324
0.8272499999999999,1998,-17.0568696,-64.9912286,10267.14520088426,-5453.101918657534,8853.699999837469,76739.2436,3.1822035417069876,15.930189770814463,1.0171541153884631
0.3340833333333333,1999,-17.0568696,-64.9912286,8822.281120477362,-5026.206676976382,8206.130330589422,76739.2436,3.2991683474892306,15.948380656485355,1.0189435960128563
0.3926666666666666,2000,-17.0568696,-64.9912286,5499.178360511803,-5126.130788000025,7417.978171609137,76739.2436,6.740180176794729,15.966418442909372,1.0204655274982894
0.6865833333333334,2001,-17.0568696,-64.9912286,-1963.5144729416372,-4428.240789060793,5323.456063093074,57318.9267,6.706566693882739,15.98411661529946,1.020923964217096
1.0334166666666669,2002,-17.0568696,-64.9912286,-7357.40138891809,-3682.8469777644586,3578.477106934667,57318.9267,6.663052105259422,16.001627338174945,1.0203907633784803
0.637,2003,-17.0568696,-64.9912286,-4349.183901997064,-4153.684366368675,4503.662973050093,57318.9267,6.68549121580483,16.019090342567463,1.019779271915316
0.8461666666666666,2004,-17.0568696,-64.9912286,4531.545981388965,-4462.142681530469,6733.5039766228065,57318.9267,6.716464740854022,16.036481826393413,1.0191873979865698
0.7685833333333334,2005,-17.0568696,-64.9912286,8201.465507184637,-5176.581221489739,7878.521165893468,57318.9267,6.699591592155723,16.053811817385117,1.018638210721438
0.93175,2006,-17.0568696,-64.9912286,10205.575018660418,-5309.70950086528,8285.803361890663,57318.9267,6.754755486629749,16.071283144933236,1.018079611960108
0.4590833333333333,2007,-17.0568696,-64.9912286,12052.920018657198,-5262.428915769561,8619.548796797471,57318.9267,6.742655374573443,16.088785473806997,1.0175248301667907
0.4385833333333333,2008,-17.0568696,-64.9912286,13818.354166621182,-5790.936760625691,9285.386243957695,57318.9267,6.682632019337912,16.106083189374317,1.0169466406792864
0.6716666666666667,2009,-17.0568696,-64.9912286,15634.979593607904,-6075.053824415512,9794.663330149477,57318.9267,6.628522212939959,16.123214328149306,1.0163254809258555
0.72425,2010,-17.0568696,-64.9912286,17317.679746220685,-5280.486933345022,9661.461125918584,57318.9267,6.595805377040201,16.140177052424328,1.0156698765767522
1.12425,2011,-17.0568696,-64.9912286,19111.13685160279,-6270.450794255737,10619.53075778685,60163.6302,6.600795649360728,16.15695524122227,1.0149967971299183
0.8530833333333333,2012,-17.0568696,-64.9912286,20895.8303418492,-6505.768096539542,11117.51005745957,60163.6302,6.596149434972624,16.17350169139959,1.014297731267828
0.5166666666666667,2013,-17.0568696,-64.9912286,22674.37720180898,-6763.197329833742,11660.339631264143,60163.6302,6.59628175443953,16.18979742339114,1.0135712505177614
0.9376666666666668,2014,-17.0568696,-64.9912286,24474.112283252336,-6973.871191099893,12242.877252873013,60163.6302,6.577260342655319,16.205830574458364,1.0128609745120276
0.8735833333333334,1992,44.3053476,17.5961467,-17959.197635851513,-3348.794203359013,2730.605932891324,0.0,2.6068808900628517,15.268465406009046,0.973558371351502
0.441,1993,44.3053476,17.5961467,-18196.979781383518,-3325.6815803325862,2655.5403463129683,0.0,2.2963959798849003,15.18744734056691,0.958160799438224
1.6058333333333332,1994,44.3053476,17.5961467,-18297.476144625623,-3295.893315681646,2568.1522669768424,0.0,2.439900566943401,15.14054927008695,0.9478007371171461
0.3036666666666667,1995,44.3053476,17.5961467,-18324.754438139706,-3282.5419192963464,2533.102877766152,0.0,2.4696830228498436,15.137406921406043,0.9452920691990984
-0.1923333333333333,1996,44.3053476,17.5961467,-18341.15290897464,-3269.8749341333773,2499.9909994399704,0.0,2.499918407408438,15.178472574659418,0.9473945708681508
0.2845,1997,44.3053476,17.5961467,-18236.925482944047,-3260.5606505046176,2466.165934987588,0.0,2.5319492561213117,15.213671482098137,0.9496493977772233
0.6925,1998,44.3053476,17.5961467,-18055.683631488842,-3260.7691024269707,2471.8974419333604,0.0,2.7387410484230066,15.2301637297791,0.9510897497899586
0.89975,1999,44.3053476,17.5961467,-17819.391499035573,-3278.1043104869477,2525.630773443346,0.0,2.7309721412859886,15.239344893664276,0.9519492165909014
1.7161666666666668,2000,44.3053476,17.5961467,-17606.774115724835,-3286.5591510526865,2560.1177637240617,0.0,2.9491751143721423,15.245666290016844,0.9523505658960066
0.9904166666666668,2001,44.3053476,17.5961467,-17649.582380219363,-3279.5283160333347,2529.4071788551637,0.0,2.9816232071352293,15.249387687978524,0.9525369894230823
1.5039999999999998,2002,44.3053476,17.5961467,-17605.821083556246,-3277.778981693667,2517.273615010899,0.0,2.9788912563579646,15.250216440148773,0.9530849495029378
1.0896666666666666,2003,44.3053476,17.5961467,-17496.348841733314,-3280.541520276727,2520.0329463756925,0.0,3.002971010565188,15.246720443665989,0.9535382145663749
0.66275,2004,44.3053476,17.5961467,-17314.54123695761,-3293.001319007766,2556.2296992526985,0.0,3.1660149867361893,15.236896928550369,0.9533592029761091
-0.0065833333333333,2005,44.3053476,17.5961467,-17159.978352925733,-3303.7043068101516,2584.3033239258225,0.0,3.1434408187481107,15.225105587760178,0.9530086028224508
0.7465,2006,44.3053476,17.5961467,-16997.162797028133,-3309.6513698886483,2595.4491314738557,0.0,3.4085171930243674,15.216221991849102,0.952569633999589
1.62,2007,44.3053476,17.5961467,-16860.80410512126,-3322.264094582158,2628.3382413734803,0.0,3.4778528205511177,15.203771983144492,0.9524566005840988
1.5933333333333335,2008,44.3053476,17.5961467,-16701.868182004146,-3335.9255419237147,2677.192591794601,0.0,3.6096251855405894,15.187551571017233,0.9525932799423242
1.3750833333333334,2009,44.3053476,17.5961467,-16832.203128726782,-3320.335043701209,2642.4649919250264,0.0,3.658394473101217,15.170765646486997,0.9526057234472812
0.8100833333333334,2010,44.3053476,17.5961467,-16688.39397085083,-3333.6986789514203,2681.701434957029,0.0,3.6412583563200345,15.15342527064162,0.95257669104556
1.2889166666666667,2011,44.3053476,17.5961467,-16667.062726215074,-3329.974596673058,2651.5262256856363,0.0,3.6612846968726815,15.13543592365026,0.9526203661585073
1.5590000000000002,2012,44.3053476,17.5961467,-16644.7447701941,-3333.676552616071,2664.878931598421,0.0,3.610774659140688,15.116893335983491,0.9525162790549381
1.469666666666667,2013,44.3053476,17.5961467,-16629.04015990735,-3341.1148177730615,2701.368911147502,0.0,3.6168193835775146,15.101310046960858,0.9534205225955905
1.8630833333333328,2014,44.3053476,17.5961467,-16613.227616869888,-3339.4759639218937,2694.3096597144295,0.0,3.4080836170251083,15.088374988652047,0.9558520284121748
0.67475,1990,-23.1681782,24.5928742,-18053.7429639922,-3094.2683321204167,1944.9032566751196,40513.8067,4.350130828765316,14.109278821921453,0.9257408473430271
-0.0241666666666666,1991,-23.1681782,24.5928742,-18057.914878471827,-3100.5919733303745,1988.509177344611,40513.8067,4.305111842468255,14.138017880351116,0.923337331622567
0.92625,1992,-23.1681782,24.5928742,-18086.06408632969,-3101.014821189868,2018.0311408822947,40513.8067,4.077461169810484,14.166656042581032,0.9234437193685522
0.4551666666666666,1993,-23.1681782,24.5928742,-18085.88711005272,-3104.148892489141,2042.0487567578919,40513.8067,4.3200435123884,14.195494425930422,0.926095650066387
-0.0017499999999999,1994,-23.1681782,24.5928742,-18517.035037445963,-3101.71857156045,2350.717728605963,40513.8067,4.1743595772045055,14.223335546030729,0.9285823314447846
0.9136666666666668,1995,-23.1681782,24.5928742,-18544.29823866255,-3090.186520447664,2313.106833258086,40513.8067,3.943275518163019,14.249649934834741,0.9307395585262863
-0.22,1996,-23.1681782,24.5928742,-18572.94476914401,-3086.101798218831,2335.787691497541,40513.8067,4.368589256130554,14.274307880449209,0.9329360367096217
-0.001,1997,-23.1681782,24.5928742,-18567.81698015455,-3086.139262058382,2327.7385419089373,40513.8067,4.332438464682483,14.29753786224839,0.9352646693619803
0.685,1998,-23.1681782,24.5928742,-18567.536230608726,-3084.960845973588,2348.193392748952,40513.8067,4.24718724413579,14.319734438095702,0.9376606232533319
0.53275,1999,-23.1681782,24.5928742,-18548.788564610226,-3074.9442792437644,2330.262037535549,40513.8067,4.4563278917183045,14.341160555707564,0.9400937039437088
-0.6289166666666667,2000,-23.1681782,24.5928742,-18543.902704079763,-3069.445736562687,2334.5131220570097,40513.8067,4.353303033554759,14.361887671509162,0.9425191554073814
-0.1953333333333333,2001,-23.1681782,24.5928742,-18536.802931966522,-3070.221889190621,2322.243460364274,40513.8067,4.677081461455075,14.381920357106807,0.9448810727515973
0.3885833333333333,2002,-23.1681782,24.5928742,-18544.11038953426,-3074.6371016554717,2362.437049397364,40513.8067,4.689173041913266,14.400588000680397,0.9471772855168703
0.78525,2003,-23.1681782,24.5928742,-18531.895530955135,-3084.1656670537586,2448.9395899093315,40513.8067,4.750173152778311,14.418110846232164,0.949429479675647
-0.1929999999999999,2004,-23.1681782,24.5928742,-18516.988774668076,-3067.3096865317643,2430.1258550496977,40513.8067,4.11650225730511,14.43559552706443,0.9516692876684142
0.9174166666666668,2005,-23.1681782,24.5928742,-18525.485615248603,-3059.544821656084,2409.2959873348577,40513.8067,4.245109516945151,14.453571470424272,0.9538652903225806
-0.3423333333333333,2006,-23.1681782,24.5928742,-18531.272193068395,-3059.67443407229,2385.2406488158126,40513.8067,4.201300304828573,14.472358314248536,0.9563084688032831
0.0021666666666666,2007,-23.1681782,24.5928742,-18521.952072486918,-3061.1754700542615,2410.391041242393,40513.8067,4.444073773644626,14.492008404369432,0.9590253162413762
0.3810833333333334,2008,-23.1681782,24.5928742,-18498.97781150172,-3042.0621932665435,2276.4002170534513,40513.8067,4.04795152265239,14.512310558845325,0.9616421622519631
-0.2615833333333333,2009,-23.1681782,24.5928742,-18402.010283608422,-3063.161442266214,2396.492256494696,40513.8067,3.984717550592965,14.532861451134664,0.963917179931028
0.8120833333333334,2010,-23.1681782,24.5928742,-18418.799231600042,-3041.0184464662993,2249.615777207243,40513.8067,4.04795152265239,14.553470957500945,0.9657914423626357
-0.066,2011,-23.1681782,24.5928742,-18422.17726905756,-3023.0941044911942,2134.1213004529845,40513.8067,4.04795152265239,14.5735260490253,0.9670936925045259
0.4781666666666666,2012,-23.1681782,24.5928742,-18484.67765115884,-3052.463641903752,2351.7946460318485,40513.8067,4.107423656751876,14.592735065395416,0.9679561869472709
0.7155833333333333,2013,-23.1681782,24.5928742,-18395.54136354567,-3054.7234027562226,2337.1288836819317,40513.8067,4.107423656751876,14.611790875414686,0.9685864711052711
-0.0294166666666666,2014,-23.1681782,24.5928742,-18480.202782938646,-3072.189362267749,2445.35467039762,40513.8067,4.163968567835337,14.631041286687282,0.9689883517946181
0.4971666666666667,1990,-10.3333333,-53.2,36919.98091798602,12244.565563313383,-51028.69383484519,1385208.6765,9.343564896271435,18.830844436404583,0.9887365786806476
0.4928333333333333,1991,-10.3333333,-53.2,39028.38307844516,12200.772565546044,-51208.69647200982,1385208.6765,9.386215604127191,18.84814504553005,0.988047040508649
0.3430833333333333,1992,-10.3333333,-53.2,37982.961735663856,12517.733833617,-52288.638042541024,1385208.6765,9.413557341112124,18.86473040136603,0.987368279835537
0.5295,1993,-10.3333333,-53.2,38452.39218300693,12322.390297496024,-51789.91009695207,1385208.6765,9.513639065258342,18.880892053298044,0.9866969655089293
0.64025,1994,-10.3333333,-53.2,38822.490838958765,12372.618487952543,-52114.7788919544,1385208.6765,9.567247605933499,18.896793629878744,0.9860456460740609
0.7725,1995,-10.3333333,-53.2,40709.91476810126,12385.62311243317,-52437.14473053623,1385208.6765,9.635710566183732,18.912417287027235,0.9853695862240165
0.5211666666666667,1996,-10.3333333,-53.2,42380.602375103976,12368.511289507396,-52007.64414889971,1385208.6765,9.679391585317845,18.92772194782616,0.9846759893946849
0.7019166666666666,1997,-10.3333333,-53.2,44743.058718841174,12709.079167307722,-52848.53090153222,1385208.6765,9.717828616883526,18.94272346222418,0.9839892179055871
1.1950833333333333,1998,-10.3333333,-53.2,45719.75954940815,12988.223096488944,-52476.85699756612,1385208.6765,9.682245317573894,18.957406859309575,0.983299311238692
0.5035833333333334,1999,-10.3333333,-53.2,45180.81066127013,13126.09536935453,-53715.305227753466,1385208.6765,9.72791353381889,18.97160908217872,0.9825902129025723
0.49625,2000,-10.3333333,-53.2,50649.24564843572,11792.02536174849,-52091.02335361386,1385208.6765,9.703053691804195,18.98527679547611,0.9816893389351746
0.7588333333333334,2001,-10.3333333,-53.2,47299.68911035953,12339.588814602665,-53892.00411572595,1605106.096,9.798376200278968,18.998483743056823,0.9806015677294516
1.0940833333333333,2002,-10.3333333,-53.2,44926.12187701338,11905.48764557791,-52266.75972621083,1605106.096,9.77497186307301,19.01111215841911,0.9794947753506914
0.9351666666666666,2003,-10.3333333,-53.2,45488.12475461361,12107.442520807348,-53636.447776106594,1605106.096,9.781645023901543,19.022968847336536,0.9784199922022017
0.74175,2004,-10.3333333,-53.2,48515.638267811904,12361.305120737552,-54592.42168916505,1605106.096,9.76765799543917,19.03436277751849,0.9773611986889701
1.0425,2005,-10.3333333,-53.2,50482.26526959346,12756.103720459263,-55529.20992369888,1605106.096,9.76033841734482,19.045534811708563,0.9763644179370835
0.8225833333333333,2006,-10.3333333,-53.2,52553.17548242343,12096.66381543956,-54573.57724390199,1605106.096,9.773647356199655,19.05630835016764,0.9754564494193433
0.952,2007,-10.3333333,-53.2,54501.886832893644,12592.986199987474,-53732.760636586005,1605106.096,9.833452427377182,19.066628622500374,0.9746066492166333
0.7138333333333334,2008,-10.3333333,-53.2,58171.47784363809,14019.918013540671,-59687.629124962354,1605106.096,9.941098461033524,19.076501464528132,0.9738473746378425
0.9840833333333334,2009,-10.3333333,-53.2,56031.362751131375,14186.972152195951,-60703.554079748756,1605106.096,9.91116141300759,19.086032943173713,0.9731611903314857
1.114,2010,-10.3333333,-53.2,62914.26004204554,15140.576593412887,-61855.62496171724,1605106.096,9.955895758928246,19.095427123398522,0.9724768082893223
0.8035,2011,-10.3333333,-53.2,62868.12522268375,15413.536892892946,-64629.21267125443,780902.6977,9.927899496474446,19.10471301464783,0.9718108729954651
1.0876666666666666,2012,-10.3333333,-53.2,65543.53528636477,15044.07173417893,-63000.73180307592,780902.6977,9.96753968196693,19.113716453299627,0.9711788523972276
0.8796666666666666,2013,-10.3333333,-53.2,66929.99850461294,13845.911154473128,-60305.002293065,780902.6977,9.968694061457674,19.122399909843974,0.970586123789726
1.1535833333333334,2014,-10.3333333,-53.2,65685.4199602452,13953.107900958767,-60505.61470009423,780902.6977,10.015503810022098,19.130978268003524,0.9700867102046958
0.41675,1990,18.4024395,-64.5661642,-17282.782806911866,-2725.4423103204217,-695.2739301529894,0.0,0.5613856493776914,9.656051308652874,1.0550072377944466
0.4001666666666666,1991,18.4024395,-64.5661642,-17282.746862394444,-2725.4417350536623,-695.2742441777538,0.0,0.6340869594304004,9.685953239986429,1.0528195968359275
0.3671666666666666,1992,18.4024395,-64.5661642,-17282.72365251511,-2725.4331467234615,-695.2757934708544,0.0,0.5118650833406532,9.709660055555972,1.0523168908819132
0.5839166666666668,1993,18.4024395,-64.5661642,-17124.842741504515,-2485.2913429191685,-1388.9695773346066,0.0,0.197866768129417,9.732402627668161,1.0529841656516443
0.6738333333333334,1994,18.4024395,-64.5661642,-16923.81248400978,-2153.2149267495984,-2328.7921050378013,0.0,0.1454846667419809,9.755857235532103,1.0544112394332659
0.6110833333333333,1995,18.4024395,-64.5661642,-17282.74169508117,-2725.425514523338,-695.3117295320841,0.0,0.6097655716208943,9.77984991207795,1.055594324261456
0.2341666666666666,1996,18.4024395,-64.5661642,-17282.674597154044,-2725.416035027483,-695.2905399364588,0.0,0.7013137432263387,9.804826765712157,1.0561670259843414
0.6345,1997,18.4024395,-64.5661642,-17282.664494494533,-2725.415325705426,-695.2857235505286,0.0,0.4649910874221913,9.830486659651637,1.056637168141593
1.0369166666666667,1998,18.4024395,-64.5661642,-17282.683025990926,-2725.4134672899086,-695.3076956036782,0.0,0.8475406880450385,9.856395945002278,1.0566993640185405
0.45225,1999,18.4024395,-64.5661642,-17282.64651289628,-2725.4143910730827,-695.2902725069146,0.0,0.8046885552928528,9.88257030428074,1.0564888702225956
0.2453333333333333,2000,18.4024395,-64.5661642,-17282.59990260449,-2725.415271594754,-695.2675101636189,0.0,0.8221998084745596,9.908674079223427,1.0562544747877671
0.5844166666666667,2001,18.4024395,-64.5661642,-17282.555642997017,-2725.4160219048804,-695.2538966436589,0.0,0.9429326628205762,9.935809523998254,1.051544344026219
0.7479999999999999,2002,18.4024395,-64.5661642,-17282.51046703337,-2725.408675963137,-695.240783232659,0.0,1.001256685076748,9.965898812657525,1.0396665708536936
0.8094166666666666,2003,18.4024395,-64.5661642,-17282.450069768463,-2725.4020584403183,-695.2243976654562,0.0,1.021479232738285,9.997979215628845,1.026177527882754
0.54875,2004,18.4024395,-64.5661642,-17282.398175129758,-2725.3935123616207,-695.2114453833874,0.0,1.0783755671666724,10.030824800997323,1.014365522745411
0.7970833333333333,2005,18.4024395,-64.5661642,-17298.354824504648,-2746.0104252696306,-624.5454893017769,0.0,1.1904923499120577,10.064670590127518,1.0042647560559537
0.843,2006,18.4024395,-64.5661642,-17298.311457654727,-2746.012242106705,-624.539305045015,0.0,1.337104116929119,10.099177683735626,0.99532403609516
0.9415,2007,18.4024395,-64.5661642,-17298.288342226384,-2746.002192763695,-624.5506324720267,0.0,1.660169048840458,10.134242066851673,0.9868286142440256
0.3626666666666666,2008,18.4024395,-64.5661642,-17298.250404077105,-2745.9948547933377,-624.5567016362481,0.9002399999999999,1.2837077723447896,10.170265140870399,0.9788588315526255
0.71475,2009,18.4024395,-64.5661642,-17298.172123658722,-2745.993319292512,-624.5494523704333,0.0,1.2594548137849402,10.205183470748327,0.9719264984687181
0.90575,2010,18.4024395,-64.5661642,-17298.168093660497,-2745.9839938019672,-624.5655161768481,0.0,1.2227160471430714,10.224011865791892,0.9682165559602885
0.4768333333333333,2011,18.4024395,-64.5661642,-17298.168440004592,-2745.9757225062986,-624.5744435846683,0.0,1.3163009892993556,10.23860172454777,0.9638994240764153
0.6445,2012,18.4024395,-64.5661642,-17298.17496821695,-2745.971857373545,-624.5780513108682,0.9002399999999999,1.312459428610529,10.25488358752045,0.9592582379704949
0.79025,2013,18.4024395,-64.5661642,-17298.145971966507,-2745.9727459505984,-624.5689268596888,3.26582,1.3252962320583084,10.263118124300494,0.9572433576941466
0.8642500000000001,2014,18.4024395,-64.5661642,-17298.103593250013,-2745.9710791302446,-624.5469998470006,4.73116,1.3675192057935566,10.274050608635028,0.9540671792796439
0.3990833333333333,1990,4.4137155,114.5653908,-18080.338563237154,-3114.5924570826537,2449.672911805928,878.2869,0.4837832526541073,12.475821117965612,1.1515985411053427
0.3755833333333333,1991,4.4137155,114.5653908,-18084.145100119025,-3114.3865877225535,2448.6279348850835,878.2869,0.5624688569178291,12.505654879352774,1.1479090720960219
0.3009166666666666,1992,4.4137155,114.5653908,-18076.176598926802,-3114.439918174921,2447.795428039331,878.2869,0.8083491102486289,12.533273463642212,1.143665193336012
0.2541666666666666,1993,4.4137155,114.5653908,-18068.900778034033,-3114.3148343676944,2446.0652996939784,878.2869,0.668905716186911,12.559236934324103,1.1391873412775932
0.4703333333333333,1994,4.4137155,114.5653908,-18065.202968652047,-3113.74196680234,2444.912342772292,878.2869,0.9887602195879249,12.584289879145201,1.1349402524462127
0.4364166666666667,1995,4.4137155,114.5653908,-18065.30244146545,-3107.1243685006293,2446.1944124641655,878.2869,1.039640466891539,12.608523214477467,1.130897251392827
0.439,1996,4.4137155,114.5653908,-18052.15036244592,-3171.040079822683,2428.2072843461233,878.2869,1.1804380211922725,12.631980698763112,1.1269667057981787
0.7505833333333333,1997,4.4137155,114.5653908,-18035.617284221513,-3025.155520727955,2472.9387713471915,878.2869,1.255587547043436,12.654645134672272,1.1233187808449483
1.2408333333333337,1998,4.4137155,114.5653908,-17981.466461100947,276.10765880267337,3497.1724499042593,878.2869,1.039640466891539,12.67655116199912,1.1199592101603781
0.5464166666666667,1999,4.4137155,114.5653908,-18022.741699940914,-3236.349187928668,2429.658977511315,878.2869,0.938130498478611,12.697853055090258,1.116576924072588
0.51625,2000,4.4137155,114.5653908,-18015.063578160418,-3225.3950168592582,2461.0345539738264,878.2869,0.8816578783797117,12.71867768519624,1.1133282703626353
0.5768333333333333,2001,4.4137155,114.5653908,-18010.99125890613,-3250.2280454851325,2487.515776034373,1023.9643,0.9002832937283383,12.738901414851611,1.1102929336718894
0.7664166666666666,2002,4.4137155,114.5653908,-17973.674339725076,-3300.1811202221093,2481.2387410319857,1023.9643,0.9745596399981308,12.758410585489576,1.107171230176779
0.64325,2003,4.4137155,114.5653908,-17843.11073935467,-3174.3754989098666,2461.456039994529,1023.9643,1.0661235316313777,12.77717647817739,1.1038232532712169
0.6785,2004,4.4137155,114.5653908,-17824.214724162728,-3306.861498184769,2444.9402806520784,1023.9643,1.0928289305790426,12.795136272546797,1.1005460277500976
0.8904166666666667,2005,4.4137155,114.5653908,-17793.576372385898,-3292.457293935138,2461.4254028885553,1023.9643,1.2226277144231021,12.812348439301404,1.0975450718403954
0.7840000000000001,2006,4.4137155,114.5653908,-17808.243537705086,-3324.127315891613,2502.0617688910725,1023.9643,1.3355009417739911,12.828818820790795,1.094674090763517
0.68725,2007,4.4137155,114.5653908,-17790.13312173573,-3332.9786053383045,2489.0478716424386,1023.9643,1.409522487239098,12.844628995538205,1.0919002513048521
0.5329166666666666,2008,4.4137155,114.5653908,-17691.514866870253,-3337.051262652503,2500.760834728097,1023.9643,1.4653596682161423,12.859875905347094,1.0892032552125777
0.899,2009,4.4137155,114.5653908,-17612.420464243816,-3317.0227817627547,2483.4663626182723,1023.9643,1.5182432522491733,12.87469913622019,1.0865662705349648
0.9635,2010,4.4137155,114.5653908,-17630.725420934286,-3334.561072450879,2523.504963622901,1023.9643,1.6206152130242255,12.889303319664899,1.0839849299643245
0.7635000000000001,2011,4.4137155,114.5653908,-17608.68795560641,-3348.7652685971293,2525.7879881493063,145.6774,1.7931252028558382,12.902977756217442,1.0821328189012311
0.94325,2012,4.4137155,114.5653908,-17566.81533106104,-3351.6701712297927,2531.488729163831,145.6774,1.8435926178680724,12.91566879694602,1.081023126800784
1.1886666666666663,2013,4.4137155,114.5653908,-17546.95934319246,-3358.9168060376364,2540.373896627934,145.6774,1.774002747638796,12.92805749459081,1.0799909061055397
1.002916666666667,2014,4.4137155,114.5653908,-17446.759449973753,-3281.9439719778,2526.2690432884137,145.6774,1.7597526730929685,12.940016220282688,1.079007639301236
0.8685,1990,42.6073975,25.4856617,-11183.823786037065,-3321.724807116751,3682.9709195098417,2323.2,7.643875403111948,15.98659385445234,0.9522494970625335
-0.5156666666666667,1991,42.6073975,25.4856617,-12374.55185165402,-3220.6680649694954,3463.066672671627,2323.2,7.416587837913264,15.981320144740147,0.9500968602261324
0.2989166666666666,1992,42.6073975,25.4856617,-12728.481034244089,-3196.2330291584285,3242.5356724236913,2323.2,7.054990876069504,15.975211053165596,0.9478055300023773
-0.0198333333333333,1993,42.6073975,25.4856617,-13214.629331854432,-3165.078861343084,3267.1618761864743,2323.2,7.027909279456511,15.968613257705567,0.945089153217227
1.4301666666666666,1994,42.6073975,25.4856617,-12297.196914677092,-3276.067651761766,3661.9460059036523,2323.2,7.163333803070731,15.96126240961143,0.9421432795577391
0.2125,1995,42.6073975,25.4856617,-11709.527041766358,-3329.3290792815874,3847.417735459301,2323.2,7.036082880340328,15.952935589681728,0.939228991331368
-0.2966666666666666,1996,42.6073975,25.4856617,-12156.267409166003,-3293.629831656933,3932.967690543056,2323.2,7.041655641029069,15.943906059922037,0.9366447454409282
-0.3740833333333333,1997,42.6073975,25.4856617,-13717.42908737442,-3150.5012927395296,3531.8909771722356,2323.2,6.964414685005059,15.934048406020727,0.9344774679748338
0.46025,1998,42.6073975,25.4856617,-14980.627880290684,-3013.976252874773,3144.6518004619516,2323.2,6.971281100012008,15.92389505695228,0.93242007782313
1.1525833333333333,1999,42.6073975,25.4856617,-14940.263726844603,-3019.6615264050834,3146.026238407852,2323.2,6.999647715860274,15.915036794998493,0.9307911953312632
1.2054166666666666,2000,42.6073975,25.4856617,-14194.84671801305,-3041.887308261949,3201.121757463108,2323.2,6.9836859746798465,15.90708964076844,0.9298571069726783
1.069,2001,42.6073975,25.4856617,-14668.859967334733,-3017.3511332849707,3122.36093175836,3472.8467,6.88993503746022,15.899300133230952,0.9293358526792541
1.0878333333333334,2002,42.6073975,25.4856617,-14799.337079315366,-2993.956450959061,3058.2975560788054,3472.8467,6.905928711823559,15.891798381899966,0.9292944517008072
0.3428333333333333,2003,42.6073975,25.4856617,-14518.265074555251,-2993.4165335390157,3037.4463605539468,3472.8467,6.909891695218902,15.884616369534188,0.9295465733461357
0.6773333333333333,2004,42.6073975,25.4856617,-14163.091960476462,-3022.2158452497306,3103.851329661812,3472.8467,6.887410316648894,15.877973398811681,0.9298744049589271
0.1726666666666666,2005,42.6073975,25.4856617,-13569.703243780146,-3053.1326774250447,3187.7268108992803,3472.8467,6.9501909148825805,15.871583800388608,0.930368644289679
0.5701666666666666,2006,42.6073975,25.4856617,-14007.588258902748,-2992.2897090300266,3025.7178928923913,3472.8467,6.9620395609035715,15.865270424854042,0.9311531910131917
1.696416666666667,2007,42.6073975,25.4856617,-13415.204991487382,-3030.6202066275514,3120.961105616724,3472.8467,6.870026827851837,15.859199914187808,0.9322740877937855
1.4135833333333334,2008,42.6073975,25.4856617,-13593.956107891612,-3155.5509544130723,3482.1791625884184,3472.8467,6.4667389488953395,15.853467515868402,0.933639023923228
1.2985833333333334,2009,42.6073975,25.4856617,-14958.740467167383,-3022.964015721621,3123.97202554335,3472.8467,6.447543710639799,15.8482187874536,0.9351007782746159
1.2710833333333331,2010,42.6073975,25.4856617,-14871.832286482875,-3027.945427868967,3151.2050846054603,3472.8467,6.43009392405451,15.842641577529504,0.9364881753999347
0.4834166666666666,2011,42.6073975,25.4856617,-14526.388709170817,-3059.650134868827,3237.617888335181,0.0,6.493347100563538,15.836147905780281,0.9376646909320512
1.4704166666666667,2012,42.6073975,25.4856617,-14644.61971688138,-3055.7826016343424,3238.239510010507,0.0,6.481025522345408,15.828858236255288,0.9387022320717763
1.5254166666666666,2013,42.6073975,25.4856617,-13415.477612676414,-3185.623678245725,3612.644169077785,0.0,6.372942756051467,15.82119360487759,0.9394551848782812
1.3454166666666667,2014,42.6073975,25.4856617,-13075.60991973043,-3218.700468156537,3708.5994798563365,0.0,6.423180565225305,15.813218859659047,0.9399439448047634
0.7088333333333333,1990,12.0753083,-1.6880314,-18257.952084307664,-3044.2164298279613,1301.0580536515567,7724.64,4.39488856429073,16.02722520095205,0.9677598354482344
0.3601666666666667,1991,12.0753083,-1.6880314,-18239.1810538147,-3032.97023894524,1249.0222191971457,7724.64,6.477867070211999,16.052496727793194,0.967142537565024
0.0658333333333333,1992,12.0753083,-1.6880314,-18215.636230563658,-3008.772526672998,1168.263238597131,7724.64,5.7211431686102,16.077123124275335,0.9662280225576694
0.7370833333333334,1993,12.0753083,-1.6880314,-18202.194541246412,-2994.695111499464,1114.6655872433976,7724.64,6.806947583492046,16.10197389095061,0.9656263708341624
0.2038333333333333,1994,12.0753083,-1.6880314,-18180.80129541917,-2973.8571899012463,1043.5105379119532,7724.64,6.728849043333623,16.127179864265692,0.9652618448765924
0.5950833333333333,1995,12.0753083,-1.6880314,-18141.563353338246,-2944.7903944091245,947.4452000424375,7724.64,7.066764332063862,16.152812197102435,0.9650889980767176
0.8724999999999999,1996,12.0753083,-1.6880314,-18121.642942419643,-2913.162409889086,875.98574971559,7724.64,6.69275934550103,16.178363597408953,0.9648133177695437
0.6002500000000001,1997,12.0753083,-1.6880314,-18092.60814404775,-2890.2969881628856,791.6896205004288,7724.64,6.827387255065676,16.20403047367129,0.964712582876021
1.032166666666667,1998,12.0753083,-1.6880314,-18088.463621603427,-2869.9668787376495,771.2627931552867,7724.64,6.568281823204822,16.231519242475873,0.9658333728217737
0.4441666666666666,1999,12.0753083,-1.6880314,-18027.73074469125,-2886.8054354244227,777.9761342331387,7724.64,6.008439602155534,16.260771084124787,0.9678723123274376
0.5515833333333334,2000,12.0753083,-1.6880314,-18036.78201091214,-2866.2318444958064,705.532129931071,7724.64,6.453810556478968,16.290609939998426,0.9699901507853261
0.6459166666666666,2001,12.0753083,-1.6880314,-18020.378661991075,-2873.550235191466,622.2343656886321,7318.08,5.8557286692475845,16.32101722946331,0.9723107990202338
0.9563333333333334,2002,12.0753083,-1.6880314,-18018.990828333994,-2876.4288676624537,613.5411124855611,7318.08,6.718950157231899,16.351765129814375,0.9748945778635478
0.93575,2003,12.0753083,-1.6880314,-17935.561039176955,-2827.499623925941,323.12196694597793,7318.08,5.474494333959157,16.382810304941202,0.9775472818001512
1.0525,2004,12.0753083,-1.6880314,-17890.26856404816,-2816.371284941381,263.2910509079368,7318.08,4.4921210775958205,16.41419051146377,0.9801567221767329
1.3821666666666663,2005,12.0753083,-1.6880314,-17855.966282933758,-2801.1829184309586,197.64580978402856,7318.08,6.055679797249114,16.445680367457186,0.9824722244247904
0.99475,2006,12.0753083,-1.6880314,-17843.292151616613,-2801.393055439102,185.91667467234458,7318.08,5.365550877934914,16.476905254888354,0.984209199417831
0.9283333333333332,2007,12.0753083,-1.6880314,-17791.548685167258,-2797.9891887632634,158.6723357206223,7318.08,6.154752016203529,16.507233119002372,0.9851533283470456
0.34025,2008,12.0753083,-1.6880314,-17508.584127087775,-2753.1788845222013,3.6161825464444615,7318.08,7.939463292098949,16.536668805355063,0.9853364098077055
0.9796666666666668,2009,12.0753083,-1.6880314,-17422.132946138212,-2730.612880647485,-80.54948093549145,7318.08,8.25263867529782,16.56598281680257,0.9853730847201325
1.15775,2010,12.0753083,-1.6880314,-17319.949768896047,-2664.0209097405536,-292.9502022375207,7318.08,7.888116262372756,16.595375494237313,0.9854809759342643
0.9209166666666668,2011,12.0753083,-1.6880314,-17263.78502130211,-2653.1605932392695,-341.0326079754695,6507.3067,7.979862580033326,16.625072939371456,0.9857143489326156
0.59975,2012,12.0753083,-1.6880314,-17177.274298910274,-2647.1436679841995,-368.1929419172254,6507.3067,7.8338910133903505,16.655391740143706,0.9863582845692573
0.8024166666666667,2013,12.0753083,-1.6880314,-17129.820721927652,-2634.0240987575203,-425.6772780848904,6507.3067,7.031455953049655,16.685475959689985,0.9870405948094779
0.91475,2014,12.0753083,-1.6880314,-17119.95917741131,-2614.0933362412097,-500.0922069440309,6507.3067,5.646204843545205,16.715273799718624,0.9877494718251308
0.2944545454545454,1990,-3.426449,29.9324519,-17866.648126305023,-1972.1198499316868,2272.7170020224385,2077.972,2.4624053844414866,15.51730757278126,0.9676322326400314
-0.0958333333333333,1991,-3.426449,29.9324519,-17858.79596679305,-1964.6811439378785,2250.2914040501378,2077.972,2.7603769612799773,15.537353157521935,0.9681574349212871
0.0094,1992,-3.426449,29.9324519,-17852.66080029807,-1958.0744237995893,2230.3601758435234,2077.972,2.734711606055701,15.563507080363756,0.9691520085361802
0.039,1993,-3.426449,29.9324519,-17846.873183937427,-1952.7049290547272,2215.1870581440603,2077.972,2.7832195145958067,15.530248764242904,0.9674966893890803
0.03375,1994,-3.426449,29.9324519,-17843.878115716667,-1948.697683844354,2207.6902807713886,2077.972,2.7123409825193665,15.535847241568085,0.9671375455258996
0.5586666666666666,1995,-3.426449,29.9324519,-17812.73560030456,-1890.2883282418002,2188.3111425355946,2077.972,2.6588669596880394,15.596003969483407,0.9691310082598326
0.6201666666666666,1996,-3.426449,29.9324519,-17820.018131201403,-1877.2632000347198,2182.1534955081224,2077.972,2.7446521035467586,15.595620096170036,0.9687313787346685
1.0248000000000002,1997,-3.426449,29.9324519,-17813.47321982044,-1858.9056569822014,2165.8704641402915,2077.972,2.5861235926929433,15.594499159027594,0.9683920181904394
0.6255555555555555,1998,-3.426449,29.9324519,-17823.888621899576,-1846.614260784095,2179.1390617530874,2077.972,2.61417166267681,15.613142748955012,0.9688171288858297
-0.9724,1999,-3.426449,29.9324519,-17816.362119726964,-1819.7132316084435,2166.6142127774683,2077.972,2.6790057998671126,15.636857955223306,0.9694508196564587
0.683,2000,-3.426449,29.9324519,-17800.52362961471,-1816.269846134708,2146.603672491781,2077.972,2.7510202868216895,15.657275167265244,0.9698027405097406
0.4201,2001,-3.426449,29.9324519,-17941.4310417481,-1815.6082054656597,2241.9153837759445,0.0,2.615934912194404,15.68202632485193,0.9700317759395596
0.9535454545454546,2002,-3.426449,29.9324519,-17926.29662652966,-1811.3766616311104,2224.1671441815547,0.0,2.65285456563426,15.709967700630633,0.9705029348883332
0.9954166666666668,2003,-3.426449,29.9324519,-17932.67406746267,-1808.7567490944286,2219.534645701079,0.0,2.327414281623339,15.741341315713496,0.9713250670483938
1.137916666666667,2004,-3.426449,29.9324519,-17900.69120923683,-1806.4941718286454,2179.2842492384725,0.0,2.2862321088312734,15.778487943883158,0.972438204242275
0.8585242885324332,2005,-3.426449,29.9324519,-17905.605160786705,-1799.8880482099003,2174.7422451396337,0.0,2.3620513971607124,15.815485913250239,0.9735525031611033
0.8605157887716753,2006,-3.426449,29.9324519,-18344.01692831365,-1793.691617657923,2496.8408447551265,0.0,2.527239502387167,15.851286090787955,0.9746211492228054
1.2081111111111111,2007,-3.426449,29.9324519,-18393.727666354807,-1790.3888295900972,2524.005242925978,0.0,2.646997154191516,15.888004269271724,0.9757840790989087
1.3143333333333331,2008,-3.426449,29.9324519,-18386.222070350923,-1783.441310354902,2501.1452866833097,0.0,2.5871548271417484,15.929125118635872,0.9769435250698119
0.9254285714285714,2009,-3.426449,29.9324519,-18389.54547347156,-1778.213464848771,2485.6211931433018,0.0,2.5336650674217704,15.979909556282703,0.9782162322753913
1.57725,2010,-3.426449,29.9324519,-18380.550314679476,-1767.6758221150915,2452.592183106153,0.0,2.99368016942786,16.026704441946645,0.9794949564837169
0.511,2011,-3.426449,29.9324519,-18346.46053220518,-1762.409233527977,2426.1079778837257,0.0,3.139369306752681,16.062131782188764,0.9805581033526124
0.9735,2012,-3.426449,29.9324519,-18326.17054383247,-1760.9096579758502,2417.0294513323443,0.0,3.0717854953393915,16.097431408578448,0.98157297861098
1.2931666666666668,2013,-3.426449,29.9324519,-18300.50346506126,-1757.6849282935661,2388.3660785461443,0.0,3.1089716691605016,16.13294268623307,0.9825322853668189
1.0676354807707902,2014,-3.426449,29.9324519,-18308.197517747285,-1751.3999549583605,2378.311249966459,0.0,3.111130244982371,16.166401221540767,0.983386098077413
1.3655,1990,16.0000552,-24.0083947,-18601.580894805935,-3399.8322334940767,2629.023649667062,0.0,3.001754105872485,12.806457398008359,0.919424642244148
0.5996666666666667,1991,16.0000552,-24.0083947,-18601.038889980256,-3399.5749488053366,2627.7041293767998,0.0,2.9476968245154342,12.828588112434641,0.9220697514916175
0.778,1992,16.0000552,-24.0083947,-18555.107165028217,-3398.5437506334993,2590.2884167841735,0.0,3.0481539311003254,12.853037134507451,0.9248353331888667
0.5113333333333333,1993,16.0000552,-24.0083947,-18555.17829943646,-3398.4645421785,2589.774776858975,0.0,2.7907662552754826,12.878376607566636,0.9276235182970934
0.5521666666666666,1994,16.0000552,-24.0083947,-18600.562053462858,-3399.155300474596,2626.041821859773,0.0,2.7354059311120653,12.903348790173796,0.9302077476464398
1.5155,1995,16.0000552,-24.0083947,-18554.095124013897,-3398.2569881472473,2589.349714601518,0.0,2.8802989751016193,12.92727507137173,0.9325456851599567
1.5605,1996,16.0000552,-24.0083947,-18599.28235862422,-3398.7581253080584,2625.443425627723,0.0,2.9796333789642415,12.950404739604675,0.934659234512644
1.6296666666666668,1997,16.0000552,-24.0083947,-18553.08992487789,-3397.734291127459,2588.491635054027,0.0,2.8995627245977498,12.97305794040692,0.9365461233373205
1.8046666666666664,1998,16.0000552,-24.0083947,-18551.646220661656,-3397.0327278436193,2586.0632890366765,0.0,2.931662975647313,12.99501625129435,0.9383123745112544
0.7913333333333333,1999,16.0000552,-24.0083947,-18550.34434364352,-3396.492077027674,2584.626882031741,0.0,3.1638281230839636,13.016173629139269,0.9400376248047566
0.9986363636363637,2000,16.0000552,-24.0083947,-18549.25173478994,-3396.272323820994,2584.287867474072,0.0,3.146098659106394,13.03517016570195,0.9439448186924134
1.4396666666666669,2001,16.0000552,-24.0083947,-18554.672930606517,-3395.5951594910966,2586.144312774843,0.0,3.0606394767199903,13.051850780290577,0.9499658934452642
1.4864545454545457,2002,16.0000552,-24.0083947,-18554.245586904835,-3395.308417775006,2585.389411291366,0.0,3.1076403073562044,13.067338920352256,0.9557666954584716
1.5713333333333337,2003,16.0000552,-24.0083947,-18565.02118970918,-3395.027663805234,2592.796319275368,0.0,3.0935393335569032,13.081726782363194,0.9613001009065246
1.532166666666667,2004,16.0000552,-24.0083947,-18597.477884228425,-3394.8725727581327,2617.5661056311046,0.0,3.080468564496892,13.09516277242863,0.96656401054044
1.2438333333333331,2005,16.0000552,-24.0083947,-18596.48445554772,-3394.6186295166412,2617.3573352793182,0.0,3.244742382261989,13.107915507769173,0.9716669000420075
1.3096666666666663,2006,16.0000552,-24.0083947,-18595.674880725972,-3394.3789978706,2617.3076802182077,0.0,3.4329576424098907,13.12012687830364,0.976643197603699
0.758,2007,16.0000552,-24.0083947,-18596.12663829647,-3394.2429676818115,2616.997480731512,0.0,3.3216489962356874,13.131784855568275,0.9813886478995985
1.2771666666666668,2008,16.0000552,-24.0083947,-18598.759775814582,-3394.140792128564,2616.4164257089883,0.0,3.087143954988103,13.142824611300972,0.9859982021037721
0.6465714285714286,2009,16.0000552,-24.0083947,-18598.161615909226,-3393.7376955533205,2614.4745016348925,0.0,3.084081921326343,13.153160247874474,0.9905805689490772
0.8190844103615129,2010,16.0000552,-24.0083947,-18597.575471849665,-3393.4743383929326,2613.206639945616,0.0,3.050684366367836,13.163912147759035,0.9922635292678639
1.3991111111111112,2011,16.0000552,-24.0083947,-18629.838367546472,-3393.596076606271,2638.3837722117464,0.0,3.0275458135163063,13.175945849623819,0.9913403898712005
1.227,2012,16.0000552,-24.0083947,-18629.865990094055,-3393.3886223886407,2637.6595887009753,0.0,2.9513884597019393,13.187896403857513,0.9910046319432531
1.37525,2013,16.0000552,-24.0083947,-18596.175903657164,-3392.9819919280335,2611.6570400255146,0.0,2.93533981228621,13.19921330125605,0.9907603706175361
1.0721666666666667,2014,16.0000552,-24.0083947,-18595.679073927473,-3392.877363488337,2611.2143011821313,0.0,2.892186776419725,13.21051343917963,0.9902759756826498
0.7358333333333333,1990,12.5433216,104.8144914,-17384.125403192014,-1550.8402887387351,-2396.873570739872,4777.0038,-1.6939070690605504,16.002775479959407,0.9118311665017478
0.6128333333333333,1991,12.5433216,104.8144914,-17443.849869326397,-1665.429855916386,-2074.335004834793,4777.0038,-1.683084452602399,16.041145597761822,0.9195736428082025
0.5364166666666667,1992,12.5433216,104.8144914,-17435.433118553734,-1685.7168609337255,-2036.1337138551357,4777.0038,-1.6607312068216509,16.08951251759706,0.9340905268877017
0.3709166666666667,1993,12.5433216,104.8144914,-17301.621299170147,-1486.6026395050258,-2628.893020052585,4777.0038,-1.6502599069543555,16.14215879718362,0.9514802296309589
0.6088333333333333,1994,12.5433216,104.8144914,-17449.36657638926,-1730.5280775649649,-1926.9844464225253,4777.0038,-1.636295366603983,16.17978812594597,0.9597238126384737
0.619,1995,12.5433216,104.8144914,-17164.335011135874,-1326.8302169267129,-3102.340319538546,4777.0038,-1.6575782877620353,16.20606330390365,0.9618134119817364
0.336,1996,12.5433216,104.8144914,-17169.969604106685,-1507.5190559336716,-2963.442692722413,4777.0038,-1.66442222076686,16.229870629888435,0.9635142066051026
0.5816666666666667,1997,12.5433216,104.8144914,-17116.088864214074,-1398.553652119069,-3168.1124573048355,4777.0038,-1.636295366603983,16.251889384168543,0.9651847346574189
1.276333333333333,1998,12.5433216,104.8144914,-17118.41366302483,-1240.7531483544165,-3345.9123199792666,4777.0038,-1.3967488190237496,16.272452909446738,0.9650445319026723
0.2805,1999,12.5433216,104.8144914,-17042.02937115158,-1193.794897606132,-3642.7351208470895,4777.0038,-1.4775328415541618,16.291965509221846,0.9650302763773245
0.4987499999999999,2000,12.5433216,104.8144914,-17124.769919091974,-1362.2073150993774,-3208.1511602471082,4777.0038,-1.4163412824721873,16.310271906970176,0.966600138811109
0.5240833333333333,2001,12.5433216,104.8144914,-17074.8041274463,-1229.0615912067017,-3438.2887895590084,4590.3278,-1.2409826299598365,16.328210050310005,0.9680971597663905
0.9539166666666666,2002,12.5433216,104.8144914,-17055.158133458975,-1133.6653326104258,-3535.4878745963265,4590.3278,-1.4052733277176934,16.34616926949514,0.9694811261517129
0.5398333333333333,2003,12.5433216,104.8144914,-16896.979384499897,-875.7074850995679,-4203.277386188081,4590.3278,-1.3614066456121117,16.363995111394566,0.9707785537812975
0.6306666666666666,2004,12.5433216,104.8144914,-16949.879454171325,-949.2399445414642,-3931.1872690383457,4590.3278,-1.3401744255063375,16.38171843085525,0.9721433599480251
0.7663333333333333,2005,12.5433216,104.8144914,-16751.496828316423,-809.7741872235575,-4654.31503873706,4590.3278,-1.2623083813388996,16.399250190345537,0.9735889519640115
0.8395,2006,12.5433216,104.8144914,-16670.550893452946,-615.2502327558058,-4998.949633883517,4590.3278,-1.2036395265358157,16.416552813066104,0.9750070594696759
0.6396666666666667,2007,12.5433216,104.8144914,-16543.91825592068,-584.3785540072338,-5120.039743390284,4590.3278,-1.1880994551696458,16.433985443448083,0.976375504098718
0.3148333333333333,2008,12.5433216,104.8144914,-16140.958210667699,-608.4216280981792,-5161.867618097254,4590.3278,-1.1812333173564464,16.450551834021223,0.9777975407824732
0.5508333333333333,2009,12.5433216,104.8144914,-16018.56166769753,-541.6381583029412,-5372.540638822111,4590.3278,-0.7331361887763086,16.465630824151265,0.9786137792927486
1.1989166666666666,2010,12.5433216,104.8144914,-16120.342483156428,-503.2258866551836,-5538.056290806864,4590.3278,-0.7811044593190873,16.48020305234369,0.9788156229029333
0.3964166666666666,2011,12.5433216,104.8144914,-15952.879816000866,-273.6734177065236,-6046.3473391622765,79445.3304,-0.7007762077244365,16.494741786416856,0.9789973951278584
1.0054166666666668,2012,12.5433216,104.8144914,-15907.559983942238,-308.3571284182498,-6059.435458849255,79445.3304,-0.5839340955866291,16.509234695978808,0.9791836014092204
0.76225,2013,12.5433216,104.8144914,-15932.50335399067,-347.3298768760931,-5950.844024097534,79445.3304,-0.5061698122297966,16.523539625509837,0.9793273364605607
0.75375,2014,12.5433216,104.8144914,-15964.880893680187,-438.52054348452054,-5687.459883370428,79445.3304,-0.36947074788478834,16.53751731171161,0.9794229140070818
0.8954166666666667,1990,4.6125522,13.1535811,-16802.766482940962,-2502.2252122084724,1732.7736317766287,51287.1809,5.672411236277451,16.251797441564282,0.9796153901440412
0.246,1991,4.6125522,13.1535811,-16854.67930022117,-2491.825703628418,1688.2517847183174,51287.1809,4.600523808274065,16.28172008416163,0.9804384578106772
-0.12775,1992,4.6125522,13.1535811,-16887.63568715359,-2484.227441511744,1684.5870066244293,51287.1809,6.275651004510268,16.311077187735023,0.9811541641123498
0.345,1993,4.6125522,13.1535811,-16841.488750535384,-2485.2016534906215,1664.9968618655616,51287.1809,7.2321357901719505,16.340180482025982,0.9818446901960312
0.2120833333333333,1994,4.6125522,13.1535811,-16987.78110822088,-2469.6721610515783,1638.309407761828,51287.1809,6.24282250221936,16.368765882900423,0.9824897491581388
0.3325,1995,4.6125522,13.1535811,-17101.039909808947,-2453.5251036013306,1599.613456327331,51287.1809,5.588601076803405,16.396609347000854,0.9830218355870071
0.3343333333333333,1996,4.6125522,13.1535811,-17130.13055264941,-2435.4491372071975,1572.2886585963533,51287.1809,6.0646500439121205,16.423764290902767,0.983486100733266
0.5525,1997,4.6125522,13.1535811,-16975.58643789578,-2448.377911248977,1616.6992277070408,51287.1809,5.505067110731198,16.450357751667582,0.9839069549681342
1.0894166666666667,1998,4.6125522,13.1535811,-17127.35850054269,-2307.336792025841,1461.0961539878826,51287.1809,5.564032932204163,16.476790413689017,0.9843053190718097
0.5431666666666667,1999,4.6125522,13.1535811,-17055.05106093878,-2347.8850886484965,1436.989570917695,51287.1809,5.4736780861630585,16.503288185362788,0.9846666364220145
0.3336666666666667,2000,4.6125522,13.1535811,-17095.75063226474,-2330.7585606875587,1363.0368948175546,51287.1809,7.8446362181260065,16.529648524296775,0.9850291481705135
0.26,2001,4.6125522,13.1535811,-17145.663396482065,-2381.945199916294,1383.1847451747515,40610.7294,7.1252554000573145,16.55591519680056,0.9854421653460717
0.7425833333333333,2002,4.6125522,13.1535811,-17288.815922210837,-2344.0891499021527,1317.688950628467,40610.7294,7.8013786606368845,16.582711919400936,0.985931290468224
0.7178333333333334,2003,4.6125522,13.1535811,-17202.452974769854,-2260.8131103853766,1248.8056684168819,40610.7294,8.173900261864151,16.610003007466492,0.986490819859945
0.7935,2004,4.6125522,13.1535811,-17116.745234904767,-2333.527542188753,1311.952421946631,40610.7294,8.488939858478712,16.637449228141506,0.9870294764530474
1.065583333333333,2005,4.6125522,13.1535811,-17089.56866897098,-2257.834573980067,1227.5131118666886,40610.7294,7.448775824952558,16.664780768380005,0.9875778469917227
0.8805000000000001,2006,4.6125522,13.1535811,-17092.737274187442,-2324.0726323770555,1250.4227891029288,40610.7294,6.995787035207764,16.691971113323692,0.9881421539293437
0.7124166666666666,2007,4.6125522,13.1535811,-17010.926774817104,-2317.9719339466164,1233.0915889130852,40610.7294,6.922904034975534,16.719777879341294,0.9886803899550637
0.6394166666666666,2008,4.6125522,13.1535811,-17048.180659518286,-2288.1653821950367,1279.1835017972853,40610.7294,6.988887884808538,16.74814758835379,0.9892003951051707
1.07525,2009,4.6125522,13.1535811,-17118.888370569486,-2292.0768467814455,1284.0644625559692,40610.7294,7.059579294223309,16.776613808402836,0.9897122244809303
1.130083333333333,2010,4.6125522,13.1535811,-17082.18482125193,-2223.062140571489,1136.8457963338496,40610.7294,7.990217277642712,16.805125961555838,0.9902087672952763
0.5768333333333334,2011,4.6125522,13.1535811,-17106.342955731583,-2210.8343446148688,1099.913020570647,32850.62,7.520971542286431,16.83343832891002,0.9906955893197433
0.46825,2012,4.6125522,13.1535811,-17091.430982394566,-2205.118737221494,1062.054615504608,32850.62,7.526337284425474,16.861588166734464,0.9912025262229114
0.7770833333333332,2013,4.6125522,13.1535811,-16917.67630746319,-2177.587584178257,995.8162285866815,32850.62,8.062239693836078,16.889723550691905,0.9917222297463333
0.8765000000000001,2014,4.6125522,13.1535811,-17007.28812444449,-2198.1188885462725,1002.6068594940423,32850.62,7.891698692957168,16.92007862639171,0.9922133383934707
-0.0121666666666666,1990,61.0666922,-107.991707,33393.88517075061,10376.72312626209,14038.864502091596,113851.7825,9.390953553661355,17.135396794492795,0.9831229643328748
0.5568333333333334,1991,61.0666922,-107.991707,32490.88509564423,10475.647909556228,13704.956457813358,113851.7825,9.388508900206288,17.148277802631863,0.9830629155010929
0.0295833333333333,1992,61.0666922,-107.991707,32102.51296016771,10563.426088965072,13442.06151155867,113851.7825,9.434626094764146,17.160054339523054,0.9822166033376734
0.5155,1993,61.0666922,-107.991707,33141.14381022684,10452.231093426282,13820.441178359819,113851.7825,9.470423760299147,17.17129790138943,0.9811570724711716
0.5365833333333333,1994,61.0666922,-107.991707,35900.25577439062,10198.948397400924,14583.199918127826,113851.7825,9.476414293304172,17.18215752231055,0.98050553165713
0.6709999999999999,1995,61.0666922,-107.991707,36914.35003974943,10344.965837893125,15066.192770028678,113851.7825,9.516870638456407,17.192737019053716,0.9799131187003943
0.0270833333333333,1996,61.0666922,-107.991707,38089.99625062665,10415.13173601047,15096.216502984147,113851.7825,9.55944333266954,17.20307709364598,0.9797712955780712
0.7035,1997,61.0666922,-107.991707,37857.60169627431,10438.883314996689,14956.115800268293,113851.7825,9.589466829850348,17.21279201572808,0.9800511651640624
2.3351666666666664,1998,61.0666922,-107.991707,32426.38622771019,11350.345797101689,13002.971835505192,113851.7825,9.562080002264977,17.221523393362727,0.9800461078730855
1.7685833333333336,1999,61.0666922,-107.991707,34227.056518297424,11197.34337833978,13576.347101632253,113851.7825,9.582817104439938,17.22994583082323,0.9800999150114039
0.9289166666666668,2000,61.0666922,-107.991707,36421.921943483605,11085.922469689554,14160.361435161803,113851.7825,9.59647813102557,17.239229514291708,0.9807249406443801
1.8309166666666667,2001,61.0666922,-107.991707,34204.40606571849,11337.14774156343,13380.767044017352,110514.6189,9.506166751837783,17.24958688750992,0.9815540787262632
0.5996666666666667,2002,61.0666922,-107.991707,36173.725843411834,11197.946458794811,13951.199619613197,110514.6189,9.420194480522857,17.259843958725458,0.9820587420294209
1.13625,2003,61.0666922,-107.991707,37722.38073775132,11109.52660237121,14213.218150704946,110514.6189,9.436690903428032,17.269282995539925,0.9822136797064367
0.0984999999999999,2004,61.0666922,-107.991707,39029.49204948803,11038.29928235933,14474.079990666098,110514.6189,9.433656204449141,17.278482268903335,0.9823661256868732
1.6683333333333332,2005,61.0666922,-107.991707,40246.04627924985,10869.451539527525,14788.729173534784,110514.6189,9.530665674248661,17.28797114306942,0.9826304595639493
2.4591666666666665,2006,61.0666922,-107.991707,41658.080577192995,10685.191404483377,15192.901991526165,110514.6189,9.551961665138096,17.297730659239047,0.9827780644064212
0.9171666666666668,2007,61.0666922,-107.991707,42323.02575148768,10640.218239497593,15192.724122939,110514.6189,9.611711290315787,17.307841469966966,0.9826581668516747
0.6817500000000001,2008,61.0666922,-107.991707,41723.497522694386,10636.56754941544,15362.260236550963,110514.6189,9.626677610372283,17.318618741859233,0.9825356718414393
0.8668333333333332,2009,61.0666922,-107.991707,39765.372559837684,10742.36743210864,15109.89898709427,110514.6189,9.4466740537858,17.329855566876745,0.982522844155993
3.0803333333333334,2010,61.0666922,-107.991707,43918.349553946486,10514.418444063778,15819.829779732177,110514.6189,9.628770075355774,17.340794385503052,0.9825310794445198
1.4413333333333334,2011,61.0666922,-107.991707,45101.7896737564,10446.12276661408,16158.191418953662,92546.3974,9.738511559870586,17.351341741041693,0.9828219330686223
1.9099166666666667,2012,61.0666922,-107.991707,47746.87472067256,10192.78709956032,16973.948331387823,92546.3974,9.71764248345716,17.3620161541194,0.9835587944114584
0.8536666666666667,2013,61.0666922,-107.991707,50827.21019325949,10056.236139777462,16513.67545726725,92546.3974,9.764764558267428,17.3726766800652,0.9843258153257928
0.7365833333333334,2014,61.0666922,-107.991707,50859.804977755965,10002.340704279168,16750.430618452516,92546.3974,9.824836670823313,17.382352539124216,0.9847031814238919
0.8166666666666668,1990,19.70318225,-79.9174627243246,-18069.435980204446,-2902.3075239884097,793.1933470066004,4.5012,1.1692881875140737,10.1668897397139,0.9648950626604258
0.8378333333333333,1991,19.70318225,-79.9174627243246,-18069.642743841312,-2902.271350205912,793.2058974994646,4.5012,1.5952578488602664,10.216142686053809,0.9642934118830375
0.5646666666666667,1992,19.70318225,-79.9174627243246,-18069.297675205078,-2902.241589658289,793.1883726725471,4.5012,1.540066397842324,10.263815814972762,0.9639750702006712
1.0851666666666666,1993,19.70318225,-79.9174627243246,-18069.326463209232,-2902.2232842061458,793.1252319875466,4.5012,1.3849184149399596,10.310218525765526,0.9641666121755051
1.338666666666667,1994,19.70318225,-79.9174627243246,-18069.323299572094,-2902.2190256086674,793.0947056392449,4.5012,1.2861424791694493,10.355104426665436,0.9641763050953422
1.3633,1995,19.70318225,-79.9174627243246,-18069.33121479999,-2902.2263773088694,793.0624059231709,4.5012,1.4907895024493387,10.398244768123055,0.9639564124057001
0.7070833333333333,1996,19.70318225,-79.9174627243246,-18069.298986833666,-2902.213586601019,793.0369769469178,4.5012,1.499980125523707,10.439776223738649,0.9635350867118411
1.3617,1997,19.70318225,-79.9174627243246,-18069.245055473853,-2902.1937646616157,793.0176587425244,4.5012,1.336210860951904,10.479510855147508,0.9634126151978367
1.2360909090909091,1998,19.70318225,-79.9174627243246,-18069.232152878998,-2902.1576449119084,792.9519195128196,4.5012,1.623439432069914,10.517239732281821,0.9631774707757704
0.6795833333333333,1999,19.70318225,-79.9174627243246,-18069.166948530674,-2902.1452517982334,792.947429564156,4.5012,1.6105572857020167,10.553100731072345,0.9629914398482752
0.8380034453793168,2000,19.70318225,-79.9174627243246,-18067.931142198187,-2901.4045105752393,788.1013618463636,4.5012,1.7219984456449529,10.588073187434166,0.9641919667178446
0.8371649423116163,2001,19.70318225,-79.9174627243246,-18067.863825144366,-2901.3890321473364,788.1053896129157,4.7254,1.8298096257522922,10.622643552277124,0.9663760896637609
0.8430647619074331,2002,19.70318225,-79.9174627243246,-18067.782461413502,-2901.3748145744576,788.1144666509078,4.7254,1.7909591490572858,10.656247078027217,0.9686094496221078
0.8430647619074331,2003,19.70318225,-79.9174627243246,-18067.710396963143,-2901.3563572158096,788.1335268463686,4.7254,1.8261125855997173,10.688826419085547,0.9706622338035762
0.8430647619074331,2004,19.70318225,-79.9174627243246,-18067.947479837654,-2901.3527438296296,788.1574368889856,4.7254,1.843466011550248,10.720775294568275,0.9720867444696046
1.05125,2005,19.70318225,-79.9174627243246,-18067.839112976206,-2901.3342566998963,788.1909793534302,4.7254,1.9711740270139768,10.752077435046024,0.9731852540010979
0.9520833333333334,2006,19.70318225,-79.9174627243246,-18160.54402688086,-3036.759857484606,1183.8917347027957,4.7254,2.15512862352617,10.782637007729601,0.9744672131147541
0.9920833333333334,2007,19.70318225,-79.9174627243246,-18167.398741322504,-3048.049359905126,1216.592456648105,4.7254,2.708590055354677,10.812673102280236,0.9761175018906978
0.8537500000000001,2008,19.70318225,-79.9174627243246,-18165.89283387224,-3046.8283828176973,1213.1308203182705,4.7254,2.464185100412222,10.841989772775502,0.9777554257418082
0.92875,2009,19.70318225,-79.9174627243246,-18156.877503252574,-3032.9846938498845,1172.9698987056418,4.7254,2.3434486866490447,10.87050942081664,0.979826113139373
0.7204166666666666,2010,19.70318225,-79.9174627243246,-18156.46440242803,-3032.476046943917,1171.394382245475,4.7254,2.158483749019789,10.898108757816239,0.9824027569014188
0.83875,2011,19.70318225,-79.9174627243246,-18155.415302938316,-3032.0698770117965,1170.360438495368,0.0,2.258883957722947,10.924012165653831,0.9872869216444635
0.78125,2012,19.70318225,-79.9174627243246,-18155.55644177559,-3031.8761950102594,1169.6258168630698,0.0,2.1593034637818764,10.948347385204992,0.9942480359147026
0.9295833333333332,2013,19.70318225,-79.9174627243246,-18155.041942310316,-3031.691376393214,1169.1414240369827,0.0,2.240081832640757,10.971846798033217,1.0004123711340207
1.0545833333333332,2014,19.70318225,-79.9174627243246,-18155.154895784883,-3031.5756402471793,1168.8365810709033,0.0,2.218822976888715,10.994722696865189,1.0049484952534842
0.7575,1990,7.0323598,19.9981227,-18302.725827739785,-2383.8771566683095,1482.4776037791337,13917.2,2.2132072818428288,14.84841777867691,1.0270158526289965
0.2009999999999999,1991,7.0323598,19.9981227,-18294.264213540228,-2378.4066507552425,1451.8684225429,13917.2,2.2503018350700414,14.879549345111032,1.0252530123176222
-0.3965,1992,7.0323598,19.9981227,-18292.375820543588,-2377.0647872274585,1446.462729820815,13917.2,2.3765323379461285,14.911361704853114,1.0236679746396198
0.4240833333333333,1993,7.0323598,19.9981227,-18292.104021570303,-2375.7231258428246,1439.9314070335172,13917.2,2.462592872191416,14.943404911556563,1.0222198073973505
0.411,1994,7.0323598,19.9981227,-18288.844894483937,-2373.8970696680217,1429.690342870334,13917.2,2.4306616349356047,14.974855384194333,1.0207844171387133
0.2305833333333333,1995,7.0323598,19.9981227,-18284.79793816525,-2371.3326502430205,1417.0072802004372,13917.2,2.375491629427106,15.002349512636856,1.0188676571524335
0.0620833333333333,1996,7.0323598,19.9981227,-18536.1995054979,-3169.8834526961436,1983.0210165702417,13917.2,2.412371798604752,15.028513467885764,1.0168625024284594
0.6056,1997,7.0323598,19.9981227,-18529.726204668663,-3026.670833155645,1895.568446550307,13917.2,2.2691627368306806,15.056337141849555,1.0152627496956832
1.154,1998,7.0323598,19.9981227,-18524.70404690141,-2885.5017577758226,1783.0849715955842,13917.2,2.329655364516709,15.083883623870369,1.0138673941761476
0.4832499999999999,1999,7.0323598,19.9981227,-18521.722700466857,-2947.2972378443064,1834.3533883934247,13917.2,2.39933060585123,15.11170514152772,1.0127825258125638
0.6669166666666667,2000,7.0323598,19.9981227,-18517.644282823825,-3002.9363937314442,1818.9537630772977,13917.2,2.4896619918718605,15.139708746317533,1.0119835794454048
0.4663333333333333,2001,7.0323598,19.9981227,-18499.65500155293,-2254.8083682530532,1460.673580353766,13917.2,2.4175909425031334,15.162225121467774,1.010633190741651
0.6303333333333333,2002,7.0323598,19.9981227,-18496.119875669934,-2370.7339343392414,1536.2872296387904,13917.2,2.3963122022212904,15.184315110160453,1.0093832416479949
0.9415833333333332,2003,7.0323598,19.9981227,-18483.444333687585,-1837.5305738607062,1187.46825749949,13917.2,2.215773696007082,15.20849300390122,1.0089570973297333
0.9436666666666668,2004,7.0323598,19.9981227,-18485.85020209576,-2329.1478928357815,1465.4887194072385,13917.2,2.209515401420452,15.230182927375465,1.0086160147954135
1.0768333333333333,2005,7.0323598,19.9981227,-18473.035637689292,-2010.9256836284173,1268.0601000571342,13917.2,2.2440551508036424,15.252696445273681,1.0083155827349664
0.7724166666666666,2006,7.0323598,19.9981227,-18468.549405642305,-2075.825690444032,1286.319750904662,13917.2,2.390018880755682,15.272811461773712,1.0079793551427914
0.6541666666666667,2007,7.0323598,19.9981227,-18456.99374329311,-1956.284470383843,1191.753247734865,13917.2,2.5205874509933826,15.291547126460012,1.0076160193807253
0.7095833333333333,2008,7.0323598,19.9981227,-18454.8881154253,-2033.7879926250594,1212.671484296389,13917.2,2.229917621282737,15.312279759260502,1.0072544061137412
1.0685,2009,7.0323598,19.9981227,-18455.084414983114,-2402.072050531819,1445.2162955665553,13917.2,2.260178510343552,15.333828300230724,1.0068649171254929
1.16625,2010,7.0323598,19.9981227,-18446.809835526867,-2090.42415786559,1248.6820962013678,13917.2,2.377395675402221,15.354540383680874,1.0064398905515692
0.57625,2011,7.0323598,19.9981227,-18431.850367844254,-2004.1040338275698,1142.437394589447,13917.2,2.4085654165312778,15.369863153266564,1.0060894621865342
0.6866666666666666,2012,7.0323598,19.9981227,-18434.009149081554,-2121.7272517266774,1242.1840304344591,13917.2,2.430168833348666,15.378549495056857,1.005798500936862
0.8569166666666667,2013,7.0323598,19.9981227,-18435.78498699696,-2265.1624440576747,1300.1894679727116,13917.2,2.1633345198473535,15.38463238954888,1.0052615668036513
0.6714166666666667,2014,7.0323598,19.9981227,-18239.73488634354,-2409.14332870635,1233.9427843451188,13917.2,2.297341368670992,15.383862691089972,1.0042886385744412
0.5655,1990,15.6134137,19.0156172,-18413.265763766696,-3126.92169382994,1709.8047049782554,7663.3333,3.4058664645104177,15.578024687482937,0.9751537615437675
0.4116666666666666,1991,15.6134137,19.0156172,-18280.40750414954,-3040.3117524991394,1184.163552092331,7663.3333,3.528569846971094,15.614316641387308,0.9757922145187855
-0.2335,1992,15.6134137,19.0156172,-18256.78685899067,-3022.313098871263,1097.1247161915464,7663.3333,3.9968566796099987,15.656524686641728,0.9775358983554229
0.4091666666666667,1993,15.6134137,19.0156172,-18243.23031613488,-3012.2113964757737,1029.6455485063477,7663.3333,3.8555246090228805,15.679324141623512,0.979037783918011
0.2064166666666666,1994,15.6134137,19.0156172,-18214.529433480144,-2990.4469313458676,926.5737651029874,7663.3333,3.839516826641267,15.701518886419406,0.9807063609134143
0.309,1995,15.6134137,19.0156172,-18186.524710091602,-2967.768657515754,820.2889915909228,7663.3333,3.794924985095183,15.745415591468202,0.9828114372819516
0.5526666666666666,1996,15.6134137,19.0156172,-18162.559986856082,-2953.8526628849795,707.4670252767463,7663.3333,3.8062690790611406,15.78963199983622,0.984809926294857
0.5269166666666667,1997,15.6134137,19.0156172,-18126.62112163562,-2901.801144496159,568.6775502892483,7663.3333,3.717602956133054,15.823841898911066,0.9865405667988562
0.928,1998,15.6134137,19.0156172,-18101.078567190598,-2785.7197836859364,412.69082499610204,7663.3333,3.696314247416252,15.857913823242294,0.9882055684922693
0.4333333333333333,1999,15.6134137,19.0156172,-18068.98365722016,-2775.7309610991433,290.5476038304638,7663.3333,3.76074652446452,15.892685783488592,0.9898313281845966
0.2139999999999999,2000,15.6134137,19.0156172,-18037.66029312032,-2828.1800145977877,206.65626195313766,7663.3333,3.751311852681588,15.926830781697937,0.9913312594965792
0.4379166666666667,2001,15.6134137,19.0156172,-17970.96363625762,-2884.039996976518,184.38033635383655,16672.7847,3.6136870480203744,15.96013150911887,0.9927838982912401
0.7145833333333332,2002,15.6134137,19.0156172,-17931.3653356556,-2845.232605868535,27.725410727362906,16672.7847,3.6561806271506967,15.994612802185692,0.994321452368773
0.8683333333333333,2003,15.6134137,19.0156172,-17892.241847317808,-2802.088695056605,-121.842701758291,16672.7847,3.570444956302156,16.03431896398622,0.9958755861132
0.8850000000000001,2004,15.6134137,19.0156172,-17857.96789705943,-2784.4545279811387,-241.49650251810118,16672.7847,3.5696650820842066,16.078679230655645,0.9973022352492414
1.2545,2005,15.6134137,19.0156172,-17813.20714584929,-2775.2885316125794,-398.2448274170235,16672.7847,3.7490168984551646,16.118596725399552,0.9986144554486299
1.101,2006,15.6134137,19.0156172,-17771.573661999675,-2720.8575160910395,-557.1678414146047,16672.7847,3.7892269254355293,16.15400444344429,0.9998018644420951
0.7633333333333333,2007,15.6134137,19.0156172,-17730.93250318648,-2679.0480828679742,-713.451867691362,16672.7847,3.8100700109036594,16.187876345364618,1.0008247568879796
0.5043333333333333,2008,15.6134137,19.0156172,-17678.832607993616,-2678.903918976684,-884.736563905232,16672.7847,3.965321088882488,16.222335298678313,1.0017827028762407
1.1800833333333334,2009,15.6134137,19.0156172,-17625.30515964598,-2678.467307783705,-1047.2900911297277,16672.7847,4.145948225107032,16.257520840986597,1.0027267162093279
1.143,2010,15.6134137,19.0156172,-17569.10334074432,-2595.008771643899,-1287.8309266781039,16672.7847,4.193430936554192,16.291605750636148,1.0036352622969515
0.8976666666666667,2011,15.6134137,19.0156172,-17531.776547995298,-2573.2703523558785,-1457.4898459836238,25814.0447,4.217678091276427,16.326550245846178,1.004420953248517
0.6301666666666667,2012,15.6134137,19.0156172,-17414.97668396759,-2511.9286899670137,-1696.5077489481266,25814.0447,4.495770412389538,16.361426539871935,1.0051078356670362
1.055416666666667,2013,15.6134137,19.0156172,-17325.827018741362,-2487.990195051159,-1962.321671058786,25814.0447,4.768531460613574,16.396996733111703,1.0056868001710562
0.9093333333333334,2014,15.6134137,19.0156172,-17265.660130820554,-2465.0339237996063,-2156.744159961807,25814.0447,4.759967228306672,16.43269651476132,1.0061552094089388
1.4083333333333332,1990,49.21230655,-2.1255999596428845,2573.269806184995,-1424.0786500237145,-4032.591229932679,57388.947219999995,8.619917372195125,17.341642770050864,1.0143384597028164
0.1058333333333333,1991,49.21230655,-2.1255999596428845,2578.8564594069476,-1416.0225252972944,-4054.454132056724,57388.947219999995,8.619917372195125,17.341642770050864,1.0143384597028164
0.5578333333333334,1992,49.21230655,-2.1255999596428845,2572.8260036353527,-1424.0555034167432,-4032.9406848421163,57388.947219999995,8.619917372195125,17.341642770050864,1.0143384597028164
0.2699166666666666,1993,49.21230655,-2.1255999596428845,2578.8564594069476,-1416.0225252972944,-4054.454132056724,57388.947219999995,8.619917372195125,17.341642770050864,1.0143384597028164
1.2014166666666666,1994,49.21230655,-2.1255999596428845,2579.2525784157065,-1414.996669493741,-4058.8245896358535,57388.947219999995,8.619917372195125,17.341642770050864,1.0143384597028164
1.2768333333333337,1995,49.21230655,-2.1255999596428845,2579.2525784157065,-1414.996669493741,-4058.8245896358535,57388.947219999995,8.619917372195125,17.341642770050864,1.0143384597028164
0.0850833333333333,1996,49.21230655,-2.1255999596428845,2584.8392316376608,-1406.9405447673212,-4080.6874917598975,57388.947219999995,8.619917372195125,17.341642770050864,1.0143384597028164
1.2038333333333333,1997,49.21230655,-2.1255999596428845,2579.2525784157065,-1414.996669493741,-4058.8245896358535,57388.947219999995,8.619917372195125,17.341642770050864,1.0143384597028164
0.8406666666666666,1998,49.21230655,-2.1255999596428845,2578.808775866065,-1414.973522886771,-4059.1740445452915,57388.947219999995,8.619917372195125,17.341642770050864,1.0143384597028164
1.39,1999,49.21230655,-2.1255999596428845,2579.2525784157065,-1414.996669493741,-4058.8245896358535,57388.947219999995,8.619917372195125,17.341642770050864,1.0143384597028164
1.01625,2000,49.21230655,-2.1255999596428845,2578.808775866065,-1414.973522886771,-4059.1740445452915,57388.947219999995,8.619917372195125,17.341642770050864,1.0143384597028164
0.9083333333333332,2001,49.21230655,-2.1255999596428845,2578.808775866065,-1414.973522886771,-4059.1740445452915,57388.947219999995,8.619917372195125,17.341642770050864,1.0143384597028164
1.3251666666666666,2002,49.21230655,-2.1255999596428845,2579.2525784157065,-1414.996669493741,-4058.8245896358535,57388.947219999995,8.619917372195125,17.341642770050864,1.0143384597028164
1.3306666666666669,2003,49.21230655,-2.1255999596428845,2579.2525784157065,-1414.996669493741,-4058.8245896358535,57388.947219999995,8.619917372195125,17.341642770050864,1.0143384597028164
1.0218333333333334,2004,49.21230655,-2.1255999596428845,2578.808775866065,-1414.973522886771,-4059.1740445452915,57388.947219999995,8.619917372195125,17.341642770050864,1.0143384597028164
1.1541666666666666,2005,49.21230655,-2.1255999596428845,2579.2525784157065,-1414.996669493741,-4058.8245896358535,57388.947219999995,8.619917372195125,17.341642770050864,1.0143384597028164
1.3195,2006,49.21230655,-2.1255999596428845,2579.2525784157065,-1414.996669493741,-4058.8245896358535,57388.947219999995,8.619917372195125,17.341642770050864,1.0143384597028164
1.22875,2007,49.21230655,-2.1255999596428845,2579.2525784157065,-1414.996669493741,-4058.8245896358535,57388.947219999995,8.619917372195125,17.341642770050864,1.0143384597028164
0.7635,2008,49.21230655,-2.1255999596428845,2578.808775866065,-1414.973522886771,-4059.1740445452915,57388.947219999995,8.619917372195125,17.341642770050864,1.0143384597028164
0.7851666666666667,2009,49.21230655,-2.1255999596428845,2578.808775866065,-1414.973522886771,-4059.1740445452915,57388.947219999995,8.619917372195125,17.341642770050864,1.0143384597028164
-0.0366666666666667,2010,49.21230655,-2.1255999596428845,2584.8392316376608,-1406.9405447673212,-4080.6874917598975,57388.947219999995,8.619917372195125,17.341642770050864,1.0143384597028164
1.603,2011,49.21230655,-2.1255999596428845,2579.2525784157065,-1414.996669493741,-4058.8245896358535,57388.947219999995,8.619917372195125,17.341642770050864,1.0143384597028164
0.7690833333333335,2012,49.21230655,-2.1255999596428845,2578.808775866065,-1414.973522886771,-4059.1740445452915,57388.947219999995,8.619917372195125,17.341642770050864,1.0143384597028164
0.60725,2013,49.21230655,-2.1255999596428845,2578.808775866065,-1414.973522886771,-4059.1740445452915,57388.947219999995,8.619917372195125,17.341642770050864,1.0143384597028164
1.7990833333333331,2014,49.21230655,-2.1255999596428845,2579.2525784157065,-1414.996669493741,-4058.8245896358535,57388.947219999995,8.619917372195125,17.341642770050864,1.0143384597028164
0.1675,1990,-31.7613365,-71.3187697,-16439.500465228695,-2425.0672545061816,1112.7943362417013,3010.0184,6.354993324776399,16.406492567847923,0.9896364310910646
0.0396666666666666,1991,-31.7613365,-71.3187697,-16322.110032072016,-2411.448993027149,1068.3619040804529,3010.0184,6.882549567278927,16.422778266768653,0.9894268910523982
-0.0195,1992,-31.7613365,-71.3187697,-16105.256119130894,-2394.434407108663,1010.029689973564,3010.0184,6.834772458223502,16.438895573071566,0.9893545418788183
0.219,1993,-31.7613365,-71.3187697,-16012.627864857024,-2368.6324037023073,934.4140237828317,3010.0184,6.721505095229183,16.45445266665614,0.9893391819065238
0.34925,1994,-31.7613365,-71.3187697,-15826.775220794576,-2338.914697090921,830.0043979739374,3010.0184,6.708719901214384,16.4695039303348,0.9892250984906683
0.0297499999999999,1995,-31.7613365,-71.3187697,-15577.860273462149,-2314.7112789990833,760.0245993231263,3010.0184,6.366312359634799,16.483904543095615,0.9889925776986602
0.21225,1996,-31.7613365,-71.3187697,-15483.403310384381,-2286.447166522302,667.0571417942034,3010.0184,7.036261943779218,16.49759193579892,0.9886925162314955
0.7224166666666667,1997,-31.7613365,-71.3187697,-15337.985362456096,-2279.9342739547674,652.5343591898927,3010.0184,7.059301341164481,16.510765244514108,0.988365690467914
0.6950833333333333,1998,-31.7613365,-71.3187697,-15215.048562708373,-2257.239035496731,587.2034550036996,3010.0184,6.544216835022002,16.52334353547515,0.9880979857385287
0.2278333333333333,1999,-31.7613365,-71.3187697,-15077.375892909919,-2256.335890967169,592.1101959258169,3010.0184,6.399280722623302,16.535252806573645,0.9878534120838732
-0.1785,2000,-31.7613365,-71.3187697,-14048.254893384143,-2208.0143445644803,422.6275918139846,3010.0184,6.517623561286649,16.54674315868837,0.9875082581977056
0.1704166666666666,2001,-31.7613365,-71.3187697,-13801.27462502497,-2098.9003781979213,84.32065171145129,0.0,6.314112922936115,16.557896418725882,0.9870927120037766
0.0438333333333333,2002,-31.7613365,-71.3187697,-13132.007420412277,-2029.5130659521067,-123.09630335582524,0.0,6.485788768533564,16.56877565067013,0.9866658429923076
0.2549999999999999,2003,-31.7613365,-71.3187697,-12548.822090975716,-1958.2410963622353,-287.69412060840705,0.0,6.1746082658341725,16.57925471963652,0.9862926849857538
0.6461666666666667,2004,-31.7613365,-71.3187697,-12707.070900893867,-1797.2038319549822,-772.4139135136453,0.0,6.703899148738757,16.58922152525145,0.9859323090473308
0.2598333333333333,2005,-31.7613365,-71.3187697,-12771.325204181738,-1621.7849398511105,-1296.571121475229,0.0,6.127633302581645,16.598996625368873,0.9855782887111579
0.5548333333333334,2006,-31.7613365,-71.3187697,-12658.93694135332,-1565.883231029842,-1467.5137492036176,0.0,6.085991010796135,16.60879458492555,0.9854133048881699
-0.2282499999999999,2007,-31.7613365,-71.3187697,-12467.348311373322,-1884.0135078810392,-509.9920939046051,0.0,6.1254944404603675,16.618600478057157,0.9853704812780675
0.6198333333333333,2008,-31.7613365,-71.3187697,-12170.468231321016,-1823.9321288074482,-663.5478963696872,0.0,6.267303769020397,16.628608885936014,0.9852743924562375
0.3860833333333333,2009,-31.7613365,-71.3187697,-13143.54903424871,-1797.7118600904685,-761.5385852758243,0.0,6.33188042591158,16.638878358029928,0.985158699983773
-0.0425,2010,-31.7613365,-71.3187697,-12922.13860915367,-1779.1715596354522,-777.5470291601338,0.0,6.865643494707235,16.64896875439464,0.9850345194707559
0.3659166666666666,2011,-31.7613365,-71.3187697,-12450.86091521074,-1602.5017132695582,-1287.5421329770202,0.0,7.120338950505966,16.658882364969223,0.9849783321769224
0.5504166666666667,2012,-31.7613365,-71.3187697,-12238.167720887108,-1645.036123055481,-1180.711773688929,0.0,6.869258703577818,16.668628600231823,0.9849595711642969
0.5405,2013,-31.7613365,-71.3187697,-12729.428355900563,-2173.812089893489,450.53956394389826,0.0,6.608915726031811,16.678278363875688,0.9848551831583796
0.4141666666666666,2014,-31.7613365,-71.3187697,-12618.591081544395,-2223.632773668655,610.7253676784378,0.0,6.516636616717509,16.688346570577966,0.9847377995253132
0.8403333333333333,1990,35.0000663,104.999955,277295.49973020144,48691.54189694326,-177537.2190181377,0.0,11.461847482138323,20.889186317553992,1.0396414355419392
0.4309166666666666,1991,35.0000663,104.999955,297465.95844878367,47369.9258223773,-175571.08138386457,0.0,11.479391977964228,20.903654384180594,1.040413591513186
0.17525,1992,35.0000663,104.999955,321293.9015155155,45370.95727989085,-171353.01041764085,0.0,11.376715546581991,20.91483258082357,1.0411189230330777
0.2088333333333333,1993,35.0000663,104.999955,354747.2290719303,41142.348357175855,-159347.96399162718,0.0,11.332890131574809,20.924942039989062,1.0417291954529215
0.80775,1994,35.0000663,104.999955,391821.61630256736,38171.6710751781,-152391.2775767653,0.0,11.390521841570786,20.93444821701436,1.0423487881505933
0.5285000000000001,1995,35.0000663,104.999955,427063.30865412194,37126.20847870916,-154858.01677474557,0.0,11.493651827974006,20.94339744811943,1.0429884236751876
0.2453333333333333,1996,35.0000663,104.999955,440779.5854788597,37926.91852228696,-158143.45134864567,0.0,11.519113517420351,20.951714496058568,1.0436009241119788
0.6968333333333333,1997,35.0000663,104.999955,467480.48990876373,35168.78412456039,-146921.20600012472,0.0,11.527572195996267,20.959459249612276,1.0442008065831616
1.378083333333333,1998,35.0000663,104.999955,483956.2448877255,33967.83002548197,-145769.93910771082,0.0,11.543273180209908,20.96677233619493,1.0446839655121525
1.15775,1999,35.0000663,104.999955,539295.6198720905,29203.057640698597,-130219.30417195767,0.0,11.527363536576807,20.973680475871596,1.0451903083482326
0.5566666666666666,2000,35.0000663,104.999955,548138.7391312951,27702.064747065946,-126359.81364786351,0.0,11.502050637802006,20.98058423240185,1.0457729908380637
0.9355833333333332,2001,35.0000663,104.999955,596365.0472842407,22259.03722943991,-112294.26892440164,0.0,11.515366703720609,20.98740803456903,1.046106025492573
1.153333333333333,2002,35.0000663,104.999955,659762.5388718795,15142.064941378685,-90908.3748453328,0.0,11.141970838502257,20.993822794085446,1.0462267107872987
0.9006666666666666,2003,35.0000663,104.999955,744094.4425130626,5872.8072456669515,-66039.42640808033,0.0,11.284998413439638,21.0000002286269,1.0463290684633255
1.1411666666666669,2004,35.0000663,104.999955,855722.9052889842,-2223.26013491063,-49220.630970972605,0.0,11.414653210350577,21.006119775444844,1.0464241959874845
0.88225,2005,35.0000663,104.999955,955407.1810540715,-10892.994471926626,-26421.296011667862,0.0,11.531072106191747,21.01227904379556,1.0465085072950704
1.37425,2006,35.0000663,104.999955,1079046.8466271712,-22090.232980528133,3286.769936634985,0.0,11.568142163233356,21.018487415755814,1.046606070070317
1.6124166666666666,2007,35.0000663,104.999955,1146579.00515767,-27727.244156600103,17220.63238432,0.0,11.536345333331022,21.0248303395055,1.046693916178741
1.0479166666666668,2008,35.0000663,104.999955,1166262.90656985,-28473.308139056997,17915.72338299624,0.0,11.5122377145241,21.031298316782518,1.0467628138135263
1.233,2009,35.0000663,104.999955,1216677.1118633738,-32225.86796472385,27214.640553023477,0.0,11.537922929625072,21.037935905578845,1.0468321671634657
0.9870833333333334,2010,35.0000663,104.999955,1296153.8431208988,-39321.399038850774,46365.04297878587,0.0,11.579259847270897,21.044598462976488,1.0468467223016629
0.7678333333333334,2011,35.0000663,104.999955,1416702.402281295,-50333.433821843806,76811.38705517995,0.0,11.620577285183701,21.05111883441869,1.046812445250951
0.5429166666666667,2012,35.0000663,104.999955,1463004.5512697888,-54107.0150117808,89261.69243792431,0.0,11.658137085619565,21.05803069038959,1.0467659296872374
1.1974166666666666,2013,35.0000663,104.999955,1588397.9220222968,-65650.47242804132,123609.42996997328,0.0,11.73215596146177,21.064953621066266,1.0466573298028539
0.9763333333333332,2014,35.0000663,104.999955,1688390.3363813288,-76496.55282451853,157585.92949871658,0.0,11.757259715057625,21.07150325587397,1.0464593252492551
0.3969166666666666,1990,22.350627,114.1849161,-16232.292274590103,-3018.1408425552977,1490.6754252920546,18223.3116,4.906820398167434,15.579997146905896,1.0366341841846032
0.6742499999999999,1991,22.350627,114.1849161,-16442.772523063686,-3002.5354036529016,1579.3145672286582,18019.55642,3.6937814198241674,15.594429100924076,1.0308415716835033
-0.1657499999999999,1992,22.350627,114.1849161,-16452.80816018065,-2989.6811167593587,1553.030443664869,14634.125680000001,5.713752673298802,15.608550040958393,1.0250873887205347
0.09025,1993,22.350627,114.1849161,-16459.11729501097,-2980.039923365776,1530.0000198398773,15542.122299999999,5.090338005516077,15.622127112095495,1.0196492531373538
0.5251666666666667,1994,22.350627,114.1849161,-16374.770004971564,-2974.2698592302586,1525.438881015711,872.6269599999999,4.30473946036211,15.634999811521599,1.0144591415037807
-0.1865833333333333,1995,22.350627,114.1849161,-16413.157296831323,-2962.6290899197934,1488.0606322299102,3435.3003400000002,5.921969227986785,15.647108978684079,1.0095203336574257
0.1203333333333333,1996,22.350627,114.1849161,-16374.554482907333,-2963.6217643408154,1490.7967960585522,6011.93922,5.811540015153169,15.661354721994153,1.0033313764290883
0.29875,1997,22.350627,114.1849161,-16452.462013918426,-2956.4340046987268,1469.9872081890705,8310.7871,4.532829789213728,15.678231160380733,0.995380218861086
1.008916666666667,1998,22.350627,114.1849161,-16513.49862547618,-2928.064846845152,1422.5494328307202,7389.57978,4.268072073547462,15.69437344161305,0.9873090806422723
0.7649166666666667,1999,22.350627,114.1849161,-16507.942282767293,-2923.9542965362534,1435.3330873483285,6552.7521,4.627824234312691,15.708918411407806,0.9794640696469847
0.4869999999999999,2000,22.350627,114.1849161,-16491.969542921604,-2924.1783970376237,1412.7547745162647,4227.533079999999,5.708292688334086,15.722263397570535,0.9717760964188304
0.7344166666666667,2001,22.350627,114.1849161,-16495.780575984874,-2912.4780631259296,1372.4116017439862,3795.1378799999998,5.030369291586484,15.732659762119493,0.9635319053607287
0.9939166666666668,2002,22.350627,114.1849161,-16447.665791532578,-2917.300441820617,1375.5802541109706,3138.3654199999996,5.837590845585358,15.739590874902927,0.9545087835001415
0.96325,2003,22.350627,114.1849161,-16356.469916324997,-2914.7131912557606,1375.6802285241613,2339.28412,5.0986361591588345,15.74506714200669,0.9453232565142545
0.8220833333333334,2004,22.350627,114.1849161,-16418.488448860102,-2918.0614285957204,1370.3429914795067,943.51746,5.403589578307188,15.749347836600776,0.9361485134960732
0.5816666666666667,2005,22.350627,114.1849161,-16367.102642186757,-2912.9400015444157,1358.4394154743227,361.45724000000007,5.946189841466913,15.752361942888381,0.9270820890090725
0.9996666666666668,2006,22.350627,114.1849161,-16383.308201861948,-2912.717749130272,1352.5405351796473,4253.82248,5.991830630091429,15.755775517162416,0.9185668318073394
1.123916666666667,2007,22.350627,114.1849161,-16313.455072453547,-2911.4278756016465,1353.848805769574,8336.947100000001,4.904428049694432,15.761628542563141,0.9109593396878632
0.2866666666666667,2008,22.350627,114.1849161,-16113.467051953754,-2928.775055393036,1426.9879234790258,2200.0516399999997,5.331267402342696,15.768634198546817,0.9038162855979461
0.8270833333333334,2009,22.350627,114.1849161,-16069.089514655554,-2925.259784860147,1461.023129120165,15759.225139999999,6.228470332152671,15.774843784494584,0.8966569079278903
0.4406666666666667,2010,22.350627,114.1849161,-15968.611325390537,-2939.660905842905,1503.2814060168814,1456.9445,5.437370536063915,15.780163529223211,0.889368265961826
0.2303333333333333,2011,22.350627,114.1849161,-15867.908175721355,-2937.2918432864935,1508.969061808889,2695.53768,5.982658890864787,15.786164189396208,0.8826955365199428
0.5868333333333333,2012,22.350627,114.1849161,-15768.663458670248,-2941.4851639227213,1527.957343726952,21073.89426,5.2991281377841934,15.79431084739125,0.8773886292527671
0.6169166666666667,2013,22.350627,114.1849161,-15722.484068345373,-2944.891760817799,1546.1444041154446,589.15944,6.0006133687196055,15.802950154093406,0.8724932002788919
0.7127499999999999,2014,22.350627,114.1849161,-15557.815758568893,-2946.765837820891,1561.3919638702328,811.53732,6.336204688782026,15.81050783389395,0.8673201955354582
0.3969166666666666,1990,22.1757605,113.5514142,-18389.11456871832,-3249.1167420674956,2127.9291280500665,1262.11726,4.025033783065004,12.766336794662614,0.9509405794437296
0.6742499999999999,1991,22.1757605,113.5514142,-18400.189032119946,-3277.8665166276373,2210.914611005276,250.61093999999997,3.930736804872246,12.800479018405495,0.9456712571474591
-0.1657499999999999,1992,22.1757605,113.5514142,-18390.680372645846,-3278.293915139464,2212.1601604420375,204.79286,3.9284316443621625,12.82764326260083,0.9423608575452507
0.09025,1993,22.1757605,113.5514142,-18387.356820707675,-3278.2297063539672,2211.8748800437197,204.79286,3.8820337905723803,12.8497984627564,0.9402105778149239
0.5251666666666667,1994,22.1757605,113.5514142,-18381.839987639098,-3278.388762384065,2212.5996865199363,0.0,3.9282466869116868,12.870768909916103,0.9380760813754667
-0.1865833333333333,1995,22.1757605,113.5514142,-18382.990697998663,-3277.799849133407,2210.626778849986,263.94294,3.8743190613987797,12.890786868443733,0.9360524427566616
0.1203333333333333,1996,22.1757605,113.5514142,-18380.21195440291,-3279.6187176622384,2216.1519095510475,21.331200000000003,3.8626940961616323,12.909905035368832,0.9340559985840098
0.29875,1997,22.1757605,113.5514142,-18378.252016311326,-3277.852796330336,2211.4496658627413,615.9797599999999,3.899731776810498,12.928050207757996,0.9320565585271882
1.008916666666667,1998,22.1757605,113.5514142,-18376.087082556016,-3276.9603761608746,2208.3414633780676,645.9943599999999,3.82187070088595,12.945089061831887,0.9299454347705864
0.7649166666666667,1999,22.1757605,113.5514142,-18375.42922740209,-3276.9616120704322,2208.1866154501654,613.50828,3.7128352099261663,12.96106252927355,0.9275227737034504
0.4869999999999999,2000,22.1757605,113.5514142,-18375.62183380571,-3276.4163823425547,2206.930617469362,11.97112,3.8589702693936645,12.975940097502804,0.9250562724253972
0.7344166666666667,2001,22.1757605,113.5514142,-18376.012201628182,-3275.5071376789065,2204.146508546212,37.78536,3.865008963020215,12.992530280503015,0.9230509840330026
0.9939166666666668,2002,22.1757605,113.5514142,-18376.65360659076,-3275.033224298222,2202.8288254790705,49.756479999999996,3.697068333531904,13.016258140065693,0.9221299387452392
0.96325,2003,22.1757605,113.5514142,-18377.629563586506,-3274.8229215442325,2202.1978152984766,638.13898,3.65680037865019,13.044473184740582,0.921991415024953
0.8220833333333334,2004,22.1757605,113.5514142,-18378.93584499493,-3274.394545823222,2201.3475752817244,600.35362,3.7956577142968806,13.072183147541091,0.9219116904112358
0.5816666666666667,2005,22.1757605,113.5514142,-18381.536036058922,-3273.8057458033754,2199.810337750639,634.83206,3.9303303977704314,13.09933832366453,0.9218355451019878
0.9996666666666668,2006,22.1757605,113.5514142,-18385.75629197277,-3273.177989417544,2198.0773880336274,2584.81498,3.9197887736431536,13.126080460483418,0.9216354474583021
1.123916666666667,2007,22.1757605,113.5514142,-18391.14857869846,-3272.3971373168215,2195.8525144266564,684.58854,3.33310410541804,13.152562751135171,0.9214034041125259
0.2866666666666667,2008,22.1757605,113.5514142,-18378.027240269388,-3243.0731117454184,2111.3242921633323,672.61742,3.2521094201773564,13.178817432130517,0.9215910618096493
0.8270833333333334,2009,22.1757605,113.5514142,-18384.671815868554,-3242.318013229693,2109.2271777861088,1949.98292,3.2950661987462193,13.2049032722014,0.9219192966684482
0.4406666666666667,2010,22.1757605,113.5514142,-18392.17442480528,-3241.3120693300643,2106.6380717810634,1503.9271,3.294343158385755,13.230851796069103,0.9221080223494517
0.2303333333333333,2011,22.1757605,113.5514142,-18257.633041142613,-3287.8594879460807,2241.44051139685,1540.84284,3.470362682726717,13.2551497425648,0.9213075590100775
0.5868333333333333,2012,22.1757605,113.5514142,-18261.484766564197,-3287.1116693473564,2239.6648595438464,1961.0844200000004,3.539323203713415,13.27554272850168,0.9179051919330209
0.6169166666666667,2013,22.1757605,113.5514142,-18209.777685481222,-3292.0230024779253,2254.1948805531806,48.88686,3.5789725079746275,13.293580170577288,0.9130174061906589
0.7127499999999999,2014,22.1757605,113.5514142,-18206.58100049481,-3292.114459913748,2254.6817821583063,1961.0844200000004,3.5933207434283703,13.311604273593973,0.9083305432193914
0.8419166666666666,1990,22.3340294,114.15186883052888,258681.30076042435,49062.07004127773,-178213.64186795213,0.0,11.42648798617861,20.866243691424227,1.0386844578306274
0.4303333333333333,1991,22.3340294,114.15186883052888,277998.9972469485,47820.292619146654,-176453.14452376968,0.0,11.44742308533693,20.88080463148247,1.0395616120783393
0.1760833333333333,1992,22.3340294,114.15186883052888,301004.31613861036,45899.693484498595,-172475.49311814958,0.0,11.34139366245658,20.8920067511892,1.0403979645904056
0.2086666666666666,1993,22.3340294,114.15186883052888,333126.9790466649,41775.69653213024,-160772.21610971048,0.0,11.29592256122893,20.902127713442226,1.0411364950131563
0.8085833333333333,1994,22.3340294,114.15186883052888,370325.4154064595,38789.339383505925,-153794.55648864896,0.0,11.354934069528154,20.911641261216943,1.041885037995565
0.5308333333333334,1995,22.3340294,114.15186883052888,405231.17795578483,37750.65458358881,-156268.77695901494,0.0,11.460982446926389,20.920594575559175,1.0426536541155076
0.246,1996,22.3340294,114.15186883052888,418272.5229175001,38609.52787385204,-159711.21629999395,0.0,11.486905987283576,20.928895988857647,1.0434017036649519
0.69875,1997,22.3340294,114.15186883052888,443392.5840982724,35974.849486595704,-148836.19107926707,0.0,11.499187510930051,20.93660261708627,1.0441470274000975
1.3785833333333333,1998,22.3340294,114.15186883052888,459899.1359761479,34730.30492569439,-147691.2347412622,0.0,11.520035570158797,20.943875063570996,1.0447746281556358
1.1599166666666667,1999,22.3340294,114.15186883052888,515093.80587380996,29977.719004449216,-132196.83793217913,0.0,11.502695924171592,20.950746558724262,1.0454254364533373
0.5565,2000,22.3340294,114.15186883052888,521421.7237553124,28710.96508517142,-128976.568087627,0.0,11.47261696254867,20.957625506973148,1.0461541113909378
0.9365,2001,22.3340294,114.15186883052888,567023.1597598707,23515.741583772226,-115676.3858962302,0.0,11.485164887133617,20.96443756528796,1.0466288732251885
1.154,2002,22.3340294,114.15186883052888,628797.341356236,16578.86982982871,-94853.0209598787,0.0,11.097642112255123,20.97084918450539,1.046887887243728
0.9010833333333332,2003,22.3340294,114.15186883052888,712014.592816036,7439.623987103141,-70275.9763822917,0.0,11.241600153683713,20.977034314029297,1.0471276242771996
1.1434166666666667,2004,22.3340294,114.15186883052888,822438.6044023089,-492.8039517842343,-53912.22940453769,0.0,11.374324111501144,20.983178414638306,1.0473597932978844
0.8840833333333333,2005,22.3340294,114.15186883052888,922282.3838506845,-9246.217607508284,-30896.91876889495,0.0,11.499128566984277,20.98938271385581,1.0475823974060743
1.37625,2006,22.3340294,114.15186883052888,1045073.1226088655,-20355.738809341143,-1422.1031460247757,0.0,11.548000147125853,20.99564636154837,1.0478177877353003
1.6153333333333333,2007,22.3340294,114.15186883052888,1110493.328880566,-25787.686959709583,11908.845885873185,0.0,11.522038247157612,21.002043298768992,1.048038886629508
1.0500833333333333,2008,22.3340294,114.15186883052888,1130841.9803318738,-26579.678615522065,12697.90775845524,0.0,11.492723344387231,21.008570447223363,1.0482374433010753
1.2350833333333333,2009,22.3340294,114.15186883052888,1183146.4761213558,-30525.771100609294,22481.77276790873,0.0,11.523112084736656,21.01528269761364,1.0484352127968084
0.98875,2010,22.3340294,114.15186883052888,1260986.990836517,-37445.074399397134,41207.79011518484,0.0,11.565502576262082,21.02202980449396,1.0485758258156879
0.7706666666666666,2011,22.3340294,114.15186883052888,1380577.417749991,-48396.935921812335,71522.36101963883,0.0,11.607003263886899,21.028612577151428,1.048638166678212
0.5431666666666667,2012,22.3340294,114.15186883052888,1428714.5303778201,-52354.08704109845,84501.88268606816,0.0,11.643690168963955,21.035563068745237,1.0486556320855829
1.1995,2013,22.3340294,114.15186883052888,1549818.914598087,-63463.85495074231,117586.01797958458,0.0,11.71856699759766,21.042519471329737,1.0486067245812616
0.9775,2014,22.3340294,114.15186883052888,1650526.3604586818,-74413.19255471406,151843.35611295712,0.0,11.743568156115055,21.04910291233594,1.0484683909668022
0.4418333333333333,1990,23.5983227,120.83537694479216,-1843.65750477939,-3483.3828887382165,2517.9513964724447,15132.75418,8.084926929556374,16.840130243379175,1.0973160266660282
0.58575,1991,23.5983227,120.83537694479216,-878.1705130102865,-3494.6373600765346,2513.0175743748277,16233.82532,8.003571562468242,16.84905004615304,1.0943143331824572
-0.0480833333333333,1992,23.5983227,120.83537694479216,-41.03661194177127,-3572.1079954541137,2737.9955521188353,7033.733,7.99892917124644,16.857755260760744,1.0894640549573484
0.2454166666666666,1993,23.5983227,120.83537694479216,1303.700938208642,-3674.2451989881356,3027.1150877575155,34242.088260000004,8.000621222320394,16.866001671459937,1.0845281262124389
0.61,1994,23.5983227,120.83537694479216,1095.7721229689491,-3664.5760665335647,3007.93676688252,14913.75914,8.020463320758052,16.87390946113457,1.0795101117314563
-0.0781666666666666,1995,23.5983227,120.83537694479216,1471.9594830361386,-3683.5181163333677,3053.709763467177,1320.06618,8.040654688317984,16.881506168954804,1.0744633043232092
0.0889166666666666,1996,23.5983227,120.83537694479216,2100.2513018248874,-3738.4589863010456,3203.8837159634345,35022.37182,8.05246178355439,16.88877912383237,1.0694505579946454
0.22375,1997,23.5983227,120.83537694479216,3761.598964856298,-3871.3387586472654,3576.1801989839637,14140.87402,7.933972916666805,16.895806519526484,1.0645053247357978
1.2635833333333333,1998,23.5983227,120.83537694479216,3789.582575546775,-3857.303585231735,3633.5542890091583,7249.0356999999985,7.750219820536802,16.90262129223484,1.0595904817938648
0.5698333333333333,1999,23.5983227,120.83537694479216,3928.8842601695565,-3873.24023469576,3675.5866264102447,15004.74496,7.79607755454401,16.909150271883036,1.054710646506099
0.5812499999999999,2000,23.5983227,120.83537694479216,6428.141302903288,-4107.816295550486,4338.80923170386,46443.33378,7.945089361460737,16.915365476330013,1.049858766297937
0.6714166666666667,2001,23.5983227,120.83537694479216,9054.665151356432,-4369.564467121481,5152.9341802697545,1464.89346,7.984325721173029,16.92158156028541,1.0450974755966467
0.9790833333333332,2002,23.5983227,120.83537694479216,10633.80555827885,-4545.326348030133,5711.922316865566,21991.49214,7.990205326101901,16.92767455456288,1.0404751091836297
0.7915000000000001,2003,23.5983227,120.83537694479216,11655.132352494218,-4678.101616139092,6005.792901878832,46399.33378,8.11451176526787,16.93318082337674,1.0359403421588698
0.5475833333333333,2004,23.5983227,120.83537694479216,12916.60795655703,-4838.359011461555,6468.875663906021,22.0,8.171374561015144,16.938011992957435,1.0314010844053625
0.4419166666666667,2005,23.5983227,120.83537694479216,12752.478185277148,-4712.867196205032,6125.784164887503,1386.06618,8.055323146709311,16.94210906325455,1.0267025771209723
0.8756666666666666,2006,23.5983227,120.83537694479216,13626.979331164383,-4795.908335942928,6350.314492732543,9857.06488,7.628951919415799,16.945554076229087,1.0218748983537191
0.876,2007,23.5983227,120.83537694479216,15686.012703599386,-4990.7292020109,6917.599168828869,39708.20616,7.26273967474922,16.948493318479922,1.0170704885514197
0.5089166666666667,2008,23.5983227,120.83537694479216,14828.785907765474,-4928.562388669465,6752.6057461518385,47864.22724,7.552406617055774,16.95093172774736,1.0123062390337705
0.7106666666666667,2009,23.5983227,120.83537694479216,12910.620355951938,-4727.3472752552325,6200.881249716884,46399.33378,7.300070910422762,16.95291954823808,1.0075485788176501
0.54275,2010,23.5983227,120.83537694479216,14451.353205750407,-4894.185510669044,6597.0046799915235,31540.77892,7.267561435553926,16.954610526217696,1.002831180924348
0.027,2011,23.5983227,120.83537694479216,15153.987284668405,-4941.134721825339,6677.552379125613,6374.80766,7.292540491106446,16.95720598483939,0.9995820788643189
0.44175,2012,23.5983227,120.83537694479216,13223.643348431606,-4754.118441394185,6131.114439012732,3414.4565799999996,7.392662729965568,16.961129820434273,0.9978624113125125
0.5964166666666667,2013,23.5983227,120.83537694479216,17414.22894232251,-5179.450530483815,7362.145281650747,10448.18958,7.405316741418849,16.965264917363385,0.9962333932308889
0.7043333333333334,2014,23.5983227,120.83537694479216,16531.33234214718,-5074.22781242719,7065.572348919267,36806.047000000006,7.438285995876241,16.96920816913524,0.9945577065761656
0.2974166666666666,1990,4.099917,-72.9088133,-11620.968696972885,-666.9934925540982,-6309.174576848982,94828.6335,7.896371546842643,17.299865544811848,0.9976564691066733
0.4774166666666666,1991,4.099917,-72.9088133,-11549.376215289401,-750.9281093875476,-6090.617518860083,94828.6335,7.704164484908523,17.320245604901526,0.996332665841677
0.60025,1992,4.099917,-72.9088133,-11307.642735057258,-756.0341954717709,-6111.730678632922,94828.6335,7.731847692185822,17.340076502696533,0.9949876426590282
0.26225,1993,4.099917,-72.9088133,-10812.924234022603,-812.166059402321,-5971.945065155956,94828.6335,8.193782630490055,17.35979001642434,0.9936852997658244
0.2486666666666666,1994,4.099917,-72.9088133,-10103.139060104146,-834.4028699853619,-5923.830365870848,94828.6335,7.9775297597631285,17.379264930066544,0.992464973549872
0.5034166666666667,1995,4.099917,-72.9088133,-10008.251967001164,-797.8477075998555,-5984.026198822796,94828.6335,7.991766252049458,17.3981986513642,0.991314086417361
0.11775,1996,4.099917,-72.9088133,-10080.404794413813,-730.2345707764849,-6227.031243611153,94828.6335,8.0195494700269,17.41644837525832,0.9902079194715101
0.6183333333333333,1997,4.099917,-72.9088133,-9829.364925707012,-682.4750312088054,-6324.488187684918,94828.6335,8.094174272727074,17.43428790955048,0.9891282130826071
0.8174166666666666,1998,4.099917,-72.9088133,-9965.315039881827,-484.4969582758513,-6860.173963641668,94828.6335,7.801376221977835,17.451632883650312,0.9880687316004533
-0.05275,1999,4.099917,-72.9088133,-11192.997064760564,-346.7578358707691,-7064.218387136984,94828.6335,7.679352761548901,17.468375013128107,0.9870377888070826
0.03,2000,4.099917,-72.9088133,-10515.96598186082,-327.1557890524729,-7075.354796457977,94828.6335,7.658658169964906,17.484573352683583,0.9860540643418512
0.4521666666666666,2001,4.099917,-72.9088133,-10362.928903878677,-331.61034681157065,-7124.117614570315,88702.3132,8.044039710592497,17.500328650904716,0.9851214090569318
0.7009166666666666,2002,4.099917,-72.9088133,-10376.307432256093,-380.60989929049504,-6981.233256558177,88702.3132,8.035393606639426,17.51567729534673,0.9842568777171666
0.6719166666666667,2003,4.099917,-72.9088133,-10019.899610639224,-318.64870773723055,-7115.446476725087,88702.3132,8.091249225619652,17.530488635771558,0.9834911197781148
0.5811666666666667,2004,4.099917,-72.9088133,-10103.099831970552,-220.313200981914,-7163.886430851015,88702.3132,7.961943956198318,17.544770341078607,0.9827995342012628
0.6558333333333333,2005,4.099917,-72.9088133,-9263.06228372871,-395.9104316835393,-6821.676550471781,88702.3132,7.97947522158591,17.558426864466302,0.9821523874123075
0.5752499999999999,2006,4.099917,-72.9088133,-9156.956615218935,-392.4369296432085,-6900.232274110202,88702.3132,7.870991350573527,17.571415516233223,0.9814840894456206
0.5884166666666667,2007,4.099917,-72.9088133,-8551.39270105784,-385.94243888018167,-6943.678481732542,88702.3132,8.010914050051635,17.58381516756718,0.9807555164119762
0.41225,2008,4.099917,-72.9088133,-8626.450096628605,-317.3664201236541,-7238.548285494683,88702.3132,7.833452312564318,17.59549392611883,0.9800229023950355
0.9533333333333333,2009,4.099917,-72.9088133,-8706.093395615588,-253.2269472461662,-7467.521512646714,88702.3132,8.03415953487675,17.60680933917836,0.9793645698081079
0.9206666666666666,2010,4.099917,-72.9088133,-8268.756715296719,-318.8597162257304,-7330.84341471777,88702.3132,8.051257755837653,17.618078186332745,0.978795554167168
0.5056666666666666,2011,4.099917,-72.9088133,-7875.700770523386,-357.28444749418037,-6989.786980133569,59250.2035,8.305649377263157,17.629014017076404,0.9782348276376818
0.7014999999999999,2012,4.099917,-72.9088133,-7200.033277630556,-478.29806386829983,-6529.261750886384,59250.2035,8.312506092102852,17.639410667075815,0.9776424593057182
0.8224999999999999,2013,4.099917,-72.9088133,-7123.6215472116855,-444.2169941878596,-6527.963135639082,59250.2035,8.307013988593654,17.649311014890362,0.9770323040332922
0.8935,2014,4.099917,-72.9088133,-6242.7683819515605,-582.2045854252157,-6049.941837048899,59250.2035,8.183589783767202,17.658782384124123,0.9764246793471939
0.1937,1990,-12.2045176,44.2832964,-18388.004211018353,-3428.9303342308217,2531.568270511498,59.8556,1.1509517023486833,12.974139433064884,0.9974748878757552
0.2269166666666666,1991,-12.2045176,44.2832964,-18387.520743815658,-3428.3623372143043,2530.0043646722334,59.8556,1.344351947497839,12.999689400570944,0.9958753581985154
0.14275,1992,-12.2045176,44.2832964,-18387.215689889978,-3427.436964415036,2527.592792090427,59.8556,1.4025367366657553,13.023625329166325,0.9947334352005566
0.2585833333333333,1993,-12.2045176,44.2832964,-18364.540232865427,-3426.523325905605,2508.2977063519775,59.8556,1.538886684483064,13.046171080708461,0.9942194541408593
0.58025,1994,-12.2045176,44.2832964,-18286.61810582124,-3425.9356815721103,2447.987792514451,59.8556,1.4701298670321232,13.067860728015654,0.9936335501800038
0.4910833333333333,1995,-12.2045176,44.2832964,-18286.292719102705,-3425.608305971163,2446.9637063315827,59.8556,1.4906994204746808,13.089346262085689,0.9929840317716658
-0.00975,1996,-12.2045176,44.2832964,-18286.006416999637,-3425.3131127573965,2446.0065048572724,59.8556,1.4634174261664734,13.110873622245359,0.9923094906045192
0.36025,1997,-12.2045176,44.2832964,-18285.73474577503,-3425.0466912868933,2445.1569967746113,59.8556,1.432605263983141,13.13237707258657,0.991529634449308
0.7985833333333333,1998,-12.2045176,44.2832964,-18285.292850197166,-3424.69018276455,2443.819174708038,59.8556,1.4468954532477398,13.153782583942455,0.9906593618580963
0.11775,1999,-12.2045176,44.2832964,-18285.324596008457,-3425.0618175144077,2444.4379447981255,59.8556,1.4554705491366737,13.17389834258714,0.9893173616490638
0.1235833333333333,2000,-12.2045176,44.2832964,-18308.910037607424,-3428.2392290691396,2470.416627625492,59.8556,1.526425800440036,13.19330075710918,0.9878121944716025
0.2101818181818181,2001,-12.2045176,44.2832964,-18307.088004612895,-3425.79979647457,2463.232526335468,59.8556,1.5868036799251657,13.21355600078718,0.9869913626420665
0.59025,2002,-12.2045176,44.2832964,-18372.901826102974,-3425.705614411814,2512.7186266393783,59.8556,1.5551295509807563,13.233987038554837,0.9868360728565082
0.26525,2003,-12.2045176,44.2832964,-18306.355230023095,-3424.7755915588937,2460.821863999901,59.8556,1.706001851408373,13.253619683982123,0.9866471996403943
0.1719166666666667,2004,-12.2045176,44.2832964,-18371.82605725382,-3424.625926564266,2510.2889025718896,59.8556,1.7794675656987955,13.27276934023697,0.9878128869399846
0.3235833333333333,2005,-12.2045176,44.2832964,-18281.9898898357,-3422.1073241646063,2439.4288628312183,59.8556,1.673369999727833,13.292414965063251,0.990458822818224
0.1219166666666666,2006,-12.2045176,44.2832964,-18302.791558810866,-3420.6165780839083,2448.6682122571665,59.8556,2.0992564238028857,13.31241828792057,0.9927889448064253
0.44775,2007,-12.2045176,44.2832964,-18305.928701532237,-3425.210471500283,2461.516476853052,59.8556,1.0327573458720856,13.33246221519773,0.9949229550341973
0.3135833333333333,2008,-12.2045176,44.2832964,-18279.435105778604,-3420.1672683408237,2429.613652020214,59.8556,1.0271878919897433,13.35263188582106,0.9968942720097455
0.6844166666666666,2009,-12.2045176,44.2832964,-18368.130507014797,-3419.8616632463077,2496.2249405979164,59.8556,1.631805873896046,13.373111200750527,0.9986530331640033
0.8094166666666666,2010,-12.2045176,44.2832964,-18299.826127597877,-3416.930034464973,2437.740313612041,59.8556,1.7475985734422852,13.393952652622852,1.0001890353404619
0.5635833333333333,2011,-12.2045176,44.2832964,-18297.710045107873,-3413.7037361685416,2428.1976861722737,59.8556,1.3425775556746178,13.415138955901963,1.0014905043819036
0.46525,2012,-12.2045176,44.2832964,-18296.424011729858,-3411.9969520597238,2423.2506966884816,59.8556,1.5014517305073392,13.436521349493319,1.0025772592705273
0.40025,2013,-12.2045176,44.2832964,-18295.422079049826,-3411.001041633437,2420.6125301578036,59.8556,2.0045967596868612,13.457968094982544,1.0034460533665621
0.5335833333333334,2014,-12.2045176,44.2832964,-18294.439658306223,-3409.343785825201,2415.7299006348485,59.8556,1.7383586925009398,13.479493617679951,1.0040973147304213
0.0219090909090909,1990,-2.9814344,23.8222636,-18349.58375086134,-2199.7804385572144,2878.6919228658667,5869.6,2.8276567583172754,14.684892055610662,0.9686549894859158
0.1289166666666666,1991,-2.9814344,23.8222636,-18343.618218413598,-2198.959327836983,2877.1832038068283,5869.6,3.8667117827181428,14.712689415917197,0.969938580829219
-0.3591666666666666,1992,-2.9814344,23.8222636,-18337.888434153218,-2198.5161512136456,2875.887532785457,5869.6,3.972203293248733,14.740149545975743,0.9715624169051976
0.06375,1993,-2.9814344,23.8222636,-18338.089135654838,-2197.875058370575,2873.740403119192,5869.6,3.8174507532882185,14.768776406603317,0.9734476651837607
0.2273333333333333,1994,-2.9814344,23.8222636,-18347.015411363707,-2196.6222623665867,2870.0468051200455,5869.6,3.8510386939311334,14.79729722750649,0.9753453793029954
0.3703333333333333,1995,-2.9814344,23.8222636,-18343.48482708664,-2201.265724204226,2867.5326462202806,5869.6,3.7906482773599337,14.824310824221273,0.9772055759278192
-0.0436666666666666,1996,-2.9814344,23.8222636,-18361.12480512057,-2210.8754927353043,2871.407977821288,5869.6,3.8384453541678996,14.851039266554565,0.9789868406907847
0.2378571428571428,1997,-2.9814344,23.8222636,-18373.070129957126,-2219.4210520141314,2865.2065439608086,5869.6,3.2126887241736406,14.871575753874321,0.9779830879403709
1.06975,1998,-2.9814344,23.8222636,-18379.01451745272,-2217.3534390057494,2862.698659621221,5869.6,3.1650952291835535,14.892955728842315,0.9764188936851703
0.5964166666666667,1999,-2.9814344,23.8222636,-18376.02708144661,-2199.9574491961844,2862.8248018853787,5869.6,3.034125721540861,14.919660817060805,0.9773597273203986
0.3583333333333333,2000,-2.9814344,23.8222636,-18367.15590121281,-2238.8893361151067,2856.2956583701566,5869.6,3.430189680428832,14.957830274283685,0.9791452877027041
0.434,2001,-2.9814344,23.8222636,-18373.487681902017,-2297.043408650968,2836.7056220375116,5869.6,3.746990330883691,14.995426605001002,0.9810165574726568
0.7105,2002,-2.9814344,23.8222636,-18371.702405848504,-2293.5301096834064,2828.364933606853,5869.6,3.4155308318716577,15.01883054925414,0.9825383023587575
0.8814166666666666,2003,-2.9814344,23.8222636,-18408.29655588983,-2281.1754109696576,2814.7837163161503,5869.6,3.8443799368329645,15.046510710677254,0.9840868799462359
0.9150833333333334,2004,-2.9814344,23.8222636,-18402.971943660898,-2283.0586023274514,2805.9017331504433,5869.6,3.961943958586083,15.080487770802076,0.9857027643377286
0.8960833333333333,2005,-2.9814344,23.8222636,-18362.522312902027,-2275.3970263979713,2812.9821791534396,5869.6,4.0183486551941785,15.116475218193402,0.9872535301953579
0.76125,2006,-2.9814344,23.8222636,-18367.029642059624,-2262.2897422982364,2813.0901147656377,5869.6,4.273937399444797,15.154011283215429,0.9887164344433499
0.8503333333333334,2007,-2.9814344,23.8222636,-18362.250026509195,-2276.0970200861625,2809.2998165535623,5869.6,4.378647180746654,15.190827133079681,0.990025049293791
0.7905000000000001,2008,-2.9814344,23.8222636,-18353.199167614333,-2255.705663431497,2811.8281201577684,5869.6,4.583189368156379,15.22395796824796,0.9911645018146196
0.7984166666666667,2009,-2.9814344,23.8222636,-18344.262415035773,-2252.2114144820093,2808.8354242067503,5869.6,4.660315352382499,15.264129272009473,0.992246708899204
1.2415833333333333,2010,-2.9814344,23.8222636,-18348.521070115654,-2234.1638767632453,2793.22877505087,5869.6,4.761963656280522,15.30568824423312,0.9931589475773818
0.60275,2011,-2.9814344,23.8222636,-18345.515140309777,-2186.4227262679183,2794.423676988934,5869.6,4.840155347864898,15.338129656685428,0.9938621168389902
0.7362500000000001,2012,-2.9814344,23.8222636,-18311.746798676155,-2108.3982172700357,2832.830596397361,5869.6,4.848538236382378,15.365889522274967,0.9945292015715004
0.7765,2013,-2.9814344,23.8222636,-18268.513766079326,-2090.2603618851444,2841.7878359874126,5869.6,5.056232429462673,15.389956738485209,0.9950830233104944
0.7905000000000001,2014,-2.9814344,23.8222636,-18190.601031752733,-2082.2771156231497,2878.2204427162314,5869.6,5.098834798316442,15.413859413442665,0.9955040373268614
0.2301666666666666,1990,-19.99697155,-157.78587140620786,-18518.547619714413,-3272.102911380955,2269.31903172084,0.0,1.3837912309017721,9.748177867988971,1.0642555756479808
0.1743333333333333,1991,-19.99697155,-157.78587140620786,-18518.560010630095,-3272.1013919020334,2269.313006422494,0.0,1.3139924493644854,9.758924101344775,1.0629320619785458
0.2266666666666666,1992,-19.99697155,-157.78587140620786,-18518.497917363766,-3272.086281454179,2269.2330177466033,0.0,1.2983370823607485,9.767438708072852,1.0601911955623746
0.0404166666666666,1993,-19.99697155,-157.78587140620786,-18518.266126174945,-3271.99025930815,2268.789319861507,0.0,1.4576378011880258,9.773606631681607,1.056433672872029
0.1004999999999999,1994,-19.99697155,-157.78587140620786,-18518.167517580394,-3271.949570749972,2268.58458745529,0.0,1.356582297134365,9.778830947936573,1.0520688052068805
0.4475,1995,-19.99697155,-157.78587140620786,-18518.049685097216,-3271.9072482700744,2268.3939541245395,0.0,1.3483068872143906,9.783351751296147,1.0485100485100485
0.1909999999999999,1996,-19.99697155,-157.78587140620786,-18474.410039822433,-3271.604484822524,2234.707719138529,0.0,1.4347035003275783,9.786841370416807,1.047630004601933
-0.0923333333333333,1997,-19.99697155,-157.78587140620786,-18474.313058815937,-3271.5677231656628,2234.538164241833,0.0,1.5050102948248747,9.774574052442789,1.0476356860004659
-0.0889999999999999,1998,-19.99697155,-157.78587140620786,-18474.234530231413,-3271.531992223771,2234.364121151472,0.0,1.9599398424669783,9.744902053418757,1.0471392587261605
0.5576666666666666,1999,-19.99697155,-157.78587140620786,-18474.48846625463,-3271.6356175226583,2234.861901744902,0.0,1.5079144702297123,9.711115659888671,1.0458772473651583
0.3241666666666666,2000,-19.99697155,-157.78587140620786,-18474.529748231173,-3271.661430736297,2234.974686153127,0.0,1.2169285154861518,9.673885691160871,1.044104410441044
0.5060833333333333,2001,-19.99697155,-157.78587140620786,-18506.398816029636,-3254.1517685951217,2217.1526822987526,0.0,1.0289048762432895,9.63521587360417,1.0430136254341438
0.1674999999999999,2002,-19.99697155,-157.78587140620786,-18506.481852549987,-3254.1680569344135,2217.193909637421,0.0,0.6836522459981439,9.617736946934095,1.041428959521869
0.1909166666666666,2003,-19.99697155,-157.78587140620786,-18506.4686981189,-3254.16339208929,2217.2063433021544,0.0,1.096008902797995,9.62092568277892,1.0385343428880476
0.2851666666666667,2004,-19.99697155,-157.78587140620786,-18518.087963321977,-3271.9280086415356,2268.5006386602236,0.0,1.1780394222994315,9.62331057957012,1.0351467815782387
0.141,2005,-19.99697155,-157.78587140620786,-18518.040263797982,-3271.9281889919193,2268.5089054151254,0.0,1.2287337072673952,9.625557771527026,1.0315182403433476
0.2318333333333333,2006,-19.99697155,-157.78587140620786,-18518.018944214447,-3271.925691506557,2268.4957595245,0.0,1.260107360869506,9.628984915196462,1.0268035738098413
0.3035,2007,-19.99697155,-157.78587140620786,-18517.627708314943,-3271.935232444115,2268.7815241050394,0.0,1.4701758451005926,9.648982324778904,1.0187475589116
0.336,2008,-19.99697155,-157.78587140620786,-18517.631048536252,-3271.931562840951,2268.7691193367864,0.0,1.378438585154307,9.684273769557766,1.007875
-0.0147499999999999,2009,-19.99697155,-157.78587140620786,-18517.6574852546,-3271.9346080103714,2268.7723249842725,0.0,1.1659593621277198,9.719264188452577,0.9972385640533077
0.6715833333333333,2010,-19.99697155,-157.78587140620786,-18517.637027991514,-3271.926616645537,2268.776592958948,0.0,1.4853475272030499,9.75336209395849,0.9877584016630095
0.5790833333333333,2011,-19.99697155,-157.78587140620786,-18517.620463326657,-3271.9225628046165,2268.794959075528,0.0,1.514181731171828,9.785266921148697,0.980385601248189
0.2235833333333333,2012,-19.99697155,-157.78587140620786,-18517.600042179096,-3271.919389625237,2268.7934299039484,0.0,1.5579130122806364,9.798071479779479,0.9733581844096042
0.4785833333333333,2013,-19.99697155,-157.78587140620786,-18517.606341769577,-3271.919259641302,2268.7894285428783,0.0,1.5611296321399815,9.793449447327191,0.9664142245637142
0.0685,2014,-19.99697155,-157.78587140620786,-18517.594341975055,-3271.9155811597775,2268.7885467754177,0.0,1.549369385967981,9.787852208937204,0.959524857017158
0.6313333333333334,1990,10.2735633,-84.0739102,-18095.2970719177,-3132.8496043229748,1996.057258447677,3190.8507,3.8474610173485617,14.965529901215664,1.016121289498883
0.5621818181818182,1991,10.2735633,-84.0739102,-18054.788215305933,-3133.5008242383847,1998.2115454268574,3190.8507,4.901396898802636,14.99090331591084,1.0161526727249304
0.4547272727272727,1992,10.2735633,-84.0739102,-17982.52375687154,-3136.4244687269215,2000.304279629666,3190.8507,4.899068895050243,15.016059206554516,1.0161421788694467
0.3053636363636363,1993,10.2735633,-84.0739102,-17883.969772924214,-3145.2143674349627,2016.9603918431724,3190.8507,5.179877240054747,15.040864742699604,1.0160067062640934
0.4643,1994,10.2735633,-84.0739102,-17800.7916029774,-3149.745774557972,2041.548971309032,3190.8507,5.343896667121958,15.065169571314057,1.0157713179123093
0.5575,1995,10.2735633,-84.0739102,-17870.11151343066,-3142.9717875102397,2032.1638869328826,3190.8507,5.26267516288526,15.088875833926386,1.0154006961958555
0.0088333333333333,1996,10.2735633,-84.0739102,-17867.196155358997,-3142.345577138185,2060.5610611878087,3190.8507,5.465890278135697,15.111944213884353,1.0150068724090686
0.8956666666666667,1997,10.2735633,-84.0739102,-17735.83257802552,-3155.124543270994,2100.4074160927153,3190.8507,5.5830556101845765,15.134441344571746,1.01455498916605
1.02775,1998,10.2735633,-84.0739102,-17697.00646139176,-3153.2408165284496,2094.275058821048,3190.8507,5.626573802862132,15.15613316262333,1.0140806692270758
-0.1945,1999,10.2735633,-84.0739102,-17715.649155378833,-3150.9429771633727,2087.434651514866,3190.8507,5.80718858170112,15.176853710560748,1.0136246616802131
0.0355,2000,10.2735633,-84.0739102,-17853.384811881795,-3135.6628188861946,2042.4655721425022,3190.8507,6.078737973093108,15.196589341574894,1.013163093757067
0.6739999999999999,2001,10.2735633,-84.0739102,-17826.30063118052,-3139.1859252735585,2054.703170869894,273.7093,6.157903981373828,15.215022925068967,1.0128046663908916
0.9105833333333332,2002,10.2735633,-84.0739102,-17791.120078135464,-3145.6091688756433,2066.3833414293563,273.7093,5.919098403244052,15.232000169235201,1.0124688802757085
0.8078333333333334,2003,10.2735633,-84.0739102,-17806.65878284933,-3144.88604937985,2060.858623438677,273.7093,5.963634097903465,15.247879494616253,1.0121015953718795
0.8468181818181818,2004,10.2735633,-84.0739102,-17691.802819316676,-3155.8922083253647,2093.1492758692584,273.7093,5.100076161926025,15.263088147501064,1.0117141859719265
0.5361666666666667,2005,10.2735633,-84.0739102,-17473.865564432126,-3175.0784049286644,2136.390729305649,273.7093,5.132287575299033,15.277813655069796,1.0113001090492213
0.84375,2006,10.2735633,-84.0739102,-17621.18980422061,-3158.235338454706,2087.176358375682,273.7093,5.151079901953026,15.292141615233184,1.0107870054405785
0.70125,2007,10.2735633,-84.0739102,-17328.287378282163,-3179.1745972837884,2144.0579331200324,273.7093,5.030091456151527,15.306169213678531,1.0102372250876532
0.3790909090909091,2008,10.2735633,-84.0739102,-17390.787404387956,-3170.522634986143,2113.325658064558,273.7093,4.861494709422882,15.320014974665671,1.0096932999539308
1.1512727272727272,2009,10.2735633,-84.0739102,-17403.873044653075,-3166.5646581636297,2111.221461042191,273.7093,4.81919226285274,15.333518911236457,1.009116722312458
0.8217499999999999,2010,10.2735633,-84.0739102,-17672.81907698079,-3131.001664782904,2002.608656894613,273.7093,4.870645759157208,15.346392590182212,1.0085997450929525
0.6660909090909091,2011,10.2735633,-84.0739102,-17631.946847072635,-3134.3426421684812,2017.9119148046539,0.0,4.988082889625744,15.358793069481576,1.0081567622515564
0.8168453977217809,2012,10.2735633,-84.0739102,-17629.789208392343,-3134.9112485455676,2023.296156913773,0.0,5.028665763813077,15.370828658856366,1.0077174694906266
0.8135748577244766,2013,10.2735633,-84.0739102,-17592.779456472388,-3132.982506734834,2022.8703558620346,0.0,5.0349076557919625,15.382361377341175,1.0072560635111873
1.2445047655685622,2014,10.2735633,-84.0739102,-17581.446334481494,-3145.1396544037157,2040.023366177282,0.0,5.040540961739383,15.393311043312277,1.0067211205153868
1.0038333333333334,1992,45.3658443,15.6575209,-15237.729960961648,-3618.478504070738,3278.141617421741,389.5191,6.565537186502223,15.383776623020077,0.9338243473074164
0.5260833333333333,1993,45.3658443,15.6575209,-15552.074802623416,-3569.04202151307,3139.1405559750397,389.5191,6.56126359491926,15.38254230507523,0.9337051395443424
1.649,1994,45.3658443,15.6575209,-15308.741430460836,-3598.0769978768617,3228.081768469186,389.5191,6.576617886739419,15.388165391798417,0.9342563483874127
0.3735833333333333,1995,45.3658443,15.6575209,-15509.648711825774,-3527.3254665391887,3022.3811308012355,389.5191,6.4704451066260225,15.38560454965535,0.9341843782151072
-0.1863333333333333,1996,45.3658443,15.6575209,-15409.667691054894,-3524.8779161102284,3011.623539954824,389.5191,6.373894368502226,15.375469949365709,0.9329165803508687
0.47825,1997,45.3658443,15.6575209,-15330.723665051893,-3518.1261251150077,2976.2574512567453,389.5191,6.497356419916196,15.365489930943562,0.9309127317854468
0.7900833333333334,1998,45.3658443,15.6575209,-15794.534672182437,-3459.2756825733463,2800.1530366056486,389.5191,6.586952315577026,15.354511628316065,0.9286133774023687
0.9169166666666668,1999,45.3658443,15.6575209,-15379.411982102165,-3490.2151551922975,2879.664492177398,389.5191,6.8326172072271785,15.342724669202056,0.9259416470914922
1.80925,2000,45.3658443,15.6575209,-15193.647082988387,-3521.308721515516,2980.3502878545037,389.5191,6.863206870832179,15.330293555860864,0.9230230013546126
1.0618333333333334,2001,45.3658443,15.6575209,-15142.826562351183,-3423.1928192088667,2683.7299742610135,244.3965,6.796392563888646,15.321088827866783,0.921459807707312
1.5765,2002,45.3658443,15.6575209,-15046.062597299959,-3379.7084176433077,2542.3659647311338,244.3965,6.721706745631192,15.315773578135707,0.9213941082655811
1.2499166666666668,2003,45.3658443,15.6575209,-15060.012286016577,-3476.5576740070046,2850.1560804890755,244.3965,6.735722767948207,15.31091444839992,0.9215592188916034
0.6788333333333333,2004,45.3658443,15.6575209,-14212.964007971876,-3375.960872905449,2545.996212689336,244.3965,6.657070937868899,15.306919154417482,0.9219547980419492
0.1105,2005,45.3658443,15.6575209,-14268.177565749027,-3461.100435831027,2765.2448998418613,244.3965,6.675513842129989,15.303838356149063,0.9225232607293613
0.8921666666666667,2006,45.3658443,15.6575209,-14010.19546947368,-3508.7677378810054,2899.9940658690593,244.3965,6.686456150673577,15.301098065426704,0.9232905912204229
1.6814166666666666,2007,45.3658443,15.6575209,-13769.407750572494,-3526.885838663316,2958.072915546349,244.3965,6.666035375688741,15.298371581910255,0.9242366005443993
1.6074166666666667,2008,45.3658443,15.6575209,-13944.407951381094,-3562.530060431824,3058.9004311290428,244.3965,6.728425123482575,15.295674061092086,0.9252453407603066
1.43325,2009,45.3658443,15.6575209,-15035.110342686685,-3454.0173396430496,2781.3034792271233,244.3965,6.7092333621296545,15.293045465516302,0.9264480903144123
0.6645833333333333,2010,45.3658443,15.6575209,-14760.131033745824,-3480.8703886554963,2847.827358690333,244.3965,6.681801407414638,15.28997191975013,0.9279752403304055
1.44375,2011,45.3658443,15.6575209,-14940.918433964172,-3457.506027082328,2778.3125308268054,0.0,6.7012672511610605,15.28610976171181,0.9296503401619954
1.6209999999999998,2012,45.3658443,15.6575209,-15102.110540168727,-3442.8596765141233,2746.854967259839,0.0,6.613768037329091,15.281446392427819,0.9313585738356702
1.4046666666666667,2013,45.3658443,15.6575209,-14920.130559268226,-3453.4043346812987,2724.525458319267,0.0,6.591187193915107,15.27618230137229,0.9331581811631557
2.02475,2014,45.3658443,15.6575209,-14694.827475943257,-3476.0743275701707,2778.755298633297,0.0,6.599213548774267,15.270390941152447,0.9351516534049459
0.9016666666666668,1990,23.0131338,-80.8328748,-15163.55985644703,-2702.01000453565,391.8951450065506,120.835,8.261058725394752,16.1788784720253,1.0237681343790386
0.9053333333333334,1991,23.0131338,-80.8328748,-15866.034667140872,-2648.316954740865,227.9812927902508,120.835,7.98921632233235,16.1870443081345,1.0231356055265768
0.57625,1992,23.0131338,-80.8328748,-16201.93864363125,-2592.6687116988933,51.20390845428977,120.835,6.933427119289588,16.193550836640803,1.0224464144251197
0.65975,1993,23.0131338,-80.8328748,-16375.583995331537,-2725.2046372721315,449.63978337736364,120.835,6.783596398254638,16.198839712625634,1.0217283504882595
1.05125,1994,23.0131338,-80.8328748,-16182.95346086058,-2623.221663504627,156.82682079004366,120.835,6.944776941379316,16.20309889633398,1.0203624632775867
1.2251666666666667,1995,23.0131338,-80.8328748,-16059.199049968991,-2654.851608367524,267.3662432217038,120.835,7.535748655823666,16.20672025932352,1.0183751556723475
0.5273333333333333,1996,23.0131338,-80.8328748,-15927.563705159502,-2528.3529268746142,-94.1789999179607,120.835,7.359373935584314,16.210039352345827,1.0164009836433427
1.1146666666666667,1997,23.0131338,-80.8328748,-15760.468423666614,-2584.265013625791,62.45192327871813,120.835,7.097416583803407,16.213235725386454,1.0143842344321592
1.2055833333333337,1998,23.0131338,-80.8328748,-15881.819723860079,-2610.3654451813904,125.96716997081711,120.835,6.983265731486077,16.216470040364463,1.0122855334214693
0.7275,1999,23.0131338,-80.8328748,-15854.303936221977,-2642.1351960289367,218.51183427902106,120.835,6.907277664942708,16.21975788640048,1.0101244396167977
0.4913333333333333,2000,23.0131338,-80.8328748,-15884.376088434923,-2584.215472159722,67.55021278412882,120.835,6.849373658506363,16.222977241950034,1.0079358894829802
0.6348333333333334,2001,23.0131338,-80.8328748,-15970.200072809936,-2614.4881255589253,152.70400308954865,0.0,6.787112583393055,16.225974333371216,1.0057227002242841
0.9423333333333334,2002,23.0131338,-80.8328748,-15689.60051568391,-2608.632423013723,134.8398611007179,0.0,8.1431052022831,16.228746647311105,1.0036887799132623
1.04025,2003,23.0131338,-80.8328748,-15679.48432183892,-2609.9030771723806,128.58581668776466,0.0,8.111969124255369,16.23135442310717,1.0023649225504403
0.884,2004,23.0131338,-80.8328748,-15851.907795833808,-2661.8968741863596,271.5407753948951,0.0,8.117363713271878,16.233680182786348,1.0015477041467238
0.7919166666666667,2005,23.0131338,-80.8328748,-15821.277135424905,-2727.86840893393,488.8091536499347,0.0,8.107263210581904,16.235533293640085,1.0007331439600484
0.9644166666666668,2006,23.0131338,-80.8328748,-15498.91826886351,-2734.670370502974,494.29225361513375,0.0,8.078315322499497,16.23682312937709,0.9999392592397885
0.8227500000000001,2007,23.0131338,-80.8328748,-15434.384572858353,-2748.965814662535,530.7984620402399,0.0,7.894230587979928,16.23764494807838,0.9991861262554463
0.621,2008,23.0131338,-80.8328748,-15467.653546630663,-2703.043573101532,381.0841021815993,0.0,7.921518106580849,16.23824113827139,0.9984728706363524
1.0476666666666663,2009,23.0131338,-80.8328748,-15768.134680454328,-2567.0921427668904,-3.468972395620124,0.0,8.011678539439139,16.238824122334652,0.9977943706077087
0.7125,2010,23.0131338,-80.8328748,-15866.629885737317,-2626.725025606641,159.46327904400107,0.0,7.996010922262507,16.239464959355445,0.997159150709885
0.6945833333333332,2011,23.0131338,-80.8328748,-15774.02905044325,-2573.5677201484805,7.699370778622999,0.0,7.980709120458428,16.24019920637954,0.9965674559839182
0.6291666666666667,2012,23.0131338,-80.8328748,-15710.078303207829,-2583.845174706117,34.340198364594904,0.0,7.934504187334938,16.241135069817634,0.9959108613663759
0.9610833333333332,2013,23.0131338,-80.8328748,-15703.955160138981,-2586.728432811857,44.08375552308416,0.0,7.923458021185215,16.242221108644326,0.9951912376091144
1.0579166666666666,2014,23.0131338,-80.8328748,-15932.693658706425,-2603.118545052429,84.14112341773942,0.0,7.410565706713228,16.243143522562956,0.9944740247305741
0.16925,1990,34.9174159,32.889902651331866,-17776.67310337161,-3428.7013500237513,2635.177797179955,0.0,4.108507131242906,13.57788768538523,1.0252741889913441
0.1361666666666666,1991,34.9174159,32.889902651331866,-17799.40939861895,-3425.8232475040463,2623.974716728792,0.0,4.11776644908322,13.591191315796342,1.026486908710957
-0.9995833333333334,1992,34.9174159,32.889902651331866,-17747.632107570178,-3428.9457753443066,2634.0394635328394,0.0,4.30979190690184,13.605321483899703,1.0274308100657188
-0.0880833333333333,1993,34.9174159,32.889902651331866,-17686.154119591178,-3434.1772121755757,2648.503470343176,0.0,4.341720132264735,13.624331892531929,1.0271510647644806
0.7875833333333334,1994,34.9174159,32.889902651331866,-17648.528174229872,-3437.6804418316133,2657.7595335624987,0.0,4.3650902707175065,13.646433701604412,1.0260756067833048
0.14475,1995,34.9174159,32.889902651331866,-17670.299255361977,-3433.837621138898,2645.3144870473416,0.0,4.44867308880881,13.667495350904211,1.0250591138672798
0.4713333333333333,1996,34.9174159,32.889902651331866,-17607.955718916033,-3438.8761735275602,2655.990018017342,0.0,4.4940341351003745,13.687744229661488,1.0239476752609682
-0.0967499999999999,1997,34.9174159,32.889902651331866,-17632.899852557504,-3436.0425544178815,2649.8269839648597,0.0,4.544083832590035,13.707334972602059,1.0226681631530787
1.00325,1998,34.9174159,32.889902651331866,-17656.329584257295,-3432.281172251076,2637.354169120029,0.0,4.603181209284684,13.726308783805335,1.0212877391638713
1.125916666666667,1999,34.9174159,32.889902651331866,-17633.43339231521,-3434.0413391247594,2641.9242797588977,0.0,4.623424556529567,13.744658816992324,1.0198472322499095
0.5283333333333333,2000,34.9174159,32.889902651331866,-17590.652136767945,-3437.5298991173345,2650.7569239618456,0.0,4.654631553421635,13.762359749992367,1.0184617546010704
1.1268333333333334,2001,34.9174159,32.889902651331866,-17539.764301857827,-3436.938579273384,2616.323103752344,11.6204,4.667233771998781,13.779707198998997,1.017122428499749
0.7546666666666666,2002,34.9174159,32.889902651331866,-17494.387386611113,-3439.330362970162,2620.6995650133467,11.6204,4.627835378897748,13.797545141961415,1.0158713218165512
0.6890833333333334,2003,34.9174159,32.889902651331866,-17470.91331772177,-3439.9828338840466,2619.1411203038397,11.6204,4.657257764848196,13.81585949707794,1.0146636484107836
0.513,2004,34.9174159,32.889902651331866,-17392.592381683684,-3448.500207199034,2645.4441891436313,11.6204,4.627243762138618,13.834023137820687,1.013422354515394
0.4954166666666666,2005,34.9174159,32.889902651331866,-17282.553591136788,-3448.6103360858924,2571.963257264627,11.6204,4.583949613883148,13.85190130901104,1.012222026035108
0.4670833333333333,2006,34.9174159,32.889902651331866,-17294.131565861786,-3454.3790697496734,2637.1838867179063,11.6204,4.619690257672616,13.869466404611574,1.0110629249108258
0.8916666666666666,2007,34.9174159,32.889902651331866,-17444.937890475758,-3456.639788390317,2773.5016845976306,11.6204,4.619690257672616,13.88678229752447,1.0099103668613802
1.05775,2008,34.9174159,32.889902651331866,-17465.205064672253,-3459.0806928272305,2821.4764007496656,11.6204,4.54802400736741,13.903877598959403,1.0087437501953782
1.0811666666666666,2009,34.9174159,32.889902651331866,-17597.267120437326,-3448.6255232133803,2810.9670453409076,11.6204,4.470487273476098,13.920748566118363,1.0075333888685098
2.1075833333333334,2010,34.9174159,32.889902651331866,-17687.68476475841,-3440.359682337884,2795.622452408795,11.6204,4.429499264609476,13.93744939076549,1.006213893619704
0.4898333333333333,2011,34.9174159,32.889902651331866,-17665.529644651324,-3442.398883372677,2802.4463624917,8.9649,4.5098612061830465,13.95099030132023,1.0052184298129947
1.0666666666666669,2012,34.9174159,32.889902651331866,-17696.738120878257,-3440.147680122473,2796.0017019289985,8.9649,4.470487273476098,13.960957181444144,1.0048085340211583
1.0679166666666666,2013,34.9174159,32.889902651331866,-17485.149495103884,-3464.002407755859,2867.980518861746,8.9649,4.429499264609476,13.969919490155805,1.0046208895126423
1.309583333333333,2014,34.9174159,32.889902651331866,-17273.56876212812,-3485.2970354451127,2928.4810150089897,8.9649,4.341802117878258,13.978475138145031,1.0044670683565344
0.4903333333333333,1993,49.7439047,15.3381061,-11586.8515804742,-3332.084218838003,2455.229355564255,229.8021,7.945128557135722,16.149489370650443,0.9444384354823392
1.7896666666666663,1994,49.7439047,15.3381061,-10803.125912307301,-3392.566165079176,2643.788271478882,229.8021,7.962378584344205,16.149720472850532,0.9452320404888928
0.7272500000000001,1995,49.7439047,15.3381061,-10805.540194299461,-3360.3802125645834,2550.894256306462,229.8021,8.13767646319011,16.148789827835557,0.9459211841326586
-0.7404166666666666,1996,49.7439047,15.3381061,-10550.80603691518,-3343.0224190015724,2513.5306142573518,229.8021,7.483370954749159,16.147232131024698,0.946511653847979
0.5666666666666667,1997,49.7439047,15.3381061,-10710.94918359653,-3354.7238854698167,2598.6224051908766,229.8021,7.214621331525018,16.145617914843246,0.9470506450678027
1.0480833333333333,1998,49.7439047,15.3381061,-10521.734291111528,-3379.162930738781,2666.958045115648,229.8021,7.188245048722132,16.14413681725589,0.9475980527495756
1.2504166666666665,1999,49.7439047,15.3381061,-10808.955584541258,-3359.9895686822138,2599.93442613172,229.8021,7.387846420265332,16.14270504057356,0.9481970264427505
2.0243333333333333,2000,49.7439047,15.3381061,-10633.653099858708,-3382.680009176118,2692.012276126017,229.8021,7.425456809428567,16.141295442528573,0.9487907634411346
0.8475833333333335,2001,49.7439047,15.3381061,-10506.83366749941,-3384.5074411069904,2684.9020375261,637.4587,7.362466130007657,16.14086221478508,0.9497888643578336
1.6319166666666665,2002,49.7439047,15.3381061,-10957.636381744253,-3355.3122667048306,2631.2720982523015,637.4587,7.264600288458906,16.141633450667435,0.9512255086004583
1.2553333333333334,2003,49.7439047,15.3381061,-10947.064858147683,-3366.9462346793157,2687.631645361819,637.4587,7.212933055120968,16.142596733012766,0.9526769087833751
0.8033333333333333,2004,49.7439047,15.3381061,-10400.586033302254,-3425.3561864889916,2863.483098676267,637.4587,7.24385437456632,16.143860761387952,0.9540944863145767
0.6777500000000001,2005,49.7439047,15.3381061,-10368.780920523343,-3438.8839052764065,2930.8535056382634,637.4587,7.234495743721573,16.14572181014878,0.9555603788799518
1.2541666666666669,2006,49.7439047,15.3381061,-10190.923495397796,-3453.983453415239,2963.698720116586,637.4587,7.198144458909761,16.148121819695284,0.9571253651989324
1.9301666666666664,2007,49.7439047,15.3381061,-9974.209948646123,-3472.267132368591,3040.1445993288767,637.4587,7.169728159176487,16.151320443684313,0.9586277102092459
1.7504166666666665,2008,49.7439047,15.3381061,-9937.873419322052,-3480.9060518916126,3082.672826601704,637.4587,7.181978789929657,16.15525491385925,0.9601304514600338
1.3060833333333333,2009,49.7439047,15.3381061,-4581.880585909919,-4041.4198166865444,4756.951249362552,637.4587,7.162503228200124,16.159382497418168,0.9616915688849268
0.116,2010,49.7439047,15.3381061,-8897.706999365653,-3604.357725120127,3510.748615592694,637.4587,7.1864808867820775,16.163522928863657,0.9632323627997847
1.6069166666666668,2011,49.7439047,15.3381061,-8444.052547996413,-3657.267006299587,3666.535040328804,1090.4652,7.18834166146363,16.16654080323704,0.9643168200173443
1.35025,2012,49.7439047,15.3381061,-8536.981822459955,-3657.087229722128,3680.5528241006523,1090.4652,7.172370623251863,16.167938974646244,0.9648115626147854
1.0245833333333334,2013,49.7439047,15.3381061,-8533.787845491512,-3663.773947233008,3712.477498040779,1090.4652,7.2025335636577354,16.16827076041005,0.9649486073499124
2.49625,2014,49.7439047,15.3381061,-7940.510259566114,-3718.798106641742,3858.782108861857,1090.4652,7.186772570407366,16.168520858667634,0.9653963913726628
1.1136666666666668,1990,48.257918,14.5007688,-6159.602783614013,-3721.6395365158237,3462.7606890793345,678.94,8.391842984300155,16.5603745394181,0.9469339209561565
-0.0267499999999999,1991,48.257918,14.5007688,-8280.178871368471,-3481.802895376022,2812.9155853162447,678.94,8.38132916030472,16.56172880297324,0.9466426644328316
1.1638333333333335,1992,48.257918,14.5007688,-8377.940893874627,-3483.6297768486706,3167.6593437285355,678.94,8.423084566255923,16.563604787049233,0.9465909766724755
1.294,1990,40.3736611,127.0870417,-11726.69404358651,-2799.431260637649,956.6359521125667,6600.3309,8.015388159499329,16.850440659794305,0.9362201919992433
0.6469999999999999,1991,40.3736611,127.0870417,-11612.338164697563,-2820.3416579747004,1018.1037732005434,6600.3309,7.934226854045679,16.865519536108536,0.9378456876934356
0.7663333333333333,1992,40.3736611,127.0870417,-11561.46472358274,-2807.913175401868,993.0738028260671,6600.3309,7.853466784154804,16.880768474390667,0.9394029494857685
0.4440833333333333,1993,40.3736611,127.0870417,-11507.618709286164,-2698.836955020661,680.5349159693319,6600.3309,7.794385041395855,16.89618200881769,0.94068780317931
1.42875,1994,40.3736611,127.0870417,-11152.155862642041,-2738.9376881676894,800.4880739732112,6600.3309,7.672399246946844,16.911324518645106,0.9418291678496434
0.672,1995,40.3736611,127.0870417,-11214.601341121735,-2613.0579301638704,450.3613189861133,6600.3309,7.6380104135445706,16.9239255939763,0.9430809399477806
0.3941666666666666,1996,40.3736611,127.0870417,-11501.160638980755,-2438.5233280427333,-53.32760138444345,6600.3309,7.49986940025701,16.934095085836475,0.944355270059959
0.9075,1997,40.3736611,127.0870417,-12069.501099759174,-2297.4333574349084,-473.4889676229821,6600.3309,7.43374283749186,16.943470943992036,0.9455728351434584
1.815416666666667,1998,40.3736611,127.0870417,-13750.40533358774,-2162.972968539297,-837.6836652646064,6600.3309,7.433363302704975,16.952031941827947,0.9467318124110338
1.3289166666666663,1999,40.3736611,127.0870417,-13400.20970124245,-2129.6406680555497,-994.4552062248846,6600.3309,7.455569010106188,16.95985669715472,0.9478933755250318
0.5140833333333333,2000,40.3736611,127.0870417,-12348.605180978693,-2170.1832609613894,-892.0685752237946,6600.3309,7.553179048688957,16.966837896290613,0.9490364192872285
0.8104166666666667,2001,40.3736611,127.0870417,-11931.571318077376,-2158.2744140743202,-933.790341301689,3074.0332,7.574291097328433,16.97304373079403,0.9501137140156163
0.8937500000000002,2002,40.3736611,127.0870417,-11606.568450743589,-2180.220761664354,-872.4744675460122,3074.0332,7.5324320051429865,16.978383489356943,0.9511051847669845
1.04325,2003,40.3736611,127.0870417,-11443.34401883638,-2176.270135011946,-886.4266534552372,3074.0332,7.5539739938361485,16.984427229661566,0.9519384032812537
1.5427499999999998,2004,40.3736611,127.0870417,-11247.258323909662,-2180.0780282075484,-854.1070286844536,3074.0332,7.575515367106398,16.99143420441399,0.9526574776506532
0.495,2005,40.3736611,127.0870417,-10960.79976534478,-2213.3507755673554,-768.4571611434209,3074.0332,7.612730037165418,16.997763144518718,0.9533421497607739
1.1053333333333333,2006,40.3736611,127.0870417,-10595.88796484726,-2253.635749349959,-657.5247661404512,3074.0332,7.621190459222105,17.00333978637379,0.9539781820808687
1.6520833333333331,2007,40.3736611,127.0870417,-10422.604541608738,-2271.842766983939,-593.7392548813967,3074.0332,7.441182843601692,17.008309558663136,0.9545741871725107
1.416,2008,40.3736611,127.0870417,-10312.811294528648,-2292.081308028431,-533.7729607679638,3074.0332,7.544790733027905,17.01291948901272,0.9551658300090091
0.9209166666666668,2009,40.3736611,127.0870417,-10159.925588251748,-2302.105292244916,-486.3943377211877,3074.0332,7.213717202247221,17.01750505159289,0.955829063076946
0.4232499999999999,2010,40.3736611,127.0870417,-9814.670573810945,-2340.0261593633672,-388.04517688495514,3074.0332,7.138237357317757,17.02176450096266,0.9567039149318856
0.496,2011,40.3736611,127.0870417,-9137.67636264209,-2400.993566672462,-186.44808834487478,3123.0745,6.795582389485751,17.025700328045414,0.9578470766536361
0.1921666666666666,2012,40.3736611,127.0870417,-9340.729093789932,-2386.1081957816473,-230.6224896971168,3123.0745,6.862594719819792,17.02988703593505,0.9592362812235515
0.6165833333333334,2013,40.3736611,127.0870417,-8972.737571780292,-2441.1322518885236,-59.57072747584744,3123.0745,6.505207810421228,17.034459140185593,0.9608542365447933
1.3306666666666669,2014,40.3736611,127.0870417,-7461.730632080564,-2603.6497889990646,421.4542315631941,3123.0745,6.628204325865474,17.039418898456542,0.9626782178136615
0.15225,1990,-2.9814344,23.8222636,-17081.362925400004,-482.0376794942132,-2100.886526774205,367180.2288,8.433801573731447,17.398683325399,0.9777741029736182
0.26125,1991,-2.9814344,23.8222636,-17152.036496177705,-462.95611711358,-2147.0727358157574,367180.2288,8.337722944970665,17.431679847152004,0.9787564696273844
-0.258,1992,-2.9814344,23.8222636,-17153.31647801897,-440.42775158665603,-2217.1528356620443,367180.2288,9.267726856917053,17.46180349294966,0.9795602665537564
0.1788333333333333,1993,-2.9814344,23.8222636,-17170.52118952448,-420.44060816814255,-2282.0048115643767,367180.2288,8.353875995153016,17.493855821812303,0.9801199793047356
0.2575,1994,-2.9814344,23.8222636,-17156.723610548943,-420.26655870074273,-2279.7550601884227,367180.2288,8.269348795602774,17.541492762777775,0.9808616216520578
0.3434166666666667,1995,-2.9814344,23.8222636,-17131.062708348945,-431.0413914458765,-2241.8477365833583,367180.2288,7.391054972501434,17.583334986693988,0.9813420359126959
-0.0608333333333333,1996,-2.9814344,23.8222636,-17125.25287992144,-600.7952399770228,-2083.437094450208,367180.2288,7.807848772965708,17.602394513481507,0.980999984329347
0.6413333333333333,1997,-2.9814344,23.8222636,-17152.276265223227,-279.621169027124,-2268.3286906673184,367180.2288,7.671626954902654,17.61821408805185,0.9804765609372947
0.9800833333333332,1998,-2.9814344,23.8222636,-17168.387710752857,-215.63390754725995,-2349.277586437774,367180.2288,7.912989786227606,17.641878153935878,0.9796034377031152
0.4405833333333333,1999,-2.9814344,23.8222636,-17163.613430840716,-520.4264039923665,-2153.602910134268,367180.2288,8.668325669623364,17.67048136038249,0.9782781321800815
0.5525833333333333,2000,-2.9814344,23.8222636,-17132.664862820042,-646.8827197062901,-2134.4430129270627,367180.2288,8.165961878283126,17.699469773263154,0.9777019786572624
0.4213333333333333,2001,-2.9814344,23.8222636,-17118.25725941411,-1001.7457878223382,-1962.7543859923317,367169.319,8.330227029925691,17.729664431479588,0.977872754810704
0.8593333333333333,2002,-2.9814344,23.8222636,-17070.540224558954,-591.6319806497505,-2244.1398913612975,367169.319,9.270307405393456,17.760234453228733,0.9780444342240647
0.9555,2003,-2.9814344,23.8222636,-17021.54287121925,-355.83407674901474,-2411.7439806375364,367169.319,8.278061803032246,17.78967496373027,0.9782420898968129
0.9304166666666668,2004,-2.9814344,23.8222636,-16971.360391042417,-275.3614331496733,-2498.7002201086207,367169.319,8.362610246175745,17.819485510640703,0.9786246294473983
1.0560833333333333,2005,-2.9814344,23.8222636,-16899.442546900966,-252.24096170777793,-2526.546351605632,367169.319,9.235024276235954,17.850640128332955,0.9791315055920807
0.74175,2006,-2.9814344,23.8222636,-16876.20695295569,-152.34112594008752,-2624.904477391102,367169.319,8.945173013107821,17.882511843521197,0.9796372292295211
0.8219166666666666,2007,-2.9814344,23.8222636,-16853.881193443685,-385.36629753264555,-2503.938163789637,367169.319,8.711683119043158,17.914667223423447,0.9801672638263327
0.7105833333333335,2008,-2.9814344,23.8222636,-16893.623685892268,-234.72690532203865,-2648.661843406054,367169.319,9.133915195638863,17.94666467562865,0.9806933882953517
0.9031666666666668,2009,-2.9814344,23.8222636,-16859.88212579685,-246.3049499668725,-2675.838730181616,367169.319,8.593441196921388,17.97860712711223,0.9811062880493485
1.2978333333333334,2010,-2.9814344,23.8222636,-16775.762957424024,-93.33873144883816,-2997.8694210073922,367169.319,8.909783777388268,18.01107593409044,0.9814700098149404
0.8136666666666668,2011,-2.9814344,23.8222636,-16769.993919829765,-44.960793924144575,-3037.8737647632006,600789.5942,8.606718939058311,18.044593873241205,0.9818665435455112
0.5835,2012,-2.9814344,23.8222636,-16772.301245523162,-138.88352936768823,-3019.6512146519785,600789.5942,8.238460706336573,18.078160420470653,0.9822756621313538
0.9950833333333334,2013,-2.9814344,23.8222636,-16708.714798037665,-55.68689234382869,-3197.998376199166,600789.5942,8.290453461596405,18.112251884225614,0.982662182853761
0.99075,2014,-2.9814344,23.8222636,-16696.69906184255,-63.35022565378026,-3325.5438039210558,600789.5942,8.869673365999027,18.14671205180752,0.9829989957942282
1.8528333333333336,1990,55.670249,10.3333283,-12344.51739847164,-2240.6033807568597,2147.2490381277903,0.0,7.884148708258579,15.45346284391893,0.9718365137988817
0.6735000000000001,1991,55.670249,10.3333283,-11949.59560243044,-2253.9715841286875,2166.6912299306873,0.0,7.942986172339846,15.456122278495236,0.9721130602037824
1.4204166666666669,1992,55.670249,10.3333283,-11482.614628066976,-2287.2097267348904,2273.146902205885,0.0,7.91744746110389,15.45944052102856,0.9725683485401078
0.196,1993,55.670249,10.3333283,-11501.865230922522,-2265.2874052605944,2190.3921871769726,0.0,7.833270375289297,15.462971351052047,0.9731455939847224
1.1174166666666667,1994,55.670249,10.3333283,-10924.849445926731,-2310.30862150053,2329.468485669992,0.0,7.843757496744318,15.466819322674974,0.9737164575458573
0.7668333333333334,1995,55.670249,10.3333283,-10895.294975415376,-2297.900498303479,2315.5036194449726,0.0,7.818201525073372,15.470915032906337,0.97429440958185
-0.6306666666666666,1996,55.670249,10.3333283,-11538.040367749536,-2276.3667986019996,2259.2878679123974,0.0,7.857532236295971,15.47488217095696,0.9748837653197947
0.9185833333333334,1997,55.670249,10.3333283,-11406.32715699613,-2303.8402465357785,2352.945482915096,0.0,7.838907903781256,15.478940699383115,0.9754828764572202
0.7676666666666666,1998,55.670249,10.3333283,-11576.42691129694,-2286.9983929849172,2335.742513339897,0.0,7.799956986070146,15.483027171754944,0.9760907205637926
1.4349166666666668,1999,55.670249,10.3333283,-11620.037064665494,-2284.385158258689,2333.425812859923,0.0,7.792715743696862,15.486956417332221,0.9767671464174386
1.84275,2000,55.670249,10.3333283,-11485.452990225149,-2300.0831149469877,2395.3385159394097,0.0,7.81475958516931,15.490858862590386,0.977523792173669
0.7725,2001,55.670249,10.3333283,-12030.763086183862,-2225.9333193032326,2177.7035974623504,0.0,7.804431620242476,15.494614075549283,0.9782036800524889
1.5481666666666667,2002,55.670249,10.3333283,-12254.540394114852,-2199.78483660143,2116.9282625321107,0.0,7.764135059316633,15.497956895414498,0.9789103057015979
1.067583333333333,2003,55.670249,10.3333283,-12413.616882880231,-2200.630117748158,2112.6537278715223,0.0,7.750295094950401,15.501234283619436,0.9795299402548495
1.038,2004,55.670249,10.3333283,-12893.971685546194,-2408.8379371082647,2756.7549754274205,0.0,7.701001427502603,15.504791465823056,0.9799239484229773
1.1589166666666666,2005,55.670249,10.3333283,-13100.04916932846,-2390.2523720174295,2718.189880789455,0.0,7.71557595447285,15.50861144774962,0.9803232156621609
1.7205,2006,55.670249,10.3333283,-13222.977020830755,-2365.2998158719065,2597.3393843708377,0.0,7.760388509506789,15.512568062387757,0.9808019290254233
1.8735833333333327,2007,55.670249,10.3333283,-11586.727634589492,-585.6475101146927,-2619.233074541347,0.0,7.704600318752408,15.516565110201377,0.9813601712733812
1.763,2008,55.670249,10.3333283,-13294.914057939732,-2372.230818751689,2665.3973764022767,0.0,7.704405441051072,15.520758706971652,0.9819619970494335
1.1594166666666668,2009,55.670249,10.3333283,-13742.52691174146,-2336.4619061797735,2603.291983918771,0.0,7.675688173405569,15.525056757218561,0.9825328278516214
-0.6224166666666667,2010,55.670249,10.3333283,-13877.21444617841,-2319.9218866694428,2550.3830239180847,0.0,7.70908480010448,15.52946126684378,0.9831277685861245
1.4205833333333333,2011,55.670249,10.3333283,-13403.478716268026,-2380.4090799313663,2751.0051765534863,0.0,7.6555777485332825,15.533985100858839,0.983691512663607
0.7555000000000001,2012,55.670249,10.3333283,-12837.196142428009,-2452.715882317379,3006.989504301849,0.0,7.587000574572571,15.53844839104377,0.9842797553801973
0.8365,2013,55.670249,10.3333283,-12700.624368489984,-2462.3724781216533,3024.250386240664,0.0,7.6167539580659485,15.542799948156988,0.9849202257820139
2.5181666666666667,2014,55.670249,10.3333283,-12828.83707467689,-2457.161283503641,3023.229356291471,0.0,7.507705006358308,15.54728167166556,0.9855430517889257
0.47,1990,11.8145966,42.8453061,-18613.30290409743,-3400.9922793089922,2621.4685417532464,0.0,2.839347433180982,13.265897327240971,0.9862996727201396
0.5017272727272727,1991,11.8145966,42.8453061,-18611.604174730408,-3400.3299161722925,2619.347525879385,0.0,3.130236942391524,13.351124719342069,0.9863190329461958
0.5345,1992,11.8145966,42.8453061,-18611.61113455056,-3399.504891975838,2616.87086644182,0.0,3.352182192176426,13.34261795966316,0.9856587084872025
0.0980909090909091,1993,11.8145966,42.8453061,-18610.74878566052,-3398.7630991655574,2614.0230828342424,0.0,2.862075158741051,13.323228599399512,0.9852413385430369
0.32775,1994,11.8145966,42.8453061,-18610.00841051775,-3397.9929413249,2610.872166305985,0.0,2.8140665016860904,13.34306875879647,0.9856303444322362
0.73825,1995,11.8145966,42.8453061,-18608.673972176337,-3396.9494758764567,2606.1024079416984,0.0,2.754571125827599,13.352870153520712,0.9860607723827278
0.6809166666666667,1996,11.8145966,42.8453061,-18607.752573266407,-3396.127661923973,2602.430785683239,0.0,2.5946052423690475,13.376461261608432,0.9865304613108995
0.6970833333333334,1997,11.8145966,42.8453061,-18606.83051380731,-3395.465205741307,2600.41740420875,0.0,2.7605920490555973,13.41172304191135,0.9870916676089531
0.9654166666666666,1998,11.8145966,42.8453061,-18605.964276234972,-3394.718651825562,2597.900374346888,0.0,2.9993806102727505,13.451552010007836,0.9877460655259409
0.4119166666666667,1999,11.8145966,42.8453061,-18593.825122906073,-3393.8352655850686,2586.3166565323604,0.0,3.038767816367566,13.486132498060549,0.9883222129475564
0.8238,2000,11.8145966,42.8453061,-18593.397152331483,-3393.1915130227926,2584.133592629579,0.0,3.0832393609922253,13.517148995554091,0.988842073664292
0.8513999999999999,2001,11.8145966,42.8453061,-18592.376146140956,-3392.779791128082,2582.9593112666266,0.0,2.462720684597062,13.548272736989206,0.989404445091272
1.471181818181818,2002,11.8145966,42.8453061,-18591.828557841363,-3392.3803995768963,2581.649217122719,0.0,2.4072783861084086,13.578685084562514,0.9899510032605653
1.2746666666666666,2003,11.8145966,42.8453061,-18605.32532287556,-3392.0357901838142,2589.8657927822164,0.0,2.2048289241961543,13.60034881707922,0.9903814352073532
1.0096363636363637,2004,11.8145966,42.8453061,-18601.77444509883,-3391.793527425127,2587.777395131629,0.0,2.134568727305149,13.615073501872986,0.9907247265217359
1.1268333333333334,2005,11.8145966,42.8453061,-18601.597387541457,-3391.3539083672104,2586.4113499943037,0.0,2.5567465756777006,13.63021779149529,0.9909207452225484
0.9679166666666666,2006,11.8145966,42.8453061,-18601.737173215457,-3391.236431667208,2589.0318738766196,0.0,2.5482022112711724,13.649393397886524,0.991036249941229
0.7774166666666668,2007,11.8145966,42.8453061,-18599.102675028935,-3390.8185462815286,2586.694096002435,0.0,2.4940150421519913,13.67071250564865,0.9910824419610803
0.3105833333333333,2008,11.8145966,42.8453061,-18598.740364648835,-3390.5408620116477,2585.9938384145394,0.0,2.5365815380260224,13.690950233278821,0.9910223190425611
1.5328333333333333,2009,11.8145966,42.8453061,-18598.26699257659,-3390.3372348115954,2585.317830716821,0.0,2.5269119439330305,13.71137484748182,0.9910402382788419
0.9412,2010,11.8145966,42.8453061,-18599.096341298307,-3390.077277873191,2586.191748707961,0.0,2.6654627602093046,13.731257917613567,0.9909958889095863
0.9537777777777776,2011,11.8145966,42.8453061,-18587.659714823236,-3389.78026030857,2576.6964905558016,0.0,2.1649424034154956,13.750235765845733,0.9908533928939534
1.4184,2012,11.8145966,42.8453061,-18540.503550711004,-3389.1651427315974,2539.961460949114,0.0,2.265122034260835,13.76873022273489,0.9906153133721877
1.1055,2013,11.8145966,42.8453061,-18486.079906919913,-3394.188565810582,2554.532820197984,0.0,2.3648836071882697,13.786855906854878,0.9903773874750371
1.1321666666666668,2014,11.8145966,42.8453061,-18489.680707492746,-3394.8595044813583,2564.8787712428957,0.0,2.7282253080388426,13.804537574380008,0.9900185906515581
0.3791666666666666,1990,15.4113138,-61.3653618,-18522.932873127316,-3373.2276200762335,2504.2502573192,54.9141,-0.6923475003893811,11.14880861288244,0.9846610871490188
0.4125833333333333,1991,15.4113138,-61.3653618,-18522.000990518678,-3373.2044728847795,2503.547259321912,54.9141,-0.6923475003893811,11.1439031767786,0.9836183153546018
0.5088333333333334,1992,15.4113138,-61.3653618,-18522.021768694594,-3373.182520936639,2503.4745411949602,54.9141,-0.6923475003893811,11.143469186666763,0.9845226130653266
0.543,1993,15.4113138,-61.3653618,-18505.75812207832,-3374.801001032563,2508.1863898751635,54.9141,-0.28688239228121654,11.14430806435553,0.9857319208796257
0.5370833333333334,1994,15.4113138,-61.3653618,-18500.278593408388,-3375.3166969392873,2509.6965246109153,54.9141,-0.6923475003893811,11.144741690634294,0.9872207225317328
0.7465,1995,15.4113138,-61.3653618,-18498.811143901406,-3375.366402574561,2509.7904016833095,54.9141,-0.28688239228121654,11.144756141605761,0.9891344965362615
0.3464166666666666,1996,15.4113138,-61.3653618,-18492.782700173444,-3375.8982234188743,2510.917600958281,54.9141,-0.023166278031839585,11.144264691384112,0.9909041190524165
0.6895000000000001,1997,15.4113138,-61.3653618,-18493.8830754517,-3375.738831933744,2510.532818805815,54.9141,-0.28688239228121654,11.143020532260614,0.9927306294351814
1.0093333333333334,1998,15.4113138,-61.3653618,-18518.587312698837,-3373.2448944107196,2503.3428117710473,54.9141,-0.28688239228121654,11.140962828916065,0.994849238960588
0.4185,1999,15.4113138,-61.3653618,-18492.51125498033,-3375.6332731113553,2508.838886717986,54.9141,-0.023166278031839585,11.137475365705162,0.9966866244259722
0.2565833333333333,2000,15.4113138,-61.3653618,-18517.960295367484,-3415.6916725929077,2624.6761677224144,54.9141,0.39041914990289317,11.132338318127967,0.9976617075380704
0.6064999999999999,2001,15.4113138,-61.3653618,-18643.87645177971,-3416.225504590941,2718.7734110245524,0.0,0.39041914990289317,11.129495783722676,0.999002727832693
0.6454166666666666,2002,15.4113138,-61.3653618,-18646.81884205346,-3415.9532812159296,2717.8231617910474,0.0,0.39041914990289317,11.131108521767771,1.0016420842741107
0.7855000000000001,2003,15.4113138,-61.3653618,-18645.49238697275,-3416.069032859674,2718.2482695131316,0.0,0.6820862332005203,11.133756561060643,1.0043634872756027
0.4704166666666666,2004,15.4113138,-61.3653618,-18644.412030164414,-3415.9805354371883,2716.468188007406,0.0,0.9049061730075169,11.135668733125653,1.0074355971896956
0.8385833333333333,2005,15.4113138,-61.3653618,-18645.60345107754,-3415.8605944232963,2716.1385988567704,0.0,0.7419849626432454,11.137111387860115,1.0106868887977982
0.7320833333333333,2006,15.4113138,-61.3653618,-18644.249960345667,-3415.9040008509946,2715.4791965474765,0.0,1.0356014888587057,11.138115645121681,1.0128250175685172
0.8428333333333334,2007,15.4113138,-61.3653618,-18646.88529780494,-3415.5655420033177,2714.579095055356,0.0,1.0356014888587057,11.138595585792775,1.0142041294479427
0.3555,2008,15.4113138,-61.3653618,-18645.77946988983,-3415.679058516872,2714.8499580945604,0.0,1.1520898624462559,11.138697361783906,1.0159441953163926
0.6114166666666666,2009,15.4113138,-61.3653618,-18649.409515593474,-3415.2697554780752,2713.781033252986,0.0,1.255587547043436,11.138755514842774,1.0178356654639327
1.1758333333333333,2010,15.4113138,-61.3653618,-18654.759853650754,-3414.7461612346747,2712.153473654089,0.0,0.7266786637687377,11.138304740157045,1.0199482930842
0.5806666666666667,2011,15.4113138,-61.3653618,-18654.640456975256,-3414.737339536489,2712.1032753274294,0.0,1.199573139981249,11.138130192163176,1.020367376928729
0.7183333333333334,2012,15.4113138,-61.3653618,-18660.55808972015,-3414.1321483515176,2710.3335720234313,0.0,1.209139434277295,11.140237276376,1.0185776657778298
0.7319999999999999,2013,15.4113138,-61.3653618,-18660.461968974952,-3414.1271621103574,2710.354287453979,0.0,1.3725249970338917,11.139235148586208,1.0195146286351497
0.6645,2014,15.4113138,-61.3653618,-18660.318653796465,-3414.1255684226835,2710.3611657641854,0.0,1.4043061701715764,11.147209776379347,1.0139937289513412
0.51025,1990,19.0974031,-70.3028026,-17219.22958294287,-2575.5647079110367,58.01242778354406,0.0,5.132579143032459,15.77968209118812,0.9932232126356133
0.4019999999999999,1991,19.0974031,-70.3028026,-17102.960363696853,-2556.662956100698,-14.193814945192951,0.0,5.166720102290778,15.800421890583506,0.9930949291159532
0.53375,1992,19.0974031,-70.3028026,-17070.006509797244,-2602.4688668110844,109.55412240992739,0.0,5.301540167740866,15.820678344518381,0.99299759198308
0.5619166666666667,1993,19.0974031,-70.3028026,-17084.311873132185,-2553.6615514585455,-38.60177875568165,0.0,5.248274342877798,15.840505681487782,0.9929489858971826
0.8536666666666667,1994,19.0974031,-70.3028026,-17051.618659722415,-2556.3550880621433,-50.209296330652016,0.0,5.30014719139696,15.859834377698592,0.9957944293501081
0.92125,1995,19.0974031,-70.3028026,-16952.369211348123,-2519.9560400747832,-136.40973132388876,0.0,5.46822721578498,15.878537234894713,1.0012600450768094
0.5494166666666667,1996,19.0974031,-70.3028026,-16821.316885078577,-2514.5795969435626,-172.2570562410517,0.0,5.53482008548918,15.896490041405173,1.0064420500969875
1.2076666666666669,1997,19.0974031,-70.3028026,-16755.980652329235,-2510.82045533311,-194.98210972219744,0.0,5.589994697315909,15.913537810326941,1.0114257790808734
1.3495833333333334,1998,19.0974031,-70.3028026,-16567.82021867887,-2508.453185588437,-271.68532601282493,0.0,5.640316444860798,15.929610135946463,1.01619381849466
0.7367499999999999,1999,19.0974031,-70.3028026,-16368.731373149298,-2506.944061683545,-249.1015799207204,0.0,5.8315598445980275,15.945095395536796,1.0207563361143621
0.7370833333333334,2000,19.0974031,-70.3028026,-16242.455094273213,-2510.8442392465317,-232.94694788049492,0.0,5.851601437115552,15.960364184426332,1.0251553641136344
0.928,2001,19.0974031,-70.3028026,-16105.967692158465,-2491.251477701081,-253.08552596143124,0.0,5.8226834037553274,15.975268615982479,1.029451610479123
0.9890833333333332,2002,19.0974031,-70.3028026,-16207.391578559504,-2475.3942850201206,-243.03738011668352,0.0,5.817999455787811,15.989705533585123,1.0311164821978573
1.2050833333333333,2003,19.0974031,-70.3028026,-16291.772141858975,-2504.2950798561883,-175.88223179887837,0.0,5.623849260987977,16.003789912490294,1.0303030027131854
0.78825,2004,19.0974031,-70.3028026,-16335.903003675994,-2479.0745523355367,-285.4630894808003,0.0,5.630606580803021,16.017515469054718,1.0295762345163648
0.9053333333333332,2005,19.0974031,-70.3028026,-16231.074364045848,-2445.8758518639665,-377.39321597467085,0.0,5.616395026960847,16.030877125242146,1.0288325096042692
1.129,2006,19.0974031,-70.3028026,-15824.870822743756,-2476.5058578672333,-307.19977224815403,0.0,5.6914359017735885,16.04382114186117,1.0280000489297492
1.163333333333333,2007,19.0974031,-70.3028026,-15689.506372941007,-2473.3598831636614,-351.223159303456,0.0,5.5035425382558945,16.05645490055805,1.027025989862074
0.639,2008,19.0974031,-70.3028026,-15621.986069164812,-2470.703881765781,-335.16271033681795,0.0,5.355546111248046,16.06921491768763,1.025892121867354
0.8051666666666666,2009,19.0974031,-70.3028026,-15746.073915580244,-2433.1361460812004,-374.30762161350674,0.0,5.482924226712565,16.082267520483015,1.0246088729265885
1.0509166666666667,2010,19.0974031,-70.3028026,-15666.192650662155,-2437.251947212959,-372.92441129562343,0.0,5.541362363805114,16.095415898704676,1.0232135214317823
0.6386666666666666,2011,19.0974031,-70.3028026,-15679.323596269702,-2426.7552367794838,-470.9561158177749,0.0,5.512894732637394,16.108422819598605,1.0217639336270656
0.8180000000000001,2012,19.0974031,-70.3028026,-15640.01855181976,-2451.4872248994984,-402.5147002097314,0.0,5.576155142524806,16.121179092263382,1.0203133405692997
1.2335,2013,19.0974031,-70.3028026,-15546.691605269985,-2450.6106024144074,-482.78042189757,0.0,5.534172581240012,16.1336787020767,1.0188966746313002
1.0460833333333337,2014,19.0974031,-70.3028026,-15298.52999846217,-2472.9201783854583,-373.03476854158043,0.0,5.330863933980383,16.145916536129477,1.0175397631605128
0.4824166666666667,1990,-1.3397668,-79.3666965,-16450.796532117623,-2393.4495257858202,-551.8413299235779,37579.7727,6.13204311247754,16.162097033862587,1.0054275964165045
0.5551666666666667,1991,-1.3397668,-79.3666965,-16428.99513460232,-2459.2751234164025,-381.5481017713998,37579.7727,6.050189719052317,16.184471046508644,1.005164581150855
0.8343333333333334,1992,-1.3397668,-79.3666965,-16334.337577302103,-2326.4406694266763,-778.8234867502791,37579.7727,6.043023968580578,16.20557726736806,1.0049050656164122
0.6068333333333333,1993,-1.3397668,-79.3666965,-16359.110809362805,-2267.165453052976,-946.6390708157306,37579.7727,5.920553766179381,16.225408868851574,1.0046513018189074
0.3794166666666667,1994,-1.3397668,-79.3666965,-16289.733228163564,-2237.561856877266,-1038.0164477024534,37579.7727,5.8158579941264135,16.244521408243976,1.0044074293233947
0.6885833333333333,1995,-1.3397668,-79.3666965,-16026.016531837764,-2228.612512570504,-1095.395749022169,37579.7727,5.703034861930104,16.26320691235426,1.004174872447454
0.0306666666666666,1996,-1.3397668,-79.3666965,-15830.519477720112,-2232.4200621915443,-1092.814655956857,37579.7727,5.64377730677189,16.281507966268123,1.0039586588109557
1.4035833333333334,1997,-1.3397668,-79.3666965,-15823.64093443842,-2193.7028295691903,-1240.5030445207583,37579.7727,5.519857232646229,16.29940319381387,1.003761533108896
1.1978333333333333,1998,-1.3397668,-79.3666965,-15965.225518869443,-2276.035029314023,-989.483719061827,37579.7727,5.542372733702879,16.316921427421715,1.0035756510839862
0.1860833333333333,1999,-1.3397668,-79.3666965,-16115.460430447687,-2222.521862736855,-1115.8349803831888,37579.7727,5.6237163778202515,16.33417801063442,1.0033918078817003
0.2459166666666666,2000,-1.3397668,-79.3666965,-15929.363427748804,-2285.4621536227723,-888.307497120381,37579.7727,5.245628361767615,16.351308892338736,1.0032150739292487
0.5185833333333333,2001,-1.3397668,-79.3666965,-15817.885194522718,-2257.9188418346216,-997.680428031158,29052.2686,5.301699141894445,16.368505748232955,1.0030558422145648
0.7773333333333333,2002,-1.3397668,-79.3666965,-15724.448322713553,-2233.5777935239635,-1081.5917530834129,29052.2686,5.251945101902191,16.38587667977119,1.0029141272574258
0.81175,2003,-1.3397668,-79.3666965,-15572.00460883827,-2256.0548658976068,-1075.4753040755954,29052.2686,5.33577450628873,16.403363686967374,1.0027781931039197
0.8484166666666667,2004,-1.3397668,-79.3666965,-15403.284018798346,-2147.612097438109,-1289.233981712439,29052.2686,5.2181636943848355,16.42075933650527,1.0026361315745707
0.8158333333333333,2005,-1.3397668,-79.3666965,-15313.711728084834,-2194.9182050929016,-1166.0919829905542,29052.2686,5.294081909650451,16.438003742164152,1.0024707297058058
0.8445833333333334,2006,-1.3397668,-79.3666965,-15133.95212389641,-2219.3222022504638,-1111.4782513707994,29052.2686,5.3437777072893935,16.45521489251241,1.0022638102932977
0.7626666666666667,2007,-1.3397668,-79.3666965,-15125.388988049206,-2190.0608260812905,-1189.3776632701317,29052.2686,5.460762268305826,16.472396228318367,1.002009477767562
0.7364166666666666,2008,-1.3397668,-79.3666965,-14737.916343900213,-2274.3072894729494,-951.5862003311433,29052.2686,5.5694027222762825,16.489438286437842,1.001710667084219
1.0055833333333333,2009,-1.3397668,-79.3666965,-14717.49518046603,-2196.029624062325,-1281.6115035487678,29052.2686,5.676581184630988,16.50626307976677,1.0013901214224905
1.00625,2010,-1.3397668,-79.3666965,-14542.695790655507,-2150.0516872626845,-1523.7048536593165,29052.2686,5.784124522138491,16.522866184572123,1.0010838725662763
0.8218333333333333,2011,-1.3397668,-79.3666965,-14477.351895958429,-2266.950093557764,-1121.9044006918516,20347.6906,5.873055377970936,16.539285015744213,1.0008382713961421
0.6331666666666667,2012,-1.3397668,-79.3666965,-14419.682912462355,-2218.0930323208577,-1207.4240618424133,20347.6906,5.979313015388784,16.555310234464095,1.000675898650606
0.53425,2013,-1.3397668,-79.3666965,-14103.148862881773,-2202.0528777226205,-1287.091438805984,20347.6906,6.009083173562547,16.570634466840136,1.000585428989283
1.0275833333333333,2014,-1.3397668,-79.3666965,-13978.278665298641,-2260.893461500047,-1169.343616545906,20347.6906,6.081926630223841,16.585470452863326,1.0005561141909536
0.13925,1990,26.2540493,29.2675469,-4346.312707997282,-1686.8456065401915,-2886.3237248589066,0.0,6.860096739284143,17.862320192877423,1.0171516288036238
-0.0408333333333333,1991,26.2540493,29.2675469,-2829.1722168037422,-1669.3064274511376,-2999.6891203482296,0.0,6.914629894569762,17.886433496214334,1.0181166596195086
-0.5093333333333333,1992,26.2540493,29.2675469,-1087.96724987849,-1660.9873205860101,-3025.862023344611,0.0,7.058234111535836,17.909674137143266,1.0189275057347078
0.3115833333333333,1993,26.2540493,29.2675469,-1269.5326575202523,-1494.7654569815527,-3566.9492922180702,0.0,7.12234628129081,17.93263044880745,1.0199109086022087
0.3165,1994,26.2540493,29.2675469,-386.02248103458646,-1411.1191152618994,-3866.1508201688594,0.0,7.170886249455448,17.955080955549317,1.0209070841793102
0.2491666666666666,1995,26.2540493,29.2675469,664.2585297240644,-1392.548496330048,-3903.7747794927714,0.0,7.267454525105282,17.97699818405589,1.0217180219971755
0.4498333333333333,1996,26.2540493,29.2675469,2085.8262683772577,-1389.328698188253,-3956.7087969339477,0.0,7.39589765203735,17.99855554909103,1.0224743068021935
-0.0498333333333333,1997,26.2540493,29.2675469,2236.5007571465685,-1187.9615085183575,-4563.469097894009,0.0,7.504562689891989,18.02010957595984,1.0233212623372236
0.8051666666666667,1998,26.2540493,29.2675469,4201.867471195776,-1504.820846063221,-3713.197457993206,0.0,7.629749843737264,18.04155583188666,1.024182808703281
0.8422499999999999,1999,26.2540493,29.2675469,5295.323543086132,-1280.5969454413962,-4408.412056724617,0.0,7.676708296649862,18.062689033456945,1.025010284675055
0.0205833333333333,2000,26.2540493,29.2675469,6409.093008527675,-1327.102161698867,-4243.621303375075,0.0,7.769836046065311,18.083407380514743,1.0256348719244084
0.6119166666666667,2001,26.2540493,29.2675469,7715.437850873935,-1535.263170027705,-3705.163365568137,0.0,7.769590754310065,18.103971578943057,1.0260867678964818
0.8845833333333334,2002,26.2540493,29.2675469,9047.885806113436,-1397.4907511268498,-4202.366614226938,0.0,7.809858117001883,18.124882611876224,1.0266964191045456
0.6743333333333333,2003,26.2540493,29.2675469,8595.301939947729,-1296.667735710769,-4526.811117542699,0.0,7.824606333846042,18.145761176496045,1.0272439963803695
0.66525,2004,26.2540493,29.2675469,9975.708770963996,-1321.778313223381,-4484.8584746274255,0.0,7.796755632993605,18.16607782020674,1.0274696276142345
0.6449166666666667,2005,26.2540493,29.2675469,12131.16179088064,-1507.9020972900387,-3996.7826823904484,0.0,8.651842853544283,18.185911247477105,1.0273920812465314
0.5243333333333334,2006,26.2540493,29.2675469,14244.996632432536,-1563.1094002304178,-3884.551541715236,0.0,8.702662455643775,18.205377253883388,1.0270529588922386
0.6795,2007,26.2540493,29.2675469,19036.75284794448,-1824.1353841783282,-4449.6471044639775,0.0,8.787531242122748,18.224894009180893,1.0266834088729255
1.0486666666666666,2008,26.2540493,29.2675469,20927.660992842233,-1811.3535121630666,-4645.463524975237,0.0,8.828602913470348,18.24447781412419,1.0262795204825865
0.91,2009,26.2540493,29.2675469,23093.432927644113,-2222.9981456763994,-3477.51846292033,0.0,8.914732143712632,18.264039366578242,1.025844886468562
2.36675,2010,26.2540493,29.2675469,26405.486752000004,-2780.716677629415,-1675.6621054168,0.0,8.926826679743778,18.284315786285845,1.0255143677540535
0.4616666666666666,2011,26.2540493,29.2675469,27483.967958596415,-2499.581013124152,-2378.3830165529544,915.1512,8.949024268995464,18.30639220293122,1.0258494600807855
1.00625,2012,26.2540493,29.2675469,27377.557373367265,-2401.842986095013,-2762.18734128421,915.1512,8.932842701990573,18.329008076371533,1.0261734608301356
1.00975,2013,26.2540493,29.2675469,24496.36229227889,-2163.0782998847376,-2782.88486204358,915.1512,8.000419848315984,18.352165162116012,1.0258770745613583
1.3870000000000002,2014,26.2540493,29.2675469,25396.763796878604,-2285.9909618536853,-2509.495255127731,915.1512,8.016108140532152,18.375603081910953,1.0255447208699202
0.5610833333333333,1990,13.8000382,-88.9140683,-17862.882990349564,-3148.0017740716085,1722.4758350470202,1142.5814,4.366082703026706,15.495813002568518,0.9429173485836579
0.5869166666666666,1991,13.8000382,-88.9140683,-17831.116365383583,-3145.5926254391275,1714.9677792993905,1142.5814,4.511069374602893,15.51315529921731,0.9420631765217138
0.6003333333333333,1992,13.8000382,-88.9140683,-17927.138244411173,-3131.7440012080096,1675.3674107129536,1142.5814,4.664781588789107,15.529705704118241,0.9414736541751857
0.2675,1993,13.8000382,-88.9140683,-17768.326235878958,-3146.1127497978937,1732.577529417739,1142.5814,4.733714664601378,15.543795295585538,0.9402958794374335
0.7207500000000001,1994,13.8000382,-88.9140683,-17749.107549842254,-3144.095744477049,1725.436402237646,1142.5814,4.795385504901146,15.55475458277481,0.938469909481925
0.5534166666666667,1995,13.8000382,-88.9140683,-17725.87747009182,-3142.506676294852,1730.5186157716892,1142.5814,4.929135247241868,15.56439662441668,0.936659120871642
0.0447499999999999,1996,13.8000382,-88.9140683,-17701.474269975617,-3146.0828663510083,1730.9762829947242,1142.5814,4.887426817314791,15.572875077954018,0.9348982592341031
0.7663333333333333,1997,13.8000382,-88.9140683,-17665.75619812743,-3143.878997999301,1733.5611992480092,1142.5814,5.030903825913962,15.580692965141875,0.9332931186979194
0.8474166666666667,1998,13.8000382,-88.9140683,-17633.219520545197,-3147.838188577743,1754.212090771476,1142.5814,5.1099839748336136,15.587931402230415,0.9318561708229165
0.2611666666666666,1999,13.8000382,-88.9140683,-17620.257636780007,-3144.512426769287,1746.9685820011082,1142.5814,5.140016001198068,15.59449747093823,0.9305021418876311
0.3469166666666667,2000,13.8000382,-88.9140683,-17607.820513979077,-3142.4379648521312,1744.7384822202964,1142.5814,5.117660822850146,15.600326308613914,0.9291385464640987
0.6111666666666666,2001,13.8000382,-88.9140683,-17550.19130744329,-3144.407044457905,1741.8928148823493,1142.8217,5.117660822850146,15.605283722461236,0.9277224870062662
0.7019166666666666,2002,13.8000382,-88.9140683,-17447.764514661238,-3153.0069966256074,1761.0278757052479,1142.8217,5.1043211250569875,15.609147430434149,0.9261894019889695
0.8069999999999999,2003,13.8000382,-88.9140683,-17419.46128352826,-3154.5858912275858,1769.750264629032,1142.8217,5.125104400304646,15.61173471230312,0.9244216770638721
0.6544166666666666,2004,13.8000382,-88.9140683,-17445.67255730866,-3148.229609445586,1751.6378370364976,1142.8217,5.147296201344218,15.613194940178696,0.922400462472668
0.5326666666666666,2005,13.8000382,-88.9140683,-17485.823264030183,-3141.839373733182,1735.0064184595233,1142.8217,5.246629257389285,15.6135530807406,0.9201345470596691
0.5301666666666667,2006,13.8000382,-88.9140683,-17377.176578903567,-3148.654149800368,1750.835688872204,1142.8217,5.253190285091635,15.612992953299866,0.9176908018508161
0.3795833333333333,2007,13.8000382,-88.9140683,-17399.799075207084,-3143.323795800229,1733.7653286353734,1142.8217,5.31239826376505,15.614598276527703,0.9163425537089017
0.20675,2008,13.8000382,-88.9140683,-17403.633625526913,-3141.0408380107287,1724.5893938280701,1142.8217,5.2400397383860415,15.618555769616783,0.9161281195786102
0.8311666666666667,2009,13.8000382,-88.9140683,-17429.923667722844,-3137.374529866108,1718.1593680528451,1142.8217,5.2400397383860415,15.622353530381668,0.9159550338435155
0.35125,2010,13.8000382,-88.9140683,-17400.267987944124,-3140.6705446622464,1732.7839508582952,1142.8217,5.2433399255979305,15.626097342424979,0.9158089077411848
0.6145833333333334,2011,13.8000382,-88.9140683,-17415.459158239082,-3143.402310556836,1768.2485902551366,1142.5814,5.238385817001521,15.629903447930934,0.9156515154541868
0.64325,2012,13.8000382,-88.9140683,-17378.14931229648,-3143.5916973044964,1762.3194160031926,1142.5814,5.193870322436899,15.63379656686605,0.9154770498622451
0.6124999999999999,2013,13.8000382,-88.9140683,-17443.686694707092,-3137.2590693555276,1759.6620113044048,1142.5814,5.167229842385689,15.637741357936884,0.9152408865979254
0.653,2014,13.8000382,-88.9140683,-17480.835167089568,-3129.7427295101825,1728.5640964740787,1142.5814,5.145481405432596,15.641595122494078,0.9148826728745262
0.1893333333333333,1990,1.613172,10.5170357,-18424.391153899527,-3250.9289642705617,2140.582515032123,9560.9878,0.6645419235496108,13.050972633317375,0.972172211184492
0.231,1991,1.613172,10.5170357,-18424.106725792495,-3250.7667137031754,2140.1274022942202,9560.9878,0.7417944773814665,13.088065885285609,0.9731517859330714
-0.0172727272727272,1992,1.613172,10.5170357,-18435.606463613316,-3268.3533590789034,2190.903753549912,9560.9878,1.8929312242644267,13.125029819286372,0.9740551736086501
0.1796666666666666,1993,1.613172,10.5170357,-18435.68159909027,-3268.172435753232,2190.2297328091036,9560.9878,1.6864545075826314,13.162037833754441,0.9749372672434411
0.3686363636363636,1994,1.613172,10.5170357,-18435.5202284576,-3268.0918553038755,2190.014762177691,9560.9878,1.6487355457058765,13.199309603615902,0.9784637367871472
0.940090909090909,1995,1.613172,10.5170357,-18435.20446039226,-3267.9124576231775,2189.58939459485,9560.9878,1.7393427370029244,13.237014402320527,0.9846147856617022
0.4124166666666666,1996,1.613172,10.5170357,-18434.712301152333,-3267.603018997001,2188.906310689603,9560.9878,2.1974578834515643,13.27520806193372,0.9909776286200557
0.3948571428571429,1997,1.613172,10.5170357,-18434.022378886497,-3267.1523488458547,2188.0600740748955,9560.9878,2.705039005332708,13.313925442229733,0.9975787723650182
0.96275,1998,1.613172,10.5170357,-18434.075154211398,-3266.9139247690855,2187.0999357830287,9560.9878,2.5395053087676063,13.353054374955397,1.0043318151292064
0.5964545454545455,1999,1.613172,10.5170357,-18432.823793198164,-3266.502203868457,2186.2475612835533,9560.9878,2.8499489892302177,13.39243478844645,1.0110742345207868
0.3879166666666667,2000,1.613172,10.5170357,-18431.34484929793,-3266.0473540981843,2185.650774147199,9560.9878,3.2197634308294547,13.43714054003832,1.0192171070279958
0.39225,2001,1.613172,10.5170357,-18009.86806349847,-3341.920399741237,2409.7551685642793,3830.9045,3.282214876930272,13.48599208777033,1.028501164751736
0.6126666666666667,2002,1.613172,10.5170357,-17989.473373633686,-3343.3254104333546,2414.6622317879323,3830.9045,3.609920117715092,13.533300155254016,1.0373392192831496
0.916,2003,1.613172,10.5170357,-17948.44247150842,-3344.54567911741,2402.123297092405,3830.9045,3.636730530622288,13.579384345426698,1.0457368016103084
0.7546666666666667,2004,1.613172,10.5170357,-17927.726887633817,-3346.0554242629087,2406.880672830485,3830.9045,3.6738343418747395,13.624779742255575,1.0536528630682709
0.6903333333333334,2005,1.613172,10.5170357,-17907.48959033499,-3347.455369188959,2411.516025058809,3830.9045,3.8613211150741185,13.670167972728239,1.0609323609323609
0.6845833333333333,2006,1.613172,10.5170357,-17882.804679876604,-3349.3061237643556,2417.3679560055043,3830.9045,3.9640137565362026,13.716150890039223,1.0674311497158306
0.7923333333333334,2007,1.613172,10.5170357,-17847.42472268154,-3348.665067281721,2390.337870391174,3830.9045,4.043556403389996,13.762969116544138,1.0730878644998056
0.7247499999999999,2008,1.613172,10.5170357,-17801.077327873103,-3347.634154714222,2353.4105116440046,3830.9045,4.080423106881056,13.810468869987341,1.0779168433121498
0.8459166666666667,2009,1.613172,10.5170357,-17785.8565169597,-3347.445907763868,2344.485609108385,3830.9045,4.14160498550577,13.858269235901947,1.0820544329781738
0.9545,2010,1.613172,10.5170357,-17773.820710721255,-3346.9263502737736,2334.5827286936396,3830.9045,4.220430808396964,13.90583103716432,1.0856278844651426
0.6856666666666666,2011,1.613172,10.5170357,-17492.601680554915,-3372.88664335361,2405.097089597447,3831.3629,4.1692139111216395,13.950556178566734,1.0907453580659598
0.5751666666666667,2012,1.613172,10.5170357,-17440.51973937534,-3382.2567634617135,2464.3258200590594,3831.3629,4.232277296383654,13.992513831058021,1.0972792044066872
0.7797499999999999,2013,1.613172,10.5170357,-17695.034585198573,-3383.7124309888177,2661.301737700566,3831.3629,4.536549745140239,14.033795123503802,1.1031914569856658
0.8206666666666668,2014,1.613172,10.5170357,-17705.63233721812,-3383.3009957066843,2668.4875782912804,3831.3629,4.691147862226477,14.074162555873382,1.1084536230161766
0.167,1993,15.9500319,37.9999668,-18150.8414698448,-3358.5083452732783,2103.463711807943,671.66,5.785505431458676,14.49932381265446,0.9626210159096177
-0.6415714285714286,1994,15.9500319,37.9999668,-18109.72342019886,-3359.2565301732716,2087.841343866365,671.66,3.853584242879724,14.529685595312259,0.964158571228
-0.1366666666666666,1995,15.9500319,37.9999668,-18105.874704136735,-3358.8055279004484,2085.228695822493,671.66,3.972519619051882,14.584330913679812,0.9665152200230451
0.1364545454545454,1996,15.9500319,37.9999668,-18544.03203564009,-3356.998985887414,2396.7464823721425,671.66,4.123735065512527,14.63267640328342,0.9685100848066246
0.2631666666666667,1997,15.9500319,37.9999668,-18575.08394550364,-3352.581617104338,2397.2063503771087,671.66,3.8729058069170392,14.644743802694833,0.9691500870905734
0.5114166666666666,1998,15.9500319,37.9999668,-18597.514543074012,-3349.213943130213,2391.8722902733275,671.66,3.3353388786205453,14.658263678075214,0.9663434228849825
0.7483333333333334,1999,15.9500319,37.9999668,-18595.56043298158,-3347.7400665423847,2384.454139976338,671.66,3.256244824658008,14.67267826506065,0.9582640129638094
0.4957499999999999,2000,15.9500319,37.9999668,-18593.599896207717,-3345.78396866181,2375.2832921117024,671.66,3.266907606300032,14.68800821937322,0.9536010763714265
0.642,2001,15.9500319,37.9999668,-18595.01948026715,-3348.875523561308,2393.789819015129,618.9139,3.3767919778234017,14.71645493459645,0.9549498542875974
0.8695454545454545,2002,15.9500319,37.9999668,-18596.23776587982,-3349.080080624149,2397.48485893241,618.9139,3.426761159393407,14.750593210464224,0.9567888195084031
0.8485833333333334,2003,15.9500319,37.9999668,-18592.809464840022,-3346.6449166130164,2384.3941335589807,618.9139,3.3689014368613344,14.791349002584624,0.9588321971861348
0.98325,2004,15.9500319,37.9999668,-18590.052252055102,-3345.40386561042,2378.675918712832,618.9139,3.2964662975003862,14.831878272183966,0.960777913236248
0.9691666666666666,2005,15.9500319,37.9999668,-18588.81413965844,-3344.0418807841475,2371.5811984224556,618.9139,3.1384637156409774,14.856399449690123,0.961998628134332
0.6724166666666666,2006,15.9500319,37.9999668,-18585.418275676777,-3345.398358268153,2385.4219993132106,618.9139,2.8582100710877687,14.87333279604636,0.9629076822208501
0.5196666666666666,2007,15.9500319,37.9999668,-18579.547992480548,-3342.0121898053408,2365.278425664562,618.9139,2.8221880827310657,14.889203933437962,0.9638256576695565
1.0845833333333337,2008,15.9500319,37.9999668,-18578.81547304351,-3341.8623730658032,2364.899782104336,618.9139,2.571550598172896,14.916047326964945,0.9651612616399907
1.6568333333333334,2009,15.9500319,37.9999668,-18576.963817999098,-3341.102891079949,2362.2304082662677,618.9139,2.5737947368772947,14.941701696533784,0.9663853222240856
1.69125,2010,15.9500319,37.9999668,-18577.38014804908,-3341.8615969140296,2369.109355031362,618.9139,2.5776149628222345,14.962191163030804,0.9673465892826563
1.626,2011,15.9500319,37.9999668,-18526.25469144653,-3344.2293400876315,2367.3247071460573,822.2214,2.6004575664897414,14.981024199084143,0.9681736544766306
1.3414166666666667,2012,15.9500319,37.9999668,-18334.87528374469,-3152.133645050507,1788.242846437766,822.2214,2.7285127413269024,14.994964004690326,0.9688194211569355
1.1270833333333334,2013,15.9500319,37.9999668,-18332.707370311095,-3151.8869860666564,1785.7242050116101,822.2214,2.799528807370632,15.008331510900252,0.969487691474908
1.008,2014,15.9500319,37.9999668,-18332.880425756197,-3151.6461926880665,1784.318371605696,822.2214,2.9820085323341807,15.016506435637758,0.9699320006923221
1.6334166666666663,1992,58.7523778,25.3319078,-17690.176205321037,-1557.0486167414326,2985.6084675346224,0.0,6.202381659198543,14.247540995578065,0.8777246158628382
0.369,1993,58.7523778,25.3319078,-17943.428879183615,-1538.7390386035372,2939.032342766545,0.0,5.983094364662488,14.223928635097908,0.8741377914255638
0.4400833333333334,1994,58.7523778,25.3319078,-17403.255097891593,-1610.1873918097685,3166.072170410185,0.0,5.401449601431221,14.204661307685871,0.8727000930178257
1.3148333333333333,1995,58.7523778,25.3319078,-17574.533241565314,-1538.3118967226821,3225.6961742773965,0.0,5.167449281312584,14.188986078531324,0.8712525680575502
-0.2185833333333333,1996,58.7523778,25.3319078,-17543.210154289958,-1536.7162419530284,3241.4102208409945,0.0,5.497527586944576,14.176444718548376,0.87020153300657
1.032,1997,58.7523778,25.3319078,-17513.062065467646,-1535.9374646122096,3288.982293958055,0.0,5.225382628962327,14.167216175226077,0.8701478104710595
0.6068333333333334,1998,58.7523778,25.3319078,-17492.45741959133,-1461.8174304231588,3315.2680331671872,0.0,5.2462553557210665,14.159912698196406,0.8708888785771579
1.6560833333333331,1999,58.7523778,25.3319078,-17594.194879014616,-1307.873909029728,3422.4347396921403,0.0,4.541603991987243,14.154478249774153,0.8721918749291341
2.2331666666666665,2000,58.7523778,25.3319078,-17632.50487882731,-1246.311980206451,3446.9138719747775,0.0,4.750303762227269,14.149749588550383,0.8729788617668157
1.1896666666666669,2001,58.7523778,25.3319078,-17604.191671163542,-1229.2832329083324,3462.549196401682,0.0,5.5567817285798435,14.143370097272973,0.8723075345865797
1.4049166666666668,2002,58.7523778,25.3319078,-17878.45389934322,-1181.036596868525,3385.5826635063477,0.0,5.660659223162999,14.137043180791192,0.8710921125281667
0.9020833333333332,2003,58.7523778,25.3319078,-17818.99420936463,-1181.500435979927,3413.122715723056,0.0,5.755920678673729,14.13080293362397,0.87006700348047
1.2045,2004,58.7523778,25.3319078,-17556.658185091663,-1156.6320045401012,3439.975853722952,0.0,5.632221665981889,14.124817126512717,0.8692481190629064
1.3305833333333337,2005,58.7523778,25.3319078,-17522.523057872044,-1150.8560840210714,3450.518616828014,0.0,5.614425075179296,14.11906179649273,0.8688794402167614
1.7935833333333333,2006,58.7523778,25.3319078,-17477.92161475959,-1130.081981303821,3425.0495808906217,0.0,5.504864353648981,14.113175138969337,0.8687953596158916
2.081833333333333,2007,58.7523778,25.3319078,-17323.852538140698,-1160.6614476652032,3566.4523764187497,0.0,5.521163273570579,14.108608438416864,0.8685703055198186
2.4985,2008,58.7523778,25.3319078,-17287.09170921113,-1126.2575050182663,3491.0486279838606,0.0,5.552776234780675,14.105947083424955,0.869061898011849
1.2900833333333332,2009,58.7523778,25.3319078,-17907.611416160646,-1043.2739903100085,3300.8088072948894,0.0,5.519080085929799,14.104106212972399,0.8704800828613516
0.2629166666666667,2010,58.7523778,25.3319078,-17958.58438708358,-1000.658259719612,3279.7884038231678,0.0,5.572034633415035,14.101842970034097,0.8720580709380993
2.086583333333333,2011,58.7523778,25.3319078,-17849.39487336492,-1006.8158497741882,3353.2412530924403,0.0,5.749283744272813,14.09875530001112,0.8735303831377608
0.8059166666666666,2012,58.7523778,25.3319078,-17818.914226810077,-1007.8383372795538,3367.8495312581167,0.0,5.766782938589968,14.095172051393531,0.8747326481756295
1.8193333333333328,2013,58.7523778,25.3319078,-17657.508941475233,-1017.1362767621576,3412.714177219356,0.0,5.75315945074482,14.091612336895185,0.8762751869894625
2.2339166666666666,2014,58.7523778,25.3319078,-17755.21194835304,-1013.3875841639514,3378.3870251025555,0.0,5.946783292296727,14.088986702340259,0.8781894297675349
0.3158333333333333,1990,-26.5624806,31.3991317,-18018.715061183964,-3423.896957805881,2196.869078932552,356.3342,3.4458902745790203,13.657698182304024,0.9306161848848539
0.48825,1991,-26.5624806,31.3991317,-18031.667933608824,-3423.339306096507,2207.740490778039,356.3342,3.4458902745790203,13.698651969874536,0.9337213623905951
1.2953333333333334,1992,-26.5624806,31.3991317,-18009.06929372692,-3420.9967619501026,2178.9512143554825,356.3342,3.551698552984253,13.737728459853098,0.9364295297518257
0.6753333333333332,1993,-26.5624806,31.3991317,-18012.02402620696,-3422.9024771719637,2191.447051240081,356.3342,3.6475990211935208,13.767844361905967,0.9383360575085588
-0.0688333333333333,1994,-26.5624806,31.3991317,-17993.911835603336,-3422.929038089263,2182.237253165002,356.3342,3.737802942728603,13.768144279588151,0.9383303423901667
0.509,1995,-26.5624806,31.3991317,-17941.974392319407,-3422.359664530919,2155.6531677001176,356.3342,3.73771961703341,13.767971261133992,0.9381171114408243
0.0839166666666666,1996,-26.5624806,31.3991317,-17951.979694222715,-3419.115191779946,2153.0378128245898,356.3342,3.7372361910340137,13.788742468060146,0.9390339355386089
0.1997499999999999,1997,-26.5624806,31.3991317,-17919.957321203467,-3420.7405417322766,2143.11566806438,356.3342,3.8206070333448294,13.806200352187327,0.9355432996719826
0.9466666666666668,1998,-26.5624806,31.3991317,-17925.175524010203,-3421.329284005372,2154.1546847897835,356.3342,3.822196761323812,13.820655301048847,0.9312951285214177
0.6046666666666667,1999,-26.5624806,31.3991317,-17914.2823785233,-3421.576715873457,2147.8767188400457,356.3342,3.7289699811770873,13.833713867818147,0.9305592417061611
-0.1080833333333333,2000,-26.5624806,31.3991317,-17961.131129240868,-3417.8223403093784,2158.5837802430397,356.3342,3.6375598435906458,13.845551768100261,0.9300335064531293
0.5179166666666667,2001,-26.5624806,31.3991317,-17945.627456363483,-3421.615264037412,2164.9584667499653,352.6852,3.550622628482082,13.856072678720267,0.9294829988438621
0.5876666666666667,2002,-26.5624806,31.3991317,-17947.207224301834,-3418.083619509845,2148.6580880021684,352.6852,3.4950276791017556,13.865070901659774,0.9286738186790496
0.8085,2003,-26.5624806,31.3991317,-17963.345052074415,-3414.3306538091406,2150.2375401505956,352.6852,3.4202579036008975,13.872643915934772,0.9280125281108592
0.5855,2004,-26.5624806,31.3991317,-17958.79979134192,-3413.5938296488503,2138.1183077696837,352.6852,3.3909315343722444,13.879202470830174,0.9277076181208467
0.9521666666666668,2005,-26.5624806,31.3991317,-17954.630539319678,-3413.748482417286,2143.6989836529224,352.6852,3.3205800644877512,13.884930271674454,0.9275682363392449
0.5489166666666666,2006,-26.5624806,31.3991317,-17953.258008128585,-3415.13663628748,2150.780599582598,352.6852,3.3244927076611646,13.890371246755734,0.9272713616904089
0.9729166666666668,2007,-26.5624806,31.3991317,-17945.125681285732,-3411.0824099699776,2139.1918872068636,352.6852,3.4034980663895684,13.896175841028297,0.9268238924399382
0.6881666666666666,2008,-26.5624806,31.3991317,-17933.52840366791,-3411.723590910085,2131.085071776965,352.6852,3.4773154750250237,13.901569898577723,0.92961387220195
0.4913333333333333,2009,-26.5624806,31.3991317,-17936.184091252602,-3412.912947092788,2132.0155458335444,352.6852,3.5146123727685152,13.906160806223918,0.9358880286010824
1.2685833333333332,2010,-26.5624806,31.3991317,-17938.698844838626,-3411.4838654778696,2129.2844424751543,352.6852,3.5605459575623692,13.910748917007732,0.9421052166927104
0.8343,2011,-26.5624806,31.3991317,-17899.644463387922,-3409.7792519609707,2095.0963607771932,349.5296,3.605372837361734,13.915692487863272,0.9477783416504554
0.7787272727272728,2012,-26.5624806,31.3991317,-17908.599189211393,-3409.7364582788873,2103.015464640042,349.5296,3.688626922230444,13.921170628750982,0.9532050696265263
0.44275,2013,-26.5624806,31.3991317,-17865.049312743595,-3409.411292802323,2074.9615984774878,349.5296,3.727984775994516,13.92733811714501,0.9583677000316961
0.858,2014,-26.5624806,31.3991317,-17904.92560199103,-3407.4184784605523,2094.2910914839026,349.5296,3.37030852862841,13.934062187065917,0.9631678796988286
0.1463333333333333,1993,10.2116702,38.6521203,-16389.427006352245,788.6670315833973,-3547.9517951017256,19405.8333,8.602353871589155,17.800629217610915,0.9969278930229345
0.4768333333333333,1994,10.2116702,38.6521203,-16321.231110233048,805.0114464152643,-3610.3583279066393,19405.8333,4.253423080285656,17.834057182383244,0.9982303405522036
0.80225,1995,10.2116702,38.6521203,-16257.044872639985,839.6440376460388,-3646.1347219327004,19405.8333,4.393203935264006,17.866887352919317,0.9992908142355581
0.60375,1996,10.2116702,38.6521203,-16147.578293157258,865.2406795998763,-3873.3377489796458,19405.8333,4.515820805269249,17.898923065766947,1.0003545503464695
0.6255000000000001,1997,10.2116702,38.6521203,-16081.101846942469,958.1652755574487,-4098.26949120041,19405.8333,4.625059084072643,17.930204656723955,1.0017202112464654
0.69475,1998,10.2116702,38.6521203,-15981.874240077981,1040.1916950306895,-4497.963822995366,19405.8333,4.723505957746616,17.960809496314287,1.0030918300786307
0.3305833333333333,1999,10.2116702,38.6521203,-16018.814428027787,1110.2078374967996,-4509.152521194918,19405.8333,4.754211549747233,17.991090639254384,1.0041087914327875
0.6150833333333333,2000,10.2116702,38.6521203,-15975.867384152398,1058.383745760125,-4251.829270282009,19405.8333,4.868575446892264,18.02067869114631,1.0053506938475711
0.7752500000000001,2001,10.2116702,38.6521203,-15864.908999772533,1071.7631137698336,-4568.533932179207,30060.1136,5.086351115823952,18.049891401738694,1.0070133144217914
1.07075,2002,10.2116702,38.6521203,-15697.147266363554,1215.2400979949648,-5246.149948983868,30060.1136,5.149537736772567,18.079221086800107,1.0084624023628193
1.0018333333333334,2003,10.2116702,38.6521203,-15627.287855822095,1205.9944597266663,-5149.104356168172,30060.1136,5.208838402112601,18.108280191575655,1.0096829141364525
0.892,2004,10.2116702,38.6521203,-15518.072334014256,1234.907660235754,-5263.894490403588,30060.1136,5.335250368731091,18.137004318175304,1.010792709376212
1.03475,2005,10.2116702,38.6521203,-15341.772631324171,1313.2835277655397,-5546.211082185975,30060.1136,5.264941021754658,18.165400561022665,1.0117393272044701
1.0338333333333334,2006,10.2116702,38.6521203,-15161.496437725209,1393.2943248924664,-6011.014824221351,30060.1136,5.352022101075299,18.19366784134435,1.012505654967889
0.8655833333333334,2007,10.2116702,38.6521203,-15005.488318241782,1519.012505514692,-6737.4460757652305,30060.1136,5.462365051902874,18.2221832675603,1.013052997584003
0.8320833333333333,2008,10.2116702,38.6521203,-14831.959721087445,1578.4660703372547,-7051.336997801929,30060.1136,5.491816223932116,18.25056959577405,1.0133482937850917
1.4073333333333335,2009,10.2116702,38.6521203,-14778.51830696023,1697.599604846554,-7511.659127858025,30060.1136,5.5203298784782815,18.278605355122373,1.013437361273233
1.23675,2010,10.2116702,38.6521203,-14694.916570423296,1784.8673176618684,-7902.573082783403,30060.1136,5.56172262745221,18.30681516254244,1.0134290287836554
1.1645,2011,10.2116702,38.6521203,-14559.462561027281,1776.6912253520757,-7769.7904028460825,31379.165,5.627155177821248,18.33531815242319,1.0134482605044142
1.15275,2012,10.2116702,38.6521203,-13947.326101083543,1808.8822340716774,-8009.416694253647,31379.165,5.746341839074966,18.363594693376484,1.0134231150847048
1.1495,2013,10.2116702,38.6521203,-13486.08871737121,1821.1823049963803,-8247.886803796133,31379.165,5.911600115209042,18.391090911029373,1.0132653454809535
1.1890833333333333,2014,10.2116702,38.6521203,-13056.848387793287,1853.0508586247129,-8572.250763057282,31379.165,6.011281635083919,18.418145192156043,1.0130360570967603
0.625,1990,10.2116702,38.6521203,-15241.48397657643,1509.0871369996862,-6491.670662783727,20077.4933,4.392473129546036,17.728094086270115,0.9901643905380294
0.3426666666666666,1991,10.2116702,38.6521203,-15804.427384577479,1528.6797865645742,-6066.9047533692565,20077.4933,4.408289964261702,17.766305137236202,0.9921867364245264
0.0484444444444444,1992,10.2116702,38.6521203,-15735.046799215215,1625.8752242547037,-6421.978292534925,20077.4933,3.7303380459631073,17.80324766075053,0.9943633681534978
0.6046857791570907,1990,-51.9492937,-59.5383657,-2887.944667504257,-1685.8089436803104,5125.664800434119,0.0,0.34344785035763814,7.754481547470383,1.0103448275862068
0.2736369761441317,1991,-51.9492937,-59.5383657,-2887.985436679067,-1685.823493658276,5125.78903278134,0.0,0.34344785035763814,7.773594467360194,1.0229787234042553
0.2736369761441317,1992,-51.9492937,-59.5383657,-2887.985417236326,-1685.8234851124175,5125.789039695058,0.0,0.34344785035763814,7.806289289267033,1.0466666666666666
0.2657703342819448,1993,-51.9492937,-59.5383657,-4093.5232861952873,-1584.5280285251235,5006.628247558182,0.0,0.34344785035763814,7.842278779117352,1.0732899022801303
0.587609152911451,1994,-51.9492937,-59.5383657,-4093.5219568158627,-1584.5291071159706,5006.627211979073,0.0,0.34344785035763814,7.878912912297133,1.1027070063694266
0.5785369540487741,1995,-51.9492937,-59.5383657,-4183.142829787764,-1720.5906058496298,5399.655568876825,0.0,0.5624688569178291,7.913521017283895,1.1259720062208398
0.2984692106156112,1996,-51.9492937,-59.5383657,-4189.525876025246,-1720.4865259928886,5404.621790213109,0.0,0.5624688569178291,7.9420068084898565,1.1359149582384207
0.6324176836137353,1997,-51.9492937,-59.5383657,-4189.510673785627,-1720.48032587562,5404.6201048814755,0.0,0.5624688569178291,7.965545573129992,1.1317542561065876
0.8154141468340553,1998,-51.9492937,-59.5383657,-4189.515728957875,-1720.4107605575982,5404.6056254498335,0.0,0.5624688569178291,7.989560449333865,1.1268925739005047
0.7995403972203854,1999,-51.9492937,-59.5383657,-4099.919181356525,-1585.115831492252,5011.358621127993,0.0,0.34344785035763814,8.012349639327795,1.123856439127375
0.7995403972203854,2000,-51.9492937,-59.5383657,-4274.906262367214,-1419.2870256665815,4527.886542178026,0.0,0.0626930693384234,8.033009498596668,1.1189821182943605
0.8021581541832229,2001,-51.9492937,-59.5383657,-4276.26408672738,-1428.173560687764,4541.937618697007,0.0,-1.0639210488781792,8.047189562170502,1.1129141311697093
0.8123269490800586,2002,-51.9492937,-59.5383657,-4276.280849868596,-1428.8667523303736,4541.753777016183,0.0,-0.9014021193804044,8.05579245097777,1.1013333333333333
0.8123269490800586,2003,-51.9492937,-59.5383657,-4276.294323767635,-1429.0247183585534,4541.717875561608,0.0,-0.976040736279929,8.061486866871327,1.0814182534471437
0.8123269490800586,2004,-51.9492937,-59.5383657,-4276.28731056015,-1428.870745017631,4541.756197497454,0.0,-0.9956045385938807,8.066835314417336,1.0601163542340013
0.8123269490800586,2005,-51.9492937,-59.5383657,-4271.289053395711,-1422.879123765299,4518.877760863718,0.0,-1.0518241271693507,8.07246736935477,1.0466155810983397
0.8151519043459199,2006,-51.9492937,-59.5383657,-4271.278249879502,-1422.8747373375686,4518.872573405112,0.0,-0.9260885743542661,8.07558263667172,1.0386810399492707
0.8151519043459199,2007,-51.9492937,-59.5383657,-4270.926218466146,-1423.3285796914145,4519.2324219103875,0.0,-0.7804495089627419,8.07558263667172,1.0296717171717171
0.8151519043459199,2008,-51.9492937,-59.5383657,-4270.967842071706,-1423.3724200850238,4519.335469174408,0.0,-1.0125263397549809,8.07246736935477,1.0182619647355164
0.8169770892815521,2009,-51.9492937,-59.5383657,-4270.98185491888,-1423.4509481501304,4519.312610157696,0.0,-1.0870790528544367,8.069029328774958,1.0075424261470773
0.8169770892815521,2010,-51.9492937,-59.5383657,-4270.961088931041,-1423.371521457974,4519.336203789187,0.0,-0.9994006385971617,8.066521490469993,0.9974921630094044
0.8169770892815521,2011,-51.9492937,-59.5383657,-4270.960476625129,-1423.3695974378413,4519.336569643191,0.0,-0.9296292963133357,8.063062911326792,0.9881026925485284
0.8169770892815521,2012,-51.9492937,-59.5383657,-4270.961934695998,-1423.3697182431176,4519.323597809947,0.0,-0.9832321376280366,8.069029328774958,0.9850839030453697
0.8169770892815521,2013,-51.9492937,-59.5383657,-4270.934050153391,-1422.9070102491567,4519.468354781609,0.0,-0.9488139235797152,8.089482474360754,0.9890176937156803
1.2161577372539525,2014,-51.9492937,-59.5383657,-4270.9309086834755,-1422.9112071595687,4519.483452601355,0.0,-0.9263410677276565,8.111928063310739,0.9892601431980907
0.8176666666666667,1990,62.0282362,-6.8819254,-18482.91816323455,-3310.7729871826623,2631.783404810034,0.0,5.836058204265782,10.76804278700223,1.0878149597643023
1.1891666666666667,1991,62.0282362,-6.8819254,-18483.024085892557,-3310.81215868638,2631.741761756092,0.0,5.795656454451304,10.753852134294116,1.0847065110893381
0.7295833333333333,1992,62.0282362,-6.8819254,-18483.046333769074,-3310.8219577000405,2631.7328806613564,0.0,5.784877551471957,10.736527101747964,1.081248586292694
-0.1813333333333333,1993,62.0282362,-6.8819254,-18483.251434573544,-3310.844863631668,2631.582302485163,0.0,5.672049260092715,10.716548829761411,1.0780609188516659
-0.0545833333333333,1994,62.0282362,-6.8819254,-18483.243042795886,-3310.8496500123924,2631.5716867676224,0.0,5.7417183884491685,10.694940421880197,1.073482428115016
-0.4318333333333333,1995,62.0282362,-6.8819254,-18483.22430152048,-3310.847294520562,2631.585134317484,0.0,5.702126103630794,10.687503245100464,1.0710604699541393
0.251,1996,62.0282362,-6.8819254,-18483.199187126458,-3310.84387085079,2631.6119418067,0.0,5.752933843424667,10.695099024366057,1.0717671908002817
0.9939166666666668,1997,62.0282362,-6.8819254,-18483.16239036324,-3310.8333743846943,2631.621340013857,0.0,5.703668801528989,10.703154576473747,1.0718942074874278
0.4610833333333333,1998,62.0282362,-6.8819254,-18482.52825248722,-3310.176469491171,2629.7041284289025,0.0,5.714520284145541,10.711413259732158,1.0711383990397931
0.2431666666666666,1999,62.0282362,-6.8819254,-18482.235739658052,-3309.923178204536,2629.031414146438,0.0,5.701070467152728,10.71894085748004,1.070633502817095
0.3640833333333333,2000,62.0282362,-6.8819254,-18481.921186711406,-3309.6552302469177,2628.294740809016,0.0,5.818746132191206,10.728977920083787,1.0710300721186556
0.4586666666666666,2001,62.0282362,-6.8819254,-18481.746667432795,-3309.459489858484,2627.743132064468,0.0,5.974145433337514,10.741730252713912,1.0717677627452737
1.18825,2002,62.0282362,-6.8819254,-18481.39414615475,-3309.2781258358473,2627.306301362217,0.0,5.883084477181272,10.753916221110412,1.0739411660464293
1.4328333333333332,2003,62.0282362,-6.8819254,-18481.301757344703,-3309.1697565926106,2626.9697568020165,0.0,5.852063102245786,10.766208717067526,1.0763198247535597
1.0785833333333332,2004,62.0282362,-6.8819254,-18481.17517393913,-3309.07275440358,2626.733529474099,0.0,5.913582461940994,10.778706258634818,1.0784823284823284
0.5534166666666667,2005,62.0282362,-6.8819254,-18481.085967916857,-3308.999173594709,2626.558753519278,0.0,5.87592714437951,10.785021194452279,1.0805652492352764
1.1988333333333332,2006,62.0282362,-6.8819254,-18481.006818441445,-3308.928660481123,2626.39392841639,0.0,5.759386514415764,10.78545595456471,1.0809320756342335
0.8836666666666667,2007,62.0282362,-6.8819254,-18480.935780995253,-3308.869265796746,2626.2457974260215,0.0,5.731468650841117,10.786469660366542,1.0798176579366103
0.83675,2008,62.0282362,-6.8819254,-18480.88121144645,-3308.827863334494,2626.1482437303907,0.0,5.481147960427294,10.787502995858494,1.079374624173181
1.3835,2009,62.0282362,-6.8819254,-18480.904487380572,-3308.7978040608546,2626.011891162936,0.0,5.3180391082201215,10.787874735397274,1.0804158254220542
0.0839999999999999,2010,62.0282362,-6.8819254,-18480.856485664866,-3308.770769666001,2625.961429903115,0.0,5.4684528910030235,10.78746168293374,1.0802715826565252
1.1144999999999998,2011,62.0282362,-6.8819254,-18480.88408496572,-3308.7393162358726,2625.837336260643,0.0,5.312828075132784,10.786945127315043,1.0784827526955625
0.4138333333333333,2012,62.0282362,-6.8819254,-18480.8616832231,-3308.7281115957057,2625.790506414718,0.0,5.4238732264962755,10.787069125000578,1.0762431887415798
0.707,2013,62.0282362,-6.8819254,-18480.745484248204,-3308.6977177447784,2625.8069892192857,0.0,5.579296524577554,10.787647577655898,1.0737076534326953
1.6974166666666666,2014,62.0282362,-6.8819254,-18480.80398164215,-3308.696759306151,2625.708348376515,0.0,5.456286034289044,10.788576533267019,1.069872725719655
0.3494166666666667,1990,-18.1239696,179.0122737,-18275.35395200835,-3400.8954388580064,2502.558792414712,0.0,4.658105082209735,13.56760032881693,1.0261541417214899
0.0857499999999999,1991,-18.1239696,179.0122737,-18273.7798082831,-3400.5146923500442,2500.3897215780617,0.0,4.748171571349621,13.573224961121698,1.0268060512465589
0.0506666666666666,1992,-18.1239696,179.0122737,-18272.48520766408,-3401.6381291365037,2503.3522325618965,0.0,4.748171571349621,13.575803079099394,1.0276814290647274
-0.28925,1993,-18.1239696,179.0122737,-18273.167535387427,-3401.0732938329324,2498.306649378233,0.0,4.748171571349621,13.578772518915526,1.0285363245666344
-0.1560833333333333,1994,-18.1239696,179.0122737,-18266.919462799007,-3401.6831765665884,2497.9399804793375,0.0,4.748171571349621,13.580805428434749,1.029409349401548
0.3873333333333333,1995,-18.1239696,179.0122737,-18263.21193567503,-3399.7147723551834,2490.6491668044623,0.0,3.5858362514112705,13.582627228629093,1.0302963517267536
0.446,1996,-18.1239696,179.0122737,-18264.52863256942,-3398.3769814343827,2487.660649993909,0.0,3.5858362514112705,13.588031371351988,1.0309355104371971
0.1888333333333333,1997,-18.1239696,179.0122737,-18260.970288636934,-3399.8575161525278,2492.8059093949832,0.0,3.6445957456030458,13.598065737991723,1.031716691161245
0.8141666666666666,1998,-18.1239696,179.0122737,-18264.783310454357,-3400.5090671719986,2495.1807912445374,0.0,3.729010329866625,13.609651760880249,1.0327203981789257
0.4454166666666666,1999,-18.1239696,179.0122737,-18261.49893616752,-3401.34952746086,2496.7341855439863,0.0,3.747216756125412,13.621224106445343,1.0335826056031927
0.6924166666666666,2000,-18.1239696,179.0122737,-18325.255730652923,-3402.899430003949,2549.320876772748,0.0,3.766978736096988,13.632198110400173,1.034462112936611
0.7952499999999999,2001,-18.1239696,179.0122737,-18316.099231888762,-3398.366888525597,2504.723454262791,0.0,5.101827430629998,13.642727365989014,1.0353744656452537
0.73075,2002,-18.1239696,179.0122737,-18380.745013335698,-3397.6354086307892,2546.791955218067,0.0,5.186524205719671,13.652863384949534,1.0362864871469883
0.5523333333333333,2003,-18.1239696,179.0122737,-18316.06275917101,-3395.6157729261795,2496.5188684092277,0.0,5.150312015448902,13.662714793158294,1.0372726388021865
0.5516666666666666,2004,-18.1239696,179.0122737,-18335.00224124248,-3396.1481358500264,2512.4465272433226,0.0,3.9740741856966304,13.672442406096911,1.038347111325392
0.7036666666666666,2005,-18.1239696,179.0122737,-18356.2682366556,-3396.125177493011,2530.114438775439,0.0,3.901040518084688,13.681891161467524,1.0394237829395927
0.5568333333333334,2006,-18.1239696,179.0122737,-18354.209610207585,-3397.0320192320573,2531.8993247857743,0.0,3.869838833565451,13.691174472903581,1.040560119233302
1.05175,2007,-18.1239696,179.0122737,-18332.93648152939,-3397.5074129395243,2517.069296295855,0.0,3.8715272076999323,13.699704566667108,1.0418855129313211
0.61025,2008,-18.1239696,179.0122737,-18287.929304018653,-3397.8201724418277,2481.3731096788565,0.0,3.6821352630972077,13.706510092385852,1.0411958590171995
0.3344999999999999,2009,-18.1239696,179.0122737,-18104.255884720835,-3396.6936660205665,2340.9783244254018,0.0,3.6821352630972077,13.711685529509033,1.0382950721806143
1.02525,2010,-18.1239696,179.0122737,-18104.445101635123,-3398.9784439896894,2345.135280434704,0.0,3.978132042659445,13.71587805034521,1.0353339569354751
0.9509166666666666,2011,-18.1239696,179.0122737,-18192.246545947,-3400.5247095946875,2412.137876983303,0.0,3.6237338153844374,13.719390550337897,1.0323550667081332
0.5838333333333333,2012,-18.1239696,179.0122737,-18186.45997567771,-3401.608168346532,2408.30673118115,0.0,3.6237338153844374,13.722362938140607,1.0294417057789678
0.9128333333333334,2013,-18.1239696,179.0122737,-18188.117988846992,-3400.476380469634,2408.377140821295,0.0,3.736449350249556,13.724987203011334,1.0265764736420573
0.61475,2014,-18.1239696,179.0122737,-18104.88080599562,-3405.647337884129,2377.431269933352,0.0,3.736449350249556,13.727291178906585,1.0236679589590343
1.6627500000000002,1990,63.2467777,25.9209164,-14363.855246806894,1615.8734903230827,3592.0869838157805,1917.8619,7.795295240069385,15.422253843149129,0.9425211371193682
1.07325,1991,63.2467777,25.9209164,-14645.62588855379,1614.8187812060407,3601.7241226008296,1917.8619,7.6379344811796495,15.427715438808136,0.9439449817308826
1.3489166666666663,1992,63.2467777,25.9209164,-14902.160730027177,1660.663848516679,3485.836990835696,1917.8619,7.659540874861563,15.433337186526119,0.9453051243796642
0.5206666666666667,1993,63.2467777,25.9209164,-14955.021084026477,1686.514456705782,3432.637388068652,1917.8619,7.6889421826026,15.438181526021696,0.9465694753188635
0.4581666666666666,1994,63.2467777,25.9209164,-14786.03643874394,1692.3297716942361,3395.3584290289546,1917.8619,7.537511972494455,15.442491880918444,0.9477238939082852
1.0519166666666668,1995,63.2467777,25.9209164,-14721.737965207054,1714.535674897062,3378.320171299574,1917.8619,7.549117044082819,15.446307337105978,0.948681725754703
0.3591666666666667,1996,63.2467777,25.9209164,-14547.351242732686,1793.1202262799134,3168.0351735110626,1917.8619,7.554216482517313,15.449586252217275,0.9496520869078915
0.9449166666666668,1997,63.2467777,25.9209164,-14531.863982933115,1785.323571409578,3255.665079888779,1917.8619,7.5285047624953005,15.452552547875696,0.9505973486002791
0.0594166666666666,1998,63.2467777,25.9209164,-14419.88116350383,1750.2752786036967,3452.011038987023,1917.8619,7.556941324321237,15.455195385350617,0.951404821236067
1.0993333333333333,1999,63.2467777,25.9209164,-14263.014569440242,1856.8693332091543,3653.5228349651406,1917.8619,7.518629420694694,15.457510718941206,0.9522409709406413
2.307916666666667,2000,63.2467777,25.9209164,-14157.803467489013,2104.8569515979857,3526.1626713482924,1917.8619,7.473451969269275,15.459583493018465,0.9532760958998707
0.8857500000000001,2001,63.2467777,25.9209164,-13963.419760429348,2108.3862476928025,3619.8123384146297,23207.6203,7.462712288786489,15.461859402675822,0.9544026963810043
1.0186666666666666,2002,63.2467777,25.9209164,-13892.894772201631,2142.8608529698363,3691.579124127612,23207.6203,7.470416254196201,15.46428379236843,0.9556112088804657
1.2361666666666666,2003,63.2467777,25.9209164,-13497.425991219417,2158.8168012583847,3767.076422758224,23207.6203,7.460936811420317,15.466664145467183,0.956775192262071
1.3404166666666668,2004,63.2467777,25.9209164,-13391.882452204623,2228.737148321227,4030.4287808470785,23207.6203,7.4393963111260115,15.46956613225064,0.9576231616414987
1.97075,2005,63.2467777,25.9209164,-13357.833143703729,2275.9570020304263,4054.611526937589,23207.6203,7.418541621976648,15.472989973438606,0.9583178105959761
1.7076666666666669,2006,63.2467777,25.9209164,-13237.616620167595,2234.0591485979958,4157.747430270809,23207.6203,7.379060435873188,15.476829092275363,0.9590195249100981
1.9041666666666668,2007,63.2467777,25.9209164,-13215.834685203945,2224.908642827835,4257.599432366024,23207.6203,7.389857425125809,15.481080947033567,0.9599140833425671
2.015416666666667,2008,63.2467777,25.9209164,-13274.682817802191,2101.1886426657084,4759.679337322028,23207.6203,7.363973765749583,15.485733079416175,0.9612717712480183
1.2132500000000002,2009,63.2467777,25.9209164,-13803.083578648633,2200.7783456801208,4617.452382137726,23207.6203,7.305999646846161,15.490514276198326,0.9624684657993375
-0.09575,2010,63.2467777,25.9209164,-12800.158258120628,2103.4527827149154,5013.48775098751,23207.6203,7.308641587033092,15.495084794560736,0.9634630612728292
2.3016666666666667,2011,63.2467777,25.9209164,-13024.676819557555,2181.1377021584813,4984.390021055299,7527.9158,7.287029924949834,15.49971562524344,0.9645523707712198
0.6990833333333333,2012,63.2467777,25.9209164,-13110.02974602184,2213.5276050283446,5016.601875673061,7527.9158,7.314249324219555,15.504472520515408,0.9656157087820741
2.1156666666666664,2013,63.2467777,25.9209164,-12662.825461687513,2215.988491975169,5001.19453021038,7527.9158,7.287226316303826,15.509082060528685,0.9667673879885123
2.449,2014,63.2467777,25.9209164,-12649.66237829831,2231.103324047255,5029.001801730606,7527.9158,7.253013094846432,15.51322304921253,0.9678496353952353
1.3391666666666666,1990,46.603354,1.8883335,46326.347486531,-4157.514166301267,9522.08923979043,0.0,9.415295960521552,17.848208360540006,0.9477298753057695
0.3133333333333333,1991,46.603354,1.8883335,48072.077426436015,-4255.470341901127,9290.24072616238,0.0,9.42198584096763,17.852318093505158,0.9470441751342457
0.7881666666666666,1992,46.603354,1.8883335,48289.05464745457,-4351.052074189007,9580.136663766281,0.0,9.436879495803394,17.856173871641264,0.9463385837606005
0.41775,1993,46.603354,1.8883335,49816.09213119481,-4527.779183415313,10140.736868763293,0.0,9.457788745577872,17.859504048434296,0.9456302672660748
1.5766666666666664,1994,46.603354,1.8883335,46565.80480035509,-4201.375373782249,9505.162747605218,0.0,9.435304752574158,17.86258991267926,0.9448874630852412
1.1273333333333333,1995,46.603354,1.8883335,43650.78065604151,-3794.9907565269878,8155.431573235971,0.0,9.440625441833864,17.86590938032203,0.9441760468690493
0.1384166666666666,1996,46.603354,1.8883335,45743.95489613502,-3952.502104853316,8406.111848831075,0.0,9.46254133383671,17.86943544055996,0.943576518505744
1.41125,1997,46.603354,1.8883335,46677.379935251,-4040.1823175118484,8603.567777757075,0.0,9.45793224458066,17.873180122614443,0.9430776458212855
0.86875,1998,46.603354,1.8883335,39507.36479051848,-3241.564200699543,5968.851180640134,0.0,9.4795532388298,17.877337868545816,0.942650508111471
1.2200833333333334,1999,46.603354,1.8883335,38823.42477968424,-3138.473362720871,5314.623224349343,0.0,9.479568166899538,17.88200775659787,0.942292496117892
1.3614166666666667,2000,46.603354,1.8883335,41295.84761770004,-2251.3608726286134,2548.805150920068,0.0,9.4844339475675,17.88736157662033,0.9419827813844786
1.0145833333333334,2001,46.603354,1.8883335,41214.245634355735,-2275.327776452316,2612.024197065198,0.0,9.498278009268487,17.8932983603582,0.9416315637368222
1.3883333333333334,2002,46.603354,1.8883335,40983.99842999407,-2177.8520210125566,2162.540189970622,0.0,9.466827430221398,17.899346531202795,0.9412705109212349
1.6725,2003,46.603354,1.8883335,41259.36876071574,-2264.463631523159,2496.6751079897244,0.0,9.455711764239862,17.905315866679253,0.9409960332399963
0.9069166666666668,2004,46.603354,1.8883335,40860.665718311546,-2245.679977165952,2387.5404555781406,0.0,9.494205571928985,17.911660788984815,0.9406421216034531
0.8909166666666666,2005,46.603354,1.8883335,39079.017336219236,-2225.0345383138456,2966.0230838951497,0.0,9.46683801527069,17.91832052069315,0.9401723586436729
1.5239166666666666,2006,46.603354,1.8883335,38798.086598118636,-2412.688056010169,3497.5226695268734,0.0,9.431706544688442,17.92505813316901,0.939727013683322
1.31425,2007,46.603354,1.8883335,40975.516984628404,-2699.42976025492,4095.1080320927053,0.0,9.41028669605381,17.931769486779004,0.9392644209399561
0.9379166666666666,2008,46.603354,1.8883335,39881.87325026592,-2682.7142051954906,4340.978722958038,0.0,9.433560672345108,17.938134933348937,0.9388337785059978
1.26675,2009,46.603354,1.8883335,38146.11916286437,-2575.700348477976,4114.875664677309,0.0,9.44352144242176,17.944148586164722,0.9384736945537837
0.1999999999999999,2010,46.603354,1.8883335,42197.52864724656,-3061.830266700097,5182.973167431587,0.0,9.407092102863727,17.949789793153272,0.9381243196576239
1.9295833333333328,2011,46.603354,1.8883335,42258.6032056152,-3170.021178235442,5387.975985633076,0.0,9.407311177643333,17.95507173221426,0.9377561728190227
1.13275,2012,46.603354,1.8883335,41803.57541526872,-3209.2721602717647,5628.158220808955,0.0,9.358226329343925,17.959778213777415,0.9374739543542975
0.7160000000000001,2013,46.603354,1.8883335,40403.755401747134,-3172.145940882355,5768.441067928876,0.0,9.40512222583291,17.963951498926303,0.9372739190785534
2.0315833333333333,2014,46.603354,1.8883335,38806.350779728054,-3231.034172811565,6265.698422458899,0.0,9.40466713536812,17.967943052815777,0.9370467411727942
0.4258333333333333,1990,-17.0243749,-144.6434898,-18474.754552792136,-3417.835261847852,2598.7527929320927,0.0,1.7799567571089034,12.260039861800117,1.0927350596819605
0.3533333333333333,1991,-17.0243749,-144.6434898,-18474.643419193497,-3417.753324276695,2598.443294888141,0.0,1.6655724689776705,12.280451652379245,1.0906038640311295
0.3355833333333333,1992,-17.0243749,-144.6434898,-18474.549531005963,-3417.7062251364805,2598.2627107989406,0.0,1.571279035333329,12.299658612460707,1.0884858974115141
0.1927499999999999,1993,-17.0243749,-144.6434898,-18474.445351489754,-3417.64412392576,2597.9761474351485,0.0,1.5174541938179127,12.318128199320496,1.0864070878992773
0.5344166666666667,1994,-17.0243749,-144.6434898,-18474.216994253027,-3417.5757576870287,2597.8522258667313,0.0,1.714806428059927,12.335705197543707,1.0844082723768893
0.52775,1995,-17.0243749,-144.6434898,-18474.222803248842,-3417.5571859301745,2597.8130654476913,0.0,1.9188619070042852,12.352101863959675,1.082491294685034
0.2049166666666666,1996,-17.0243749,-144.6434898,-18480.117168071778,-3417.229371225446,2598.9251167158386,0.0,2.1958792283154835,12.368144725205436,1.0807109428220076
0.3993333333333333,1997,-17.0243749,-144.6434898,-18480.245851692493,-3417.2588943606456,2599.124347229537,0.0,2.2379505672481796,12.384365263706487,1.0780592551378794
0.6129166666666667,1998,-17.0243749,-144.6434898,-18480.0953827213,-3417.151545087175,2598.7699037366287,0.0,2.2330742302299167,12.400326890440478,1.074771065400123
0.4224166666666666,1999,-17.0243749,-144.6434898,-18480.039254009476,-3417.0593906165454,2598.464684466824,0.0,2.247600784661286,12.4164186565345,1.0716713809687681
0.3198333333333333,2000,-17.0243749,-144.6434898,-18474.297294251213,-3417.3781722544722,2596.727414655948,0.0,2.1488626547915857,12.432917339159353,1.0685115573581296
0.4995833333333333,2001,-17.0243749,-144.6434898,-18473.674329187506,-3417.2947416253664,2597.5312062911225,0.0,2.3938689963966784,12.449210962543543,1.065491857046833
0.82775,2002,-17.0243749,-144.6434898,-18473.84943630375,-3417.2724299700308,2598.0118918413,0.0,2.432770895367472,12.4651160173171,1.062822890712688
0.7453333333333333,2003,-17.0243749,-144.6434898,-18473.842407513435,-3417.2040441515783,2597.935234450003,0.0,2.4763282940131286,12.480566889584617,1.0610144802687738
0.5079166666666667,2004,-17.0243749,-144.6434898,-18473.47379593984,-3417.0532628581695,2597.462412570799,0.0,2.5221542638146666,12.495501940698972,1.0598921986690621
0.7005,2005,-17.0243749,-144.6434898,-18473.403228697545,-3417.026231728507,2597.737752595879,0.0,2.5568551491005844,12.510095477570006,1.058834699256401
0.8270833333333334,2006,-17.0243749,-144.6434898,-18473.743054135466,-3417.0913911974944,2597.8352956172516,0.0,2.3895789698305485,12.524169949499734,1.057557295331048
0.7945833333333333,2007,-17.0243749,-144.6434898,-18473.151079869924,-3416.878637842205,2597.524140942197,0.0,2.621853038005013,12.536012880718758,1.055500136699844
0.3886666666666666,2008,-17.0243749,-144.6434898,-18472.288931619893,-3416.8720135001645,2598.0880996662454,0.0,2.578996388186894,12.544539320507736,1.0530760393112482
0.852,2009,-17.0243749,-144.6434898,-18472.093519780705,-3416.817076465233,2598.1481012529957,0.0,2.553195940486694,12.550661850253334,1.0508271397746345
0.6902499999999999,2010,-17.0243749,-144.6434898,-18471.60022677786,-3416.8039683793836,2598.355045395993,0.0,3.5873421761155186,12.555982759516018,1.0484931605731405
0.2128333333333333,2011,-17.0243749,-144.6434898,-18471.538101188195,-3416.806705790745,2598.3004141127612,0.0,3.560904027060095,12.561173851793114,1.0461865105836614
0.7564166666666666,2012,-17.0243749,-144.6434898,-18471.551190357382,-3416.812014757586,2598.1423085710335,0.0,3.602526042435831,12.56578696588133,1.0438897407552687
0.5105833333333333,2013,-17.0243749,-144.6434898,-18471.644346475325,-3416.793348258623,2598.2240500142784,0.0,3.6002831854831605,12.570823392214322,1.041296367167014
0.6306666666666666,2014,-17.0243749,-144.6434898,-18471.594808687045,-3416.7603707746657,2598.1755611015615,0.0,3.5137251510835448,12.577198175008373,1.0386027343310453
0.1119090909090909,1990,-0.8999695,11.6899699,-17973.28265732154,-3207.10243098596,2343.0375128243486,2939.7053,2.4381207257867383,13.798392882955579,0.9774818903625146
0.0847499999999999,1991,-0.8999695,11.6899699,-17970.243474678802,-3206.3074096090077,2340.852386807341,2939.7053,2.704015405584534,13.825455938310139,0.9782760707717078
-0.1998333333333333,1992,-0.8999695,11.6899699,-18009.54772831467,-3206.2907202393562,2370.131276243187,2939.7053,2.4264120495308044,13.852272481539664,0.9791147221369065
0.236,1993,-0.8999695,11.6899699,-18391.35097890782,-3210.348550389039,2681.9333932572845,2939.7053,2.6948636392980343,13.878852425897911,0.9799531304300961
0.19275,1994,-0.8999695,11.6899699,-18427.59496120763,-3210.43198955975,2706.2469894921805,2939.7053,2.909079014250749,13.904995622863602,0.9807415752315611
0.5268333333333334,1995,-0.8999695,11.6899699,-18413.37374308323,-3211.170987940282,2707.8651889186062,2939.7053,2.909079014250749,13.930591278988528,0.9819008841116047
0.114,1996,-0.8999695,11.6899699,-18404.12803515739,-3210.3328949002985,2711.191342628098,2939.7053,3.0861806539414083,13.955794972522721,0.9834323382278412
0.27575,1997,-0.8999695,11.6899699,-18393.248286259037,-3208.2888243473994,2701.729811060629,2939.7053,3.4837845417769584,13.980860576145911,0.9850123747175519
1.0985833333333332,1998,-0.8999695,11.6899699,-18396.08666053226,-3210.5232638486573,2710.780539002223,2939.7053,3.3729899325981365,14.00599206495814,0.9867020272101024
0.557,1999,-0.8999695,11.6899699,-18399.08870118444,-3192.3522310264807,2712.8386919811246,2939.7053,3.245428170497206,14.031237876883914,0.9885026339449556
0.3091666666666666,2000,-0.8999695,11.6899699,-18387.74425879772,-3191.333197655874,2716.126154205597,2939.7053,3.0861806539414083,14.056835030162498,0.990349509735706
0.318,2001,-0.8999695,11.6899699,-18378.409283075962,-3184.7143399688707,2720.306786438309,2413.4971,3.098541537535128,14.082931247907792,0.9923635138205457
0.6871666666666667,2002,-0.8999695,11.6899699,-18370.765989968746,-3181.175382269903,2721.7574527217116,2413.4971,3.2437323264670592,14.10944429795613,0.9946257739851782
0.90175,2003,-0.8999695,11.6899699,-18365.978837092447,-3175.264068238728,2721.723895212259,2413.4971,3.094477456066545,14.13643178775704,0.9970313942015842
0.8675,2004,-0.8999695,11.6899699,-18363.100025100255,-3164.9323844769992,2720.036439057122,2413.4971,3.2419202506763596,14.164130144453084,0.9997516379897917
0.7454999999999999,2005,-0.8999695,11.6899699,-18358.139399251548,-3167.1577447068476,2720.6212827969166,2413.4971,3.2428813722150016,14.192818274729097,1.002987272160409
0.7355833333333334,2006,-0.8999695,11.6899699,-18357.534195723438,-3166.656109530889,2718.7583439765017,2413.4971,3.244578658720517,14.222664239629339,1.0066736203021225
0.9195,2007,-0.8999695,11.6899699,-18360.895592675217,-3165.7459919048797,2714.7466658447834,2413.4971,3.48795594892032,14.253619026557441,1.0107623981659162
0.8349166666666666,2008,-0.8999695,11.6899699,-18362.631473604142,-3163.956357929385,2712.324522107277,2413.4971,3.489284568649525,14.285500437115477,1.0150678772353392
0.7896666666666666,2009,-0.8999695,11.6899699,-18352.896465258822,-3166.1495389386855,2715.846888897261,2413.4971,3.3737336831572455,14.318430211746648,1.0195464166327743
1.0791666666666666,2010,-0.8999695,11.6899699,-18352.77781737776,-3166.160964312991,2710.6453417110783,2413.4971,3.7768422533578403,14.35264991861269,1.024295976263599
0.6375833333333333,2011,-0.8999695,11.6899699,-18346.392886250236,-3162.888259104449,2706.787415657469,5668.5457,3.929456161075591,14.38790153738842,1.0292277486161754
0.65925,2012,-0.8999695,11.6899699,-18353.999288569896,-3163.527792168873,2703.2223714672637,5668.5457,3.9945131771550844,14.423483763386564,1.0341407337594235
0.7781666666666666,2013,-0.8999695,11.6899699,-18371.490895585157,-3160.2357939925732,2707.0391501850336,5668.5457,4.120155248721817,14.458535337320987,1.0386832228373983
0.8286666666666666,2014,-0.8999695,11.6899699,-18351.40643727163,-3160.0960260013007,2699.4767589375965,5668.5457,4.061798987345929,14.491946886760505,1.0422857831135146
1.16125,1990,13.470062,-15.4900464,-18143.369224323953,-3408.172537642667,2306.633744570702,527.6271,2.3417481121753694,13.855322442495163,0.9802341004108461
0.8129166666666667,1991,13.470062,-15.4900464,-18130.887481371657,-3408.1131592093307,2296.453693397113,527.6271,2.4130794081234104,13.895740325064182,0.9822001233002764
0.8304166666666667,1992,13.470062,-15.4900464,-18132.364928421586,-3410.254170668443,2302.995196075501,527.6271,2.505321834530593,13.935204655267432,0.9837519711646767
1.0375833333333333,1993,13.470062,-15.4900464,-18107.968973427767,-3413.1433495481233,2294.419473012731,527.6271,2.5685505576570127,13.971067106238074,0.9844513028870571
0.7726666666666667,1994,13.470062,-15.4900464,-18102.28140700663,-3405.346052133181,2271.7904386470436,527.6271,2.4504618471299455,14.00272180736945,0.9838871541430447
0.9214166666666668,1995,13.470062,-15.4900464,-18098.71855589549,-3401.368371525846,2260.0261885897503,527.6271,2.468565524574881,14.032357527347772,0.9822766225683418
1.186,1996,13.470062,-15.4900464,-18098.923715593042,-3400.1153266926394,2252.5333326842615,527.6271,2.471002094617648,14.061643809321348,0.9803554535756698
1.23875,1997,13.470062,-15.4900464,-18098.50527330351,-3403.7636477428214,2266.5234624265186,527.6271,2.3372666737012993,14.09086849932715,0.9785172710624637
1.56175,1998,13.470062,-15.4900464,-18098.536143571677,-3402.992521076159,2259.6362839210274,527.6271,2.304802632435,14.120188380940263,0.9767285596223164
0.7775833333333333,1999,13.470062,-15.4900464,-18098.7191345571,-3392.130239842036,2249.2821631299744,527.6271,2.4773867796375857,14.149478948291208,0.974972351781507
0.95575,2000,13.470062,-15.4900464,-18096.66044548996,-3394.1361037335737,2245.761030504774,527.6271,2.3912093352835555,14.178443181720402,0.9733512154140974
1.455833333333333,2001,13.470062,-15.4900464,-18119.749201641356,-3406.0734046791517,2274.8505641829765,527.6271,2.3522034855162386,14.20718095505025,0.9718690938558774
1.3493333333333333,2002,13.470062,-15.4900464,-18119.336549193402,-3410.776371834861,2288.1018340658793,527.6271,2.1956121669899398,14.235682324410908,0.9705024562947813
0.9679166666666666,2003,13.470062,-15.4900464,-18105.38841750534,-3406.5951154361,2262.5511698368678,527.6271,1.9815943964985239,14.264199254456171,0.9704295359934381
1.273,2004,13.470062,-15.4900464,-18108.775455289146,-3399.509039385395,2248.108282171554,527.6271,2.055968185494194,14.293125770472356,0.9715570436641385
1.5384166666666663,2005,13.470062,-15.4900464,-18591.648723602593,-3399.250996190872,2621.6186255317143,527.6271,2.105815666564936,14.322549822510839,0.9726808612764218
0.9995,2006,13.470062,-15.4900464,-18604.205895379942,-3397.677685510303,2631.2080016008126,527.6271,2.2672169491562544,14.352760367452928,0.9738358848843526
1.169,2007,13.470062,-15.4900464,-18604.553182701748,-3399.1628150116994,2635.1812755906276,527.6271,2.7432114035291044,14.383594957200483,0.9751473065150608
1.3998333333333333,2008,13.470062,-15.4900464,-18587.614205247202,-3373.8351246337525,2561.596889856459,527.6271,2.611113365677364,14.414644816916507,0.9765983966090801
0.6654166666666667,2009,13.470062,-15.4900464,-18562.98911091059,-3318.578478904365,2400.2478989537403,527.6271,2.907103225202932,14.445781302025066,0.9780000926799677
1.4124166666666664,2010,13.470062,-15.4900464,-18550.77335061216,-3299.752701335353,2345.028966848635,527.6271,3.088338801784001,14.476792904433882,0.979410715909567
0.9085,2011,13.470062,-15.4900464,-18579.337458904367,-3361.500536558287,2527.4848264802863,527.5351,3.083468387858078,14.507763338667887,0.9808478874188861
0.94725,2012,13.470062,-15.4900464,-18572.952891572066,-3331.7834752991866,2443.2400296213377,527.5351,3.162982492827661,14.538708652668545,0.9820968152988753
1.028333333333333,2013,13.470062,-15.4900464,-18568.41772858209,-3326.652598462933,2426.06511446291,527.5351,3.0163042126970496,14.56922118199871,0.9833074631992287
1.1905,2014,13.470062,-15.4900464,-18566.17617415275,-3325.4345946437998,2419.6866057776656,527.5351,3.70806424352877,14.59896405622978,0.9844643805787079
-1.2215833333333337,1992,32.3293809,-83.1137366,-16902.368594344483,-3459.937480689798,2802.9549157169185,0.0,6.744495251409598,15.471703612934226,0.880138344282479
-1.0390833333333334,1993,32.3293809,-83.1137366,-17136.123906723933,-3439.5536359251896,2765.9739333670113,0.0,6.407829205385079,15.450130914221349,0.8790213352291467
0.1671666666666666,1994,32.3293809,-83.1137366,-17542.406454644573,-3407.0869210935493,2646.6743021427264,0.0,6.142190082103747,15.424530983262747,0.8778042157776623
0.9389166666666666,1995,32.3293809,-83.1137366,-17789.39919451197,-3378.4218401920257,2584.3024906146625,0.0,5.482596589196469,15.400179434887846,0.8767553907396477
0.5575833333333334,1996,32.3293809,-83.1137366,-17732.911708142008,-3383.9199951979153,2602.8854310658376,0.0,5.68424893115373,15.376025417399614,0.8754121554900037
0.0396666666666666,1997,32.3293809,-83.1137366,-17536.35837151043,-3399.929747389217,2644.738952220794,0.0,6.255770387035843,15.35023182073038,0.873979011579818
1.3774166666666667,1998,32.3293809,-83.1137366,-17644.380725323987,-3381.794317030651,2585.837814349409,0.0,6.248516263409338,15.323669834743807,0.8727770024748444
1.3193333333333337,1999,32.3293809,-83.1137366,-17496.350917839565,-3394.486323898665,2615.812502000382,0.0,6.016305197520702,15.295864544543985,0.8715637785946303
0.8271666666666667,2000,32.3293809,-83.1137366,-17388.190897605644,-3400.683148738242,2623.080624259441,0.0,5.844522199715595,15.265993066347978,0.8700136441917482
1.2150833333333333,2001,32.3293809,-83.1137366,-17875.03701436899,-3353.252537192597,2482.5105721280265,0.0,5.532427761594064,15.237288368898966,0.8682706802166653
0.6166666666666666,2002,32.3293809,-83.1137366,-17586.595468362535,-3379.331055596937,2553.17734000849,0.0,5.564614655754734,15.216971325501925,0.8668908765192431
0.2251666666666666,2003,32.3293809,-83.1137366,-17423.92510848133,-3389.2766688622805,2574.2939168590237,0.0,5.513609778164797,15.206251020510633,0.8677207184299303
0.7525,2004,32.3293809,-83.1137366,-17239.543920484906,-3401.6722376016774,2605.865857832987,0.0,5.681689546622428,15.199015783058003,0.8704188592151747
0.8644166666666667,2005,32.3293809,-83.1137366,-17173.754729254462,-3401.36122353054,2599.461383209705,0.0,5.909668365497187,15.192052771091475,0.8729705487538766
1.008,2006,32.3293809,-83.1137366,-17066.426118856303,-3411.416535993009,2626.747484318192,0.0,5.985011521048827,15.185133469530463,0.8752559853864283
0.9099166666666668,2007,32.3293809,-83.1137366,-17013.948375040763,-3415.1909134404477,2649.8845405165393,0.0,6.180466035067274,15.178144710880938,0.8777973097757249
0.7176666666666667,2008,32.3293809,-83.1137366,-17000.7242766361,-3420.2345084010412,2671.9533991488106,0.0,6.279271986700975,15.171267873518605,0.8805696824692058
0.996,2009,32.3293809,-83.1137366,-16868.85252628385,-3428.836157716433,2706.909084726298,0.0,5.567759599913759,15.16493344430826,0.8832292359712807
2.665583333333333,2010,32.3293809,-83.1137366,-16723.961129035404,-3438.4801077397265,2717.8227559997745,0.0,5.583640283379265,15.1601573234324,0.8858228241305517
0.0503333333333333,2011,32.3293809,-83.1137366,-16436.538533781728,-3462.7599558516863,2779.3492594839877,0.0,6.007036669797773,15.156196226163793,0.8883310908865414
1.243083333333333,2012,32.3293809,-83.1137366,-16334.625260343228,-3467.032270619166,2786.207801215238,0.0,6.002516004172374,15.151657546824357,0.890652139233165
1.12125,2013,32.3293809,-83.1137366,-16336.29402856411,-3465.5186880036254,2779.7126729462975,0.0,4.086332551611923,15.14682642161672,0.8927251984950273
1.7054166666666666,2014,32.3293809,-83.1137366,-16278.23044237988,-3466.709137063934,2778.9964340539746,0.0,3.7514175382108714,15.143708006168165,0.8930640607468362
1.4243333333333332,1990,51.1638175,10.4478313,78358.82115924073,8358.492178414255,5143.108472250571,0.0,8.151406380215477,18.189633490510904,0.9272401501140813
0.2890833333333333,1991,51.1638175,10.4478313,74629.99955732853,8345.909285796472,7348.2099280473885,0.0,9.128710391084086,18.195058974390435,0.9308470095433244
1.28925,1992,51.1638175,10.4478313,74410.11035070564,7795.409147405905,9007.29219008647,0.0,9.124923802604572,18.20009678907453,0.9342016228573761
0.4433333333333333,1993,51.1638175,10.4478313,71864.14598314647,8132.876788729078,8206.685507846965,0.0,8.943024859284044,18.20468022036405,0.9372905261553796
1.6620833333333334,1994,51.1638175,10.4478313,75820.78993240546,7769.259955733117,9326.423654404087,0.0,8.96437822038811,18.208503418186613,0.9400546079355359
0.8771666666666667,1995,51.1638175,10.4478313,72978.48663826383,8192.720717331355,8083.948960867268,0.0,8.942223931419129,18.211480321357143,0.9423455675910266
-0.7250833333333334,1996,51.1638175,10.4478313,75556.01223692445,8443.495570075791,7358.148086590364,0.0,8.971615205347227,18.213667214067836,0.9440991360448405
0.91225,1997,51.1638175,10.4478313,71585.00365330317,5109.203911431048,17212.785853595302,0.0,8.974768938461539,18.215329061969726,0.9453305046970618
1.0490000000000002,1998,51.1638175,10.4478313,61945.19100015935,10078.498348817258,2628.93161683461,0.0,8.952102066023375,18.216412711380414,0.9460886747118179
1.457,1999,51.1638175,10.4478313,60518.10764008968,10269.35404600805,2007.193095324079,0.0,8.942942693105508,18.216812291109587,0.9465287322962758
1.86175,2000,51.1638175,10.4478313,69835.61688014955,9314.710879314478,4647.896177069434,0.0,8.952323568590062,18.21674745089098,0.9467294352853365
0.9984166666666666,2001,51.1638175,10.4478313,65575.96292673866,9874.657072588447,2943.479308119026,0.0,8.954382625875322,18.21629232297149,0.9468033732765092
1.5631666666666666,2002,51.1638175,10.4478313,61186.002780614,6259.3853938216125,13440.995798594358,0.0,8.944516498958345,18.215419189940086,0.946942293710374
1.37325,2003,51.1638175,10.4478313,63660.452143184906,6268.755668091787,13274.79967418762,0.0,8.955344116939017,18.214232177584492,0.9472553418887303
0.93525,2004,51.1638175,10.4478313,65484.75882957676,5822.2847512571425,14374.79734478789,0.0,8.960055402192426,18.213246564276066,0.9477599089062002
0.9880833333333332,2005,51.1638175,10.4478313,66543.46496327176,5640.618722052976,14912.068390946426,0.0,8.95662224569795,18.212575646121934,0.9486071405991333
1.56425,2006,51.1638175,10.4478313,69655.17193320875,5513.351174493872,15341.610198414226,0.0,8.959444140524505,18.212152578153642,0.9499721176274605
1.854833333333333,2007,51.1638175,10.4478313,71188.11078755173,5002.351188661008,16629.648695523876,0.0,8.966183504277435,18.212226647370283,0.9517806465532154
1.5,2008,51.1638175,10.4478313,70815.59848888815,5110.655933669544,16437.940942253896,0.0,8.981271890376824,18.212641077525646,0.9540133881253557
1.2145833333333331,2009,51.1638175,10.4478313,63762.73519220704,5430.260532794986,15610.619543180754,0.0,8.992382725582267,18.213172029100587,0.9565664325233484
-0.1313333333333333,2010,51.1638175,10.4478313,68236.87331609945,4964.749628811052,16943.689354534483,0.0,9.002869017698767,18.213965136993842,0.9592193255012187
1.7435,2011,51.1638175,10.4478313,69596.1898786271,4644.165383743109,17809.75002861145,0.0,9.023460365218241,18.21517297647474,0.9618785130493243
1.1426666666666667,2012,51.1638175,10.4478313,69067.77567304869,4773.644988057882,17419.952441493024,0.0,9.000317331576086,18.216672514001914,0.9645101283652527
0.7689166666666667,2013,51.1638175,10.4478313,68950.08958272838,5287.550000204717,16054.629454060567,0.0,9.00361476805284,18.21832696734789,0.9670438966221877
2.43375,2014,51.1638175,10.4478313,68943.94943237977,4704.823872852199,17518.442268387622,0.0,9.019374484379613,18.22050668736693,0.9692747357360674
0.5611666666666667,1990,8.0300284,-1.0800271,-16827.616342706853,-2787.8778019752585,901.3166922898281,23593.3071,5.1859467821157725,16.552924202420897,0.9816355651593501
0.3389999999999999,1991,8.0300284,-1.0800271,-16798.989754643804,-2754.5443968583445,801.3510796140386,23593.3071,5.467194365615761,16.578268049133225,0.9825073298536107
0.1759166666666667,1992,8.0300284,-1.0800271,-16702.64450136754,-2761.0776076434395,818.7727841823825,23593.3071,5.090954886510597,16.603083208352167,0.9834156339803896
0.5085833333333333,1993,8.0300284,-1.0800271,-16683.04004101971,-2752.5699538014433,792.0407115442792,23593.3071,5.3347471695013,16.62753829885388,0.984452987016951
0.5111666666666667,1994,8.0300284,-1.0800271,-16791.01681725718,-2731.2619576275897,731.7321221470276,23593.3071,5.756121572001156,16.651124195480502,0.9846779823358536
0.74975,1995,8.0300284,-1.0800271,-16842.34980788121,-2708.490747747798,669.2534899918448,23593.3071,5.810186345829314,16.674212410140566,0.984121226712092
0.6421666666666667,1996,8.0300284,-1.0800271,-16797.04119446922,-2701.6938957109965,637.4514698704744,23593.3071,5.902275345834195,16.6971784356426,0.9837694310684978
0.50775,1997,8.0300284,-1.0800271,-16687.824103721225,-2677.415641150588,608.6381914649988,23593.3071,6.1196075106892955,16.720663642905826,0.9838206251301784
1.1585833333333333,1998,8.0300284,-1.0800271,-17049.222139699446,-2586.9922872993443,420.1120509561512,23593.3071,5.969218682536908,16.744820296741025,0.984197841447449
0.4944166666666666,1999,8.0300284,-1.0800271,-16821.400811645864,-2641.774525893784,523.480674259519,23593.3071,6.0945735550234375,16.769211303724134,0.984582553200473
0.454,2000,8.0300284,-1.0800271,-16716.618626029023,-2637.669525720021,509.5607606978774,23593.3071,6.352832859939998,16.794376491109308,0.9852558764446242
0.6361666666666667,2001,8.0300284,-1.0800271,-16752.29620485386,-2663.0213103322235,497.9085191148208,25273.7074,6.358927812272012,16.820974178000068,0.9862733207101951
0.7765,2002,8.0300284,-1.0800271,-16838.19476264706,-2650.695012389326,461.7257225331561,25273.7074,6.400661682530822,16.848457928999125,0.9872799036761614
0.9881666666666667,2003,8.0300284,-1.0800271,-17050.196448060386,-2620.5956820921388,363.13204527368606,25273.7074,5.18163353904096,16.875602258494435,0.9881503348147707
0.8145833333333333,2004,8.0300284,-1.0800271,-17075.18394374056,-2610.186785652332,334.2361668777032,25273.7074,5.320461857383092,16.902291398080038,0.9889560970401327
0.9453333333333332,2005,8.0300284,-1.0800271,-17065.66628804029,-2596.9645338999235,278.6914618486762,25273.7074,5.306399121016055,16.928890346881076,0.9897269300136771
0.946,2006,8.0300284,-1.0800271,-16974.0152359834,-2586.851076239524,265.6264094508336,25273.7074,5.325309284927203,16.955282004789964,0.9905014526379032
0.9585833333333332,2007,8.0300284,-1.0800271,-17055.7513800395,-2572.0331620150123,220.45060050490065,25273.7074,5.387097636457039,16.981336599352343,0.9911991328473377
0.7270833333333333,2008,8.0300284,-1.0800271,-17035.95456641785,-2551.7740650243695,143.29387223399533,25273.7074,5.354341303779347,17.007059830466282,0.9918526424010755
0.8918333333333334,2009,8.0300284,-1.0800271,-16984.888447077275,-2528.9805161028066,75.06706221186197,25273.7074,5.633339266224612,17.032414920777597,0.9924612997174784
1.23475,2010,8.0300284,-1.0800271,-16864.332647911375,-2521.84546718391,44.12604693928306,25273.7074,5.65594285857276,17.057114843348213,0.9930451892034441
0.8445833333333334,2011,8.0300284,-1.0800271,-16657.77713956802,-2517.455483177769,23.492199945897354,4204.0627,5.87091312049105,17.081496698751323,0.9935985760108524
0.6260833333333333,2012,8.0300284,-1.0800271,-15879.332842892576,-2583.562223077313,216.7005211810132,4204.0627,6.068042412989996,17.10610269438755,0.9939225618645564
0.8297500000000001,2013,8.0300284,-1.0800271,-15851.506903453117,-2562.16991074934,133.67522652057036,4204.0627,6.12023236188973,17.130626929711102,0.9942193164768643
0.9360833333333334,2014,8.0300284,-1.0800271,-15848.87235690606,-2551.171197018691,88.00900022566353,4204.0627,6.126670256032363,17.154703414097302,0.9945096508534915
0.9261666666666668,1990,36.1285933,-5.3474761,-18173.337868159935,-3041.269360340396,1206.6240348036883,0.0,2.280063372311757,10.215264497991953,1.0437677689660332
0.2146666666666666,1991,36.1285933,-5.3474761,-18205.63145995063,-3103.074588712173,1376.5155987694238,0.0,3.0084115507110645,10.203147601747316,1.045475216007276
0.1825833333333333,1992,36.1285933,-5.3474761,-18205.3298061471,-3102.984367807967,1376.2578516108733,0.0,3.253991971957478,10.201553030367597,1.0428354814253222
-0.1915,1993,36.1285933,-5.3474761,-18205.375518108045,-3102.983378018115,1376.224149940171,0.0,3.246296420444193,10.207952993022255,1.0375685626267939
0.8035833333333334,1994,36.1285933,-5.3474761,-18233.896655227658,-3202.3927795391614,1663.804177000088,0.0,3.58235437172254,10.213945768177046,1.0316502829907657
1.4594166666666666,1995,36.1285933,-5.3474761,-18234.033650615995,-3202.417264556594,1663.8233951713598,0.0,3.5822987498842793,10.218736152705715,1.0252678241595863
0.6446666666666667,1996,36.1285933,-5.3474761,-18192.701821529943,-3149.399991980976,1505.8791199135414,0.0,3.473400206841981,10.221650332241495,1.0198368966277276
1.4659166666666668,1997,36.1285933,-5.3474761,-18192.682050697043,-3149.3857303336217,1505.9669168453383,0.0,3.494675581384932,10.224265852477098,1.0141761052246985
0.9611666666666668,1998,36.1285933,-5.3474761,-18187.02895653458,-3127.885810369088,1450.472909192454,0.0,3.4636994556480736,10.226874549608686,1.0079924435079561
0.8105833333333333,1999,36.1285933,-5.3474761,-18192.56056879714,-3149.332982903009,1505.9822497979662,0.0,3.499421493657549,10.22904327741599,1.0023134759976866
0.8894166666666666,2000,36.1285933,-5.3474761,-18192.48881062521,-3149.3124027496674,1506.0281525757746,0.0,3.485740715537405,10.230702789323235,0.9961145488559505
1.2086666666666666,2001,36.1285933,-5.3474761,-18178.305460297743,-3127.775618729999,1443.8873324232068,0.0,3.427943169597596,10.229945527689226,0.9898786878185342
0.988,2002,36.1285933,-5.3474761,-18178.283923070918,-3127.765013728303,1443.8883245526713,0.0,3.417736519630566,10.236131040272427,0.9880969351389879
1.272333333333333,2003,36.1285933,-5.3474761,-18178.266160742172,-3127.757310434965,1443.9184708995422,0.0,3.375171630837765,10.250652418696085,0.990225035161744
0.9799166666666668,2004,36.1285933,-5.3474761,-18178.099013388855,-3127.6952680251957,1444.0060001725442,0.0,3.4243929392653443,10.265209737696374,0.991953385127636
0.8814166666666666,2005,36.1285933,-5.3474761,-18178.0401946841,-3127.6795716257902,1444.0163530611642,0.0,3.421058830757711,10.280381703656257,0.9930954334153678
1.3784166666666666,2006,36.1285933,-5.3474761,-18177.96941088292,-3127.649067081475,1443.9969065245105,0.0,3.385968678010629,10.295090354651144,0.9940018870467718
0.8988333333333333,2007,36.1285933,-5.3474761,-18198.388798426677,-3102.6683378055295,1371.801062083715,0.0,3.2644799666732167,10.308852655643959,0.9940836269361165
0.875,2008,36.1285933,-5.3474761,-18197.224429798345,-3101.945429575472,1366.9070193523596,0.0,3.2233099794580924,10.322164992116427,0.9945541631126567
1.4624166666666667,2009,36.1285933,-5.3474761,-18176.602040567373,-3126.8658095586006,1439.1274224259187,0.0,3.3469136554749,10.335854213841799,0.9953382971835546
1.3099166666666668,2010,36.1285933,-5.3474761,-18176.56420886472,-3126.8611139260574,1439.1652467223723,0.0,3.3340920134339265,10.350158581455416,0.9957865168539326
1.5171666666666666,2011,36.1285933,-5.3474761,-18176.603612506897,-3126.8865887642455,1439.1755263825034,0.0,3.3043927523909638,10.36410350510914,0.9965360876684721
0.9624166666666666,2012,36.1285933,-5.3474761,-18176.4784470718,-3126.874247063985,1439.2153936995912,0.0,3.3095461663420926,10.378478723292902,0.9980119284294234
0.8635833333333333,2013,36.1285933,-5.3474761,-18176.382828235677,-3126.8239923758592,1439.1873088013815,0.0,3.387720305814988,10.386222296135593,0.9983968430139352
1.34175,2014,36.1285933,-5.3474761,-18175.74201927705,-3126.8050409394077,1439.3612877350954,0.0,3.4599127309969253,10.387486538298399,0.9969846153846154
0.4293333333333333,1990,38.9953683,21.9877132,-5294.926032226131,-2913.964942420519,2587.1370563043865,0.0,8.046584419108367,16.147873361276577,0.9777733495590435
-0.5295,1991,38.9953683,21.9877132,-5768.793257649565,-2855.9430109982386,2481.223618614504,0.0,8.127876926008595,16.156503341390486,0.9799274033147698
-0.3744166666666667,1992,38.9953683,21.9877132,-5818.253097526025,-2825.0873116184052,2334.801939581293,0.0,8.057235444894088,16.16482540823226,0.982122589685929
-0.06425,1993,38.9953683,21.9877132,-5886.982695425426,-2784.1036516882864,2136.0188395100918,0.0,8.028849608645308,16.172909635436795,0.984346614043508
0.8845000000000001,1994,38.9953683,21.9877132,-5739.706260070173,-2777.8355446010287,2123.8854647241333,0.0,8.036335088943776,16.18082788549202,0.9864780379358229
0.1009999999999999,1995,38.9953683,21.9877132,-4620.935560821669,-2866.819077948022,2374.235520664254,0.0,7.964457446612779,16.188360806082425,0.9883334729575145
-0.1394166666666666,1996,38.9953683,21.9877132,-4420.723422175906,-2854.063639260948,2334.754579033908,0.0,7.984630145845716,16.19540903742095,0.9897746876739864
-0.2808333333333333,1997,38.9953683,21.9877132,-4419.825335188459,-2835.0891253800423,2265.1077607215343,0.0,7.9844423231953305,16.202002330023923,0.9910032719369164
0.5053333333333333,1998,38.9953683,21.9877132,-3995.7861921477975,-2864.364773087863,2345.1166031047746,0.0,7.985476153841091,16.207888456187582,0.9920902580299287
1.0523333333333331,1999,38.9953683,21.9877132,-3458.467214188232,-2931.170738253064,2549.2499331577965,0.0,7.983929336198757,16.212847584062857,0.992793117761895
0.6125833333333334,2000,38.9953683,21.9877132,-4141.406938612384,-2741.31891987876,1914.2179882856124,0.0,7.982759476753565,16.216864207314945,0.9930045106678324
0.96875,2001,38.9953683,21.9877132,-6547.235854914672,-2503.2734902568054,1254.3131294828925,0.0,7.997142312199698,16.21994630424932,0.9928109153569561
0.6605,2002,38.9953683,21.9877132,-5181.10831002891,-3062.2248760036878,2951.5179167130445,0.0,8.087283862865817,16.222150845054518,0.9923114626947136
0.4144166666666666,2003,38.9953683,21.9877132,-4551.315800153352,-2436.941063693765,1035.6828998103647,0.0,8.156747977505045,16.22339999503855,0.9914557566680373
0.4235,2004,38.9953683,21.9877132,-5096.092745659712,-3035.635989635653,2831.6850616896722,0.0,8.000917308601958,16.223814202513644,0.990200735589425
0.1824166666666666,2005,38.9953683,21.9877132,-4797.743298138617,-3035.004798236769,2849.804443222152,0.0,8.022073875296826,16.223666374520917,0.9884841464444549
0.1853333333333333,2006,38.9953683,21.9877132,-6172.7778241149645,-2862.8561776577726,2407.7858061074458,0.0,8.071613338627678,16.2230044346006,0.9864052393727047
1.00575,2007,38.9953683,21.9877132,-6037.830535839641,-2822.1610402404817,2261.8110309369645,0.0,7.969209685397565,16.22168897605431,0.9840696538309214
1.0520833333333333,2008,38.9953683,21.9877132,-6241.189024265903,-2760.5235598821528,2076.611349583526,0.0,7.9357283416651585,16.220076622384248,0.9815105227256948
0.8896666666666667,2009,38.9953683,21.9877132,-7712.7324553446215,-2582.422336390452,1682.5252365544538,0.0,7.702180839610198,16.21843823784342,0.9786983129646623
1.53625,2010,38.9953683,21.9877132,-7775.431347893738,-2536.7155094109735,1521.7692551759014,0.0,7.580554027321491,16.216472306135717,0.9758769581426033
0.2773333333333333,2011,38.9953683,21.9877132,-9273.63159788998,-2356.01389350248,989.7353639176928,0.0,7.318327788747843,16.213835283988953,0.9731697787825068
1.1955,2012,38.9953683,21.9877132,-8736.491313525421,-2374.8158549192535,1058.3468677691947,0.0,5.219646925219536,16.21009444508087,0.9704942629281147
1.268,2013,38.9953683,21.9877132,-8011.313091572998,-2427.1905682512333,1241.0658305425243,0.0,5.349722679661255,16.20560319650264,0.9681168640192266
1.2394166666666666,2014,38.9953683,21.9877132,-8402.99694277798,-2484.5041146776443,1389.839510874416,0.0,5.203634090198672,16.200870223688167,0.9661137170985414
-0.44325,1990,43.0361995,-70.8328322,-18289.02426720955,-3153.575713357806,1559.1615903031932,0.0,3.772485037968733,10.92592049446542,1.178558833901493
-0.225,1991,43.0361995,-70.8328322,-18289.05353910936,-3153.5736737779575,1559.1536558876285,0.0,3.728873906315481,10.926981101987296,1.1705795179783167
-1.3845,1992,43.0361995,-70.8328322,-18289.618949360076,-3153.498063601151,1559.3367876434163,0.0,3.8018978234207665,10.927502005497212,1.1632740268821382
-1.4158333333333335,1993,43.0361995,-70.8328322,-18289.39203029564,-3153.4892721383467,1559.3213090896184,0.0,3.720286062672488,10.927861091268705,1.156010527130583
-0.4795,1994,43.0361995,-70.8328322,-18289.371355517946,-3153.482049032256,1559.309357668216,0.0,3.8018978234207665,10.92775337907558,1.1490412438751496
-0.0921666666666667,1995,43.0361995,-70.8328322,-18289.19195048415,-3153.486057121284,1559.286936244363,0.0,3.8773487414941252,10.929296146316139,1.1467272097587256
0.8254166666666666,1996,43.0361995,-70.8328322,-18289.015958787444,-3153.4848717263576,1559.2735977121201,0.0,3.911498868092168,10.932392428779417,1.1484240027642338
0.48825,1997,43.0361995,-70.8328322,-18288.810890427434,-3153.460461367169,1559.1853775904658,0.0,4.071952384933621,10.934391858180161,1.1498351353423817
1.22925,1998,43.0361995,-70.8328322,-18288.62576258669,-3153.456722690744,1559.144189361763,0.0,4.071952384933621,10.935283171500128,1.1505977927651747
0.32,1999,43.0361995,-70.8328322,-18286.918204861955,-3153.23448766559,1560.4926937453379,0.0,4.068931023160011,10.935015860910363,1.150764748725419
0.9559166666666666,2000,43.0361995,-70.8328322,-18289.933219250703,-3153.9097039630096,1559.6596647160509,0.0,4.1539035183793205,10.936369499018918,1.149804851917043
1.01025,2001,43.0361995,-70.8328322,-18289.770734500024,-3153.9251364826787,1559.6849688405546,0.0,4.1539035183793205,10.939976179722388,1.148119928378224
1.37325,2002,43.0361995,-70.8328322,-18289.66452009045,-3153.9277737160573,1559.6484007429842,0.0,4.1539035183793205,10.943163376980928,1.1459028831562974
1.96475,2003,43.0361995,-70.8328322,-18289.59271874208,-3153.9439948197196,1559.5845364421036,0.0,4.072311950357526,10.946040822807591,1.143143180959577
1.340833333333333,2004,43.0361995,-70.8328322,-18289.687583574516,-3154.0548061494187,1559.4775416089724,0.0,4.678951176117589,10.948452901973463,1.1405555973801098
2.211583333333333,2005,43.0361995,-70.8328322,-18289.616170394198,-3154.0663967177757,1559.4977181846675,0.0,4.824063116198709,10.94882212300919,1.1389306662656038
1.4861666666666666,2006,43.0361995,-70.8328322,-18289.588402205973,-3154.0631452531497,1559.544640186455,0.0,4.5613844288591165,10.947485247931015,1.1374393318033034
1.3675833333333334,2007,43.0361995,-70.8328322,-18290.281931679918,-3154.0454856432284,1559.8509826985953,0.0,5.0418374055594555,10.945688207278275,1.1352888018676106
1.02925,2008,43.0361995,-70.8328322,-18289.523239844882,-3154.0968235732744,1559.7282482294133,0.0,5.015715700283629,10.943357821180475,1.133692864685473
1.1119166666666669,2009,43.0361995,-70.8328322,-18290.937125070886,-3154.0065822108572,1559.9930546071441,0.0,4.91232174201455,10.940968841200007,1.1322201654640929
3.143,2010,43.0361995,-70.8328322,-18274.529445381057,-3151.3307777456407,1539.488799349524,0.0,4.8755026201047595,10.939355265539387,1.129908908795404
1.1968333333333334,2011,43.0361995,-70.8328322,-18292.582386817547,-3153.8978723322707,1560.4127053767543,0.0,4.90649551451834,10.938236647537284,1.1270453085440049
1.8225,2012,43.0361995,-70.8328322,-18292.758960985208,-3153.8904953305278,1560.4955579340078,0.0,5.022789794641714,10.93663644805993,1.1244471326503611
1.277,2013,43.0361995,-70.8328322,-18292.925582794032,-3153.8651909372884,1560.5712619431688,0.0,5.068400930946398,10.934694993853526,1.1224929993188526
1.3469166666666668,2014,43.0361995,-70.8328322,-18293.248019858143,-3153.8573863330294,1560.6650704922197,0.0,4.972407847490394,10.932249459303158,1.1205988250900132
0.2346666666666666,1990,12.1360374,-61.6904045,-18668.245338875808,-3411.0200622916113,2705.289853225425,0.0,1.8453318312335742,11.503349763934546,0.9896946564885496
0.3638333333333333,1991,12.1360374,-61.6904045,-18667.752571884488,-3410.970707909066,2705.180741616559,0.0,1.8453318312335742,11.510492507728525,0.9928681303314222
0.39125,1992,12.1360374,-61.6904045,-18670.58027393265,-3410.5467086517115,2705.4757390280997,0.0,1.8453318312335742,11.523271757024373,0.9949455062391407
0.4744166666666666,1993,12.1360374,-61.6904045,-18670.325002999423,-3410.5179350295184,2705.4060622113448,0.0,1.8453318312335742,11.534422733981051,0.9971266614542611
0.4350833333333333,1994,12.1360374,-61.6904045,-18667.1593537501,-3410.864914560399,2704.9342544135907,0.0,1.8453318312335742,11.544172162303397,0.9993411363460197
0.7608333333333333,1995,12.1360374,-61.6904045,-18667.333107831742,-3410.8291232350766,2704.8566515665552,0.0,1.6615938346512575,11.552713324957644,1.0014040351585791
0.44475,1996,12.1360374,-61.6904045,-18666.979287948485,-3410.8322817762955,2705.158583181261,0.0,1.8453318312335742,11.560247885864626,1.003439512353582
0.66025,1997,12.1360374,-61.6904045,-18666.383622118945,-3410.8015859022453,2705.1764153383674,0.0,1.4419655584903515,11.566921104731241,1.005472164164925
1.1859166666666667,1998,12.1360374,-61.6904045,-18666.316072518777,-3410.7763867104018,2705.1939537303692,0.0,1.7626224113731763,11.573079387789976,1.0073337617661513
0.5678333333333333,1999,12.1360374,-61.6904045,-18666.17010906963,-3410.74934944815,2705.1316869194106,0.0,1.8447787732036913,11.578928538127743,1.009462001504891
0.4559166666666667,2000,12.1360374,-61.6904045,-18665.955265240977,-3410.7405468897,2705.1714563484857,0.0,1.8638940669872541,11.584613368261012,1.0119482367923291
0.7585000000000001,2001,12.1360374,-61.6904045,-18665.711045742737,-3410.7167021974906,2705.1482796319638,0.0,1.8737387620479695,11.589293737861377,1.0138816329576834
0.6015,2002,12.1360374,-61.6904045,-18665.276504782152,-3410.673693819889,2705.0992234840414,0.0,1.8882961692760845,11.592032350283196,1.01560608600108
0.884,2003,12.1360374,-61.6904045,-18665.034971896854,-3410.6478611615153,2705.0739491641457,0.0,1.9441800819232813,11.596714990699912,1.0167287968990524
0.4539166666666667,2004,12.1360374,-61.6904045,-18665.464680488094,-3410.6497113572264,2705.0000740650476,0.0,1.916039869738392,11.603835067330033,1.0169990975560343
0.9725,2005,12.1360374,-61.6904045,-18665.151721023994,-3410.618308587306,2704.9714097717556,0.0,1.9659788473940305,11.610533003823237,1.0172905917224724
0.7683333333333334,2006,12.1360374,-61.6904045,-18664.790717828535,-3410.582011849511,2704.9017805022854,0.0,2.0003171622138463,11.61717736634226,1.0174134327001727
0.62525,2007,12.1360374,-61.6904045,-18664.096260340957,-3410.563063193973,2704.9982832099718,0.0,2.045962314605668,11.623786823213376,1.017589164785553
0.51575,2008,12.1360374,-61.6904045,-18638.386965766076,-3370.5888216131984,2589.4898117396697,0.0,-2.753570716404019,11.630521816535554,1.0180673173532366
0.5584166666666667,2009,12.1360374,-61.6904045,-18638.072953519015,-3370.572250494996,2589.4750382241427,0.0,-3.4451492691913383,11.637344213284221,1.0186627689346002
1.188,2010,12.1360374,-61.6904045,-18637.653126808204,-3370.5823297480183,2589.6507745945573,0.0,-3.4451492691913383,11.644295774135127,1.0192113603767905
0.66775,2011,12.1360374,-61.6904045,-18638.55571219969,-3370.4541594831503,2589.745802317667,0.0,-3.4451492691913383,11.65196540763588,1.0184248428004357
0.6219166666666667,2012,12.1360374,-61.6904045,-18640.849500147262,-3370.185726214837,2589.8948030951487,0.0,-3.4451492691913383,11.660586561500558,1.0163518073965836
0.7099166666666666,2013,12.1360374,-61.6904045,-18641.262427018748,-3370.115781632048,2589.9655409835914,0.0,-3.4451492691913383,11.669450466720173,1.0146433062862852
0.6730833333333334,2014,12.1360374,-61.6904045,-18641.326090729122,-3370.1105861804094,2590.023251211728,0.0,-3.3581378922017087,11.678211063706664,1.0129850185987783
0.3839999999999999,1990,16.2528827,-61.5686855,-18396.644369242265,-3282.5204545026454,2211.078053664921,66.66,0.926161851669418,12.878892110959448,0.9568393094289509
0.40375,1991,16.2528827,-61.5686855,-18396.689310772177,-3282.5538850516523,2211.3166731709703,66.66,0.926161851669418,12.891663851476896,0.9557842567321241
0.4665833333333333,1992,16.2528827,-61.5686855,-18396.678379265235,-3282.564056256623,2211.586963872282,66.66,1.0223430082103822,12.90283079867421,0.9538556632792119
0.5575,1993,16.2528827,-61.5686855,-18396.702754028745,-3282.608970841862,2212.316712475929,66.66,1.0756506770307628,12.913445657416593,0.9516619366010871
0.5481666666666667,1994,16.2528827,-61.5686855,-18396.61493150961,-3282.5779923575396,2212.337898312879,66.66,1.1109689628774813,12.923631911531551,0.9493548678584847
0.7020833333333334,1995,16.2528827,-61.5686855,-18372.734470516294,-3304.037826936004,2274.486527433925,66.66,1.18347413484859,12.933464235649986,0.9469307508148761
0.2895833333333333,1996,16.2528827,-61.5686855,-18372.24305267188,-3303.7309144279475,2272.5775201184983,66.66,1.2586030249770508,12.94299984135011,0.9444038618122601
0.6459166666666667,1997,16.2528827,-61.5686855,-18372.357588013467,-3303.6902645413684,2272.486028009945,66.66,1.3285063373524963,12.952319737561822,0.9417762658184144
1.0093333333333334,1998,16.2528827,-61.5686855,-18371.83393107148,-3303.439439264213,2273.704763149035,66.66,2.0793915404297945,12.959795034921047,0.9373940079140758
0.4589166666666666,1999,16.2528827,-61.5686855,-18371.680728725634,-3303.1701214107975,2274.0806754577175,66.66,2.144725878377827,12.961616993665768,0.9273171725402323
0.2848333333333333,2000,16.2528827,-61.5686855,-18371.707809923264,-3303.1746144738263,2273.89439230607,66.66,2.16415026960679,12.957644382477634,0.9182344133785073
0.6070000000000001,2001,16.2528827,-61.5686855,-18170.761322094375,-3323.2397410331196,2335.846903252479,53.328,2.2933526044304395,12.950834568807618,0.9139950103836734
0.6735833333333333,2002,16.2528827,-61.5686855,-18170.103170988357,-3322.856303527541,2333.1432273862556,53.328,2.297954387809351,12.942327207124054,0.9095477386934674
0.80825,2003,16.2528827,-61.5686855,-18170.439716375215,-3323.043103471127,2334.3600433354504,53.328,2.3239746956725162,12.932277355012118,0.9045258769606376
0.4934166666666666,2004,16.2528827,-61.5686855,-18369.88417881381,-3301.9456506234096,2269.662812960849,53.328,2.3202481781995554,12.920553144026512,0.8993534412635552
0.8263333333333334,2005,16.2528827,-61.5686855,-18369.583434183212,-3301.9635637067904,2270.6754393017936,53.328,2.4135807016502135,12.907272317580935,0.8941400286539681
0.7344166666666667,2006,16.2528827,-61.5686855,-18270.40916927951,-3311.801805842832,2302.2591049788193,53.328,2.448043821305214,12.90152965637701,0.8892307837297847
0.8889166666666667,2007,16.2528827,-61.5686855,-18168.839200231756,-3322.2059192020474,2332.96726732296,53.328,2.492436562040771,12.90324670730981,0.8851046252921905
0.3535,2008,16.2528827,-61.5686855,-18167.500475517852,-3322.090358943007,2333.099859261095,53.328,2.617300937820741,12.904443658090322,0.8809438048771361
0.6236666666666667,2009,16.2528827,-61.5686855,-18168.294411828476,-3322.1687001713944,2332.9167006574326,53.328,2.604170070614818,12.905890030731173,0.8761799595575559
1.0895833333333331,2010,16.2528827,-61.5686855,-18168.059341679244,-3322.1407658521002,2333.3589188822,53.328,2.663429333324806,12.906868004071232,0.8714324847595656
0.55425,2011,16.2528827,-61.5686855,-18168.20217634111,-3322.129473578058,2333.417497162348,0.0,2.675809338683991,12.907046616698132,0.8673969937698311
0.69375,2012,16.2528827,-61.5686855,-18168.159378516884,-3322.1054470392282,2333.4940193941966,0.0,2.7165473313561566,12.906654619392436,0.8631612041185255
0.7663333333333333,2013,16.2528827,-61.5686855,-18168.109701874255,-3322.0802074555636,2333.561460829129,0.0,3.0332447978137624,12.905070179351625,0.8580380892566869
0.7333333333333334,2014,16.2528827,-61.5686855,-17981.633869604975,-3340.1240274417473,2398.1022976181816,0.0,3.114252814963915,12.901337582061121,0.8517142936334156
0.6971657172265978,1990,13.4499943,144.7651677,-5546.385910603233,-4368.837928877323,4721.872438158223,0.0,1.0214648301573424,11.836920180080329,1.1144194155158966
0.3038470651284946,1991,13.4499943,144.7651677,-5572.084317411553,-4281.713958411184,4465.009617758177,0.0,0.8104945657789004,11.85466949552054,1.1055308708466107
0.3038470651284946,1992,13.4499943,144.7651677,-5572.063197708871,-4281.691236333536,4464.94241019883,0.0,0.5967684300372328,11.871815952778089,1.0953928111462359
0.3021816338632224,1993,13.4499943,144.7651677,-5572.042190845206,-4281.668635656127,4464.875561718164,0.0,0.5176979551083972,11.888213112840782,1.0855030306504077
0.7062184521794168,1994,13.4499943,144.7651677,-5573.061850432269,-4282.10401176119,4464.44178583248,0.0,0.5067091627541496,11.903906178877419,1.0758052287214626
0.705725342360831,1995,13.4499943,144.7651677,-5573.043326026979,-4282.084081888987,4464.3828370827405,0.0,0.6198127552955145,11.919017043471499,1.0661582511976213
0.3481112659550351,1996,13.4499943,144.7651677,-5571.986711661851,-4281.608947206387,4464.699014701183,0.0,1.0763530463626891,11.933351432551758,1.0567194823790034
0.6632721414597568,1997,13.4499943,144.7651677,-5573.011411391672,-4282.049745855358,4464.281277663142,0.0,1.0495060745601572,11.946848445894878,1.0480936392711637
0.8990459593330427,1998,13.4499943,144.7651677,-5572.998152807174,-4282.035481327539,4464.239085918408,0.0,0.6706050041234524,11.959897133230118,1.0399624251438413
0.8904621096830526,1999,13.4499943,144.7651677,-5572.986850098971,-4282.023321070489,4464.203118204101,0.0,1.014440512556724,11.97285350551836,1.0319944580569844
0.8904621096830526,2000,13.4499943,144.7651677,-5572.9776537190855,-4282.013426951194,4464.173853291795,0.0,0.8970997574801945,11.984097161759378,1.0277862170236467
0.8930798666458899,2001,13.4499943,144.7651677,-5572.970432021998,-4282.0056573360425,4464.150872256363,0.0,1.12968450822252,11.992402826365495,1.028062377580232
0.8957237328437314,2002,13.4499943,144.7651677,-5572.852327184208,-4281.878591754903,4463.775036572758,0.0,1.1160002382693368,11.998820897926377,1.0291206390813206
0.8957237328437314,2003,13.4499943,144.7651677,-5572.854019769463,-4281.8804127584535,4463.780422752938,0.0,1.1160002382693368,12.003870778422792,1.0299927937778
0.8982250888892512,2004,13.4499943,144.7651677,-5572.856765518878,-4281.883366830879,4463.789160334115,0.0,1.318844940756348,12.007639999321952,1.0307454185240217
0.8982250888892512,2005,13.4499943,144.7651677,-5572.859981430862,-4281.886826737629,4463.799394076455,0.0,1.181782408578266,12.010240226708271,1.031379331644944
0.8990061024933336,2006,13.4499943,144.7651677,-5572.863611085908,-4281.890731778577,4463.810944440617,0.0,1.181782408578266,12.011729113508894,1.031870789428226
0.9010449690111322,2007,13.4499943,144.7651677,-5572.867447612487,-4281.894859386626,4463.823153115689,0.0,1.258716638747162,12.012269425992633,1.0319159431728493
0.9010449690111322,2008,13.4499943,144.7651677,-5572.871528623601,-4281.899250028521,4463.836139794566,0.0,1.1817824085782658,12.01202662503966,1.0317233213281365
0.9028701539467646,2009,13.4499943,144.7651677,-5572.875534408704,-4281.903559736929,4463.848887087655,0.0,1.181782408578266,12.011145977068818,1.0313379412490744
0.9028701539467646,2010,13.4499943,144.7651677,-5572.87942735479,-4281.907748045094,4463.861275302069,0.0,1.258716638747162,12.013124829494918,1.0304996675450047
0.9028701539467646,2011,13.4499943,144.7651677,-5572.883000590329,-4281.911592385927,4463.872646126892,0.0,1.3577405537018297,12.01762637088519,1.029415368029011
0.9028701539467646,2012,13.4499943,144.7651677,-5572.885765146244,-4281.914566691727,4463.881443554517,0.0,1.3577405537018297,12.022095719368053,1.0281444643531892
0.9028701539467646,2013,13.4499943,144.7651677,-5572.888209991614,-4281.9171970301895,4463.889223592552,0.0,1.2602151320204076,12.026072392424895,1.026911596981242
1.114127367152719,2014,13.4499943,144.7651677,-5572.448206355544,-4281.944430778467,4464.250767484171,0.0,1.333926805710009,12.028995313719147,1.0256679966146778
0.3603333333333333,1990,15.5855545,-90.345759,-17335.254295333296,-2968.813429793291,1255.5654040526597,16490.76,4.589210505105325,16.02211104377897,0.9977187851904432
0.6369166666666667,1991,15.5855545,-90.345759,-17401.20124179505,-2947.3998538176943,1183.952436230901,16490.76,4.7063106095702105,16.048698090452955,0.9962595637248934
0.4603333333333333,1992,15.5855545,-90.345759,-17427.298572167456,-2933.5958695401264,1173.2633157305793,16490.76,4.711209870958218,16.074836417950458,0.9946822392706975
0.2908333333333333,1993,15.5855545,-90.345759,-17464.45577854954,-2912.598156334488,1082.0996977295608,16490.76,4.772407715362709,16.10113940287858,0.9931934119120056
0.665,1994,15.5855545,-90.345759,-17353.23689043022,-2910.15304791086,1027.5167749487048,16490.76,4.68394716989423,16.12754298404219,0.9921023721694707
0.5853333333333334,1995,15.5855545,-90.345759,-17353.101706499037,-2895.9360316695916,989.3290770845938,16490.76,4.884842263916047,16.153761012872444,0.9913609160910865
0.0649166666666666,1996,15.5855545,-90.345759,-17255.250999900865,-2875.342566055143,980.8839833131036,16490.76,4.801886801642737,16.179406437310018,0.9906426273362071
0.7015833333333333,1997,15.5855545,-90.345759,-17243.386124087632,-2882.2805342567217,965.3293120317174,16490.76,4.911206778911769,16.20476698680718,0.9899551386213862
0.87075,1998,15.5855545,-90.345759,-17120.09609635277,-2790.618258542637,913.4004616751527,16490.76,4.990027742935763,16.229997694095154,0.9893027269055068
0.5341666666666667,1999,15.5855545,-90.345759,-16965.073998866264,-2885.7514235118206,960.9616111046163,16490.76,5.068657630943529,16.254678981678364,0.9886884115722248
0.3128333333333333,2000,15.5855545,-90.345759,-16808.989362670283,-2847.615431553509,975.1304339016077,16490.76,5.114369287683949,16.278162566725992,0.9881071629254644
0.385,2001,15.5855545,-90.345759,-16772.888584488428,-2916.64007706156,979.8081975853485,15822.109,5.162149931185127,16.30118316433262,0.9875658745991914
0.5571666666666667,2002,15.5855545,-90.345759,-16551.837197344394,-2917.7245959972574,972.2649574198332,15822.109,5.278399312590456,16.32428476463061,0.9870528007667624
0.8993333333333333,2003,15.5855545,-90.345759,-16614.966371850678,-2840.298494288983,1003.5886487140378,15822.109,5.298036827200554,16.346863675228022,0.9865262974246359
0.6965,2004,15.5855545,-90.345759,-16458.242005902786,-2934.1593273642175,1066.7059825571184,15822.109,5.280131501587,16.369044001129698,0.9859748770049328
0.85475,2005,15.5855545,-90.345759,-16288.114662863398,-2898.6683332569787,1056.376233721995,15822.109,5.384678073564531,16.390624617816133,0.9854284461645451
0.6215,2006,15.5855545,-90.345759,-16286.392063827561,-2938.2731684631285,1116.9071007594637,15822.109,5.399654348639818,16.411690657508835,0.984881203749909
0.5309166666666666,2007,15.5855545,-90.345759,-16079.040148432512,-2936.1806118766062,1083.2708464514187,15822.109,5.336219422193001,16.43265862288014,0.9843441363457637
0.2048333333333333,2008,15.5855545,-90.345759,-16014.85539551888,-2948.1989571146655,1085.5170973731958,15822.109,5.159959488013754,16.45309902361257,0.9838339565106083
0.7509166666666668,2009,15.5855545,-90.345759,-16364.40463266192,-2882.740834897691,951.7521537072682,15822.109,5.2916023713476505,16.47292766774955,0.9833509862571467
0.51,2010,15.5855545,-90.345759,-15846.865560893195,-2943.362767570814,1083.9243343829,15822.109,5.328423591741826,16.49262872504029,0.9829170328730881
0.5441666666666667,2011,15.5855545,-90.345759,-15808.243734502916,-2945.0803116873394,1085.8058023354017,8846.9404,5.270923559013242,16.51239559326673,0.9825432472698262
0.5564166666666667,2012,15.5855545,-90.345759,-15672.511512281153,-2944.019067722545,1046.3716818938374,8846.9404,5.31987482577464,16.532078116508774,0.9822268809842799
0.607,2013,15.5855545,-90.345759,-15560.138036957425,-2938.839233195538,1058.189746858528,8846.9404,5.407018844969253,16.551348479304682,0.9819579136642572
0.6323333333333333,2014,15.5855545,-90.345759,-15379.71745458405,-2958.7721301997085,1131.2905595991406,8846.9404,5.474390274469234,16.570046046825645,0.9817440443280372
0.6991666666666667,1990,10.7226226,-10.7083587,-18361.620941613826,-2714.0451041395127,1644.8545897622223,9877.472,3.7904698718754117,15.664617913821916,0.9664902725324963
0.65075,1991,10.7226226,-10.7083587,-18344.031939303895,-2695.0331078098343,1581.3387303203463,9877.472,4.218150902782949,15.704961460469923,0.9690238357858821
0.3783333333333333,1992,10.7226226,-10.7083587,-18328.184340359723,-2676.6537673253656,1520.2468621721082,9877.472,4.381964132720675,15.73715655619779,0.9712278766136587
0.6376666666666666,1993,10.7226226,-10.7083587,-18313.814545221365,-2658.378497556884,1456.963024053705,9877.472,4.452718062796414,15.767984404464688,0.9733478480414246
0.44125,1994,10.7226226,-10.7083587,-18295.985509594273,-2639.3195623763168,1390.191179408328,9877.472,4.505506744474758,15.798181253586042,0.9752190264349424
0.5317500000000001,1995,10.7226226,-10.7083587,-18278.11242772124,-2622.727635826793,1322.7293210126647,9877.472,4.525916999893687,15.826184247481269,0.9771444985095331
0.7951666666666667,1996,10.7226226,-10.7083587,-18261.028323620252,-2607.4695603449595,1271.7552570258724,9877.472,4.607265988259444,15.854535752004699,0.9792902845698838
0.7788333333333334,1997,10.7226226,-10.7083587,-18243.597930303833,-2582.5787614323913,1204.4518346715333,9877.472,4.522353634765159,15.875107108950614,0.977106787848873
1.1455833333333334,1998,10.7226226,-10.7083587,-18227.884004850228,-2536.4217078362226,1119.010879552086,9877.472,4.393250906195189,15.89401979017867,0.9741712911538605
0.5744166666666667,1999,10.7226226,-10.7083587,-18209.876647650413,-2527.1043397808176,1063.1776953523708,9877.472,4.569071394561967,15.916578675279839,0.9739719762473246
0.6186666666666666,2000,10.7226226,-10.7083587,-18187.732215298252,-2519.1491345651793,990.4600336849061,9877.472,4.644604337900161,15.93621003912655,0.9721412945359855
0.8650000000000001,2001,10.7226226,-10.7083587,-18204.437358679203,-2569.847119146995,1080.4532996555824,10295.6957,4.607434620220589,15.9491700069291,0.9663408258256303
1.11925,2002,10.7226226,-10.7083587,-18184.48728840164,-2548.6479635768824,995.0153493478911,10295.6957,4.628540949711307,15.964686745948084,0.9624258724465016
0.959,2003,10.7226226,-10.7083587,-18165.162863868132,-2523.31144253982,916.0622892928396,10295.6957,4.6134180784159655,15.98710445786484,0.9630405477377354
1.0941666666666665,2004,10.7226226,-10.7083587,-18139.692818878288,-2503.669398231646,839.4905040287266,10295.6957,4.697316274421587,16.008396738049722,0.9627886591129968
1.2321666666666666,2005,10.7226226,-10.7083587,-18115.950777111346,-2474.134382560293,741.7159865136285,10295.6957,4.88561689622173,16.028183416000253,0.9612985265123912
1.0071666666666668,2006,10.7226226,-10.7083587,-18092.749217677454,-2445.2144139867396,651.4040306661481,10295.6957,5.038188850930452,16.04881255878999,0.9601111537559033
0.9925,2007,10.7226226,-10.7083587,-18069.431849461824,-2424.556787362521,567.1675770406863,10295.6957,5.219201645756036,16.07174601128481,0.960163661087355
1.129,2008,10.7226226,-10.7083587,-18057.15105486648,-2412.5099562099413,518.948223052043,10295.6957,5.11563294392624,16.095828058129275,0.9606708448451767
0.9390833333333334,2009,10.7226226,-10.7083587,-18014.991384440324,-2360.1897620058817,350.3588178230605,10295.6957,5.195098999295567,16.120225680833162,0.9612159107588434
1.3235833333333331,2010,10.7226226,-10.7083587,-17759.248660892194,-1986.6576647635077,-747.2938782354732,10295.6957,5.425567447977333,16.144808368104304,0.9617961981285369
0.9748333333333332,2011,10.7226226,-10.7083587,-17713.613041570483,-1924.3370983057907,-942.0074447567912,10152.7727,5.454510958209177,16.169521576549965,0.9624938670388945
0.6513333333333333,2012,10.7226226,-10.7083587,-17681.101666728384,-1883.069052230148,-1081.863982119295,10152.7727,5.266785418934874,16.194009106531215,0.9630737273591401
1.02725,2013,10.7226226,-10.7083587,-17651.085922377406,-1849.7959253952124,-1198.7184276168641,10152.7727,5.07466431045831,16.218432267944195,0.9636259327082419
0.8831666666666668,2014,10.7226226,-10.7083587,-17618.52173803136,-1812.6045751083702,-1320.1734148694843,10152.7727,5.102053059791298,16.243261676261113,0.9644779498674761
0.9863333333333334,1990,11.815215,-15.2351044,-18114.52321044111,-3368.084562200511,2194.55676650633,1489.136,2.3031549306057504,13.788704463543768,0.9483157490273931
0.7920833333333334,1991,11.815215,-15.2351044,-18113.273940574494,-3366.982769006499,2191.101869681283,1489.136,3.010073938469625,13.809347605928862,0.9483590440287082
0.6828333333333334,1992,11.815215,-15.2351044,-18111.93794329722,-3364.9820724267684,2184.505055690327,1489.136,3.168260195550643,13.838156198888132,0.9485444549849702
0.90425,1993,11.815215,-15.2351044,-18111.551991083605,-3364.829087492214,2182.820745698145,1489.136,3.222325866624049,13.870719127648577,0.9489236999933607
0.6933333333333334,1994,11.815215,-15.2351044,-18110.335332476658,-3363.7509948887446,2178.760197156363,1489.136,3.198775153161198,13.901336816311474,0.9494451074092429
0.8499166666666667,1995,11.815215,-15.2351044,-18097.056080136164,-3361.5425528351993,2162.6083733774744,1489.136,3.1917882466357774,13.926356700023486,0.9500301958717181
1.0127499999999998,1996,11.815215,-15.2351044,-18097.645099609694,-3378.37693946915,2174.361413641363,1489.136,3.1544055680672334,13.947068504624605,0.9506974325997578
1.06175,1997,11.815215,-15.2351044,-18097.987798569273,-3377.6475631638395,2177.433680023609,1489.136,3.1125770914439204,13.966034382983464,0.9514161680868637
1.5576666666666668,1998,11.815215,-15.2351044,-18075.456711908584,-3365.1956100767306,2152.1469091287604,1489.136,2.8282008022326717,13.984469058844402,0.951333303669572
0.7833333333333333,1999,11.815215,-15.2351044,-18072.32576770611,-3350.767689944113,2134.7376320560793,1489.136,3.1295942365341123,14.003213442738465,0.9507381914430911
0.9849166666666668,2000,11.815215,-15.2351044,-18069.72754154407,-3360.794217948348,2131.6240956798283,1489.136,2.8615549580804984,14.023214733142279,0.9509446044454025
1.33075,2001,11.815215,-15.2351044,-18070.193434407905,-3366.0641523363056,2135.0006286535026,1492.304,2.6616641447483405,14.044540748967156,0.9517200058363162
1.263,2002,11.815215,-15.2351044,-18069.538360859733,-3360.583030228624,2131.665897989785,1492.304,2.606342265902498,14.066795985824672,0.9525899578857524
0.9340833333333332,2003,11.815215,-15.2351044,-18069.190764053244,-3358.5369704883124,2131.7050400403614,1492.304,2.7773523580888035,14.089843678286742,0.9536074054715434
1.26,2004,11.815215,-15.2351044,-18067.53613541988,-3352.871142739057,2128.9936154818115,1492.304,2.8839791464031226,14.113397136884656,0.9547451229652719
1.4223333333333332,2005,11.815215,-15.2351044,-18067.28352795581,-3352.4495636522074,2127.838748943852,1492.304,2.9015479597246494,14.137386064489924,0.9559410600570459
1.0137500000000002,2006,11.815215,-15.2351044,-18065.11006927278,-3344.2002585997056,2117.448705652133,1492.304,3.067457409005919,14.16199818697133,0.9571855454503932
1.10175,2007,11.815215,-15.2351044,-18061.63126334973,-3342.5083799677345,2107.2505709974726,1492.304,3.1656944333570896,14.187468519367512,0.9585279837546784
1.3821666666666663,2008,11.815215,-15.2351044,-18056.45322534493,-3345.869356834746,2093.7252350392064,1492.304,3.0616370484417095,14.213233774820374,0.9598763318814092
0.7817500000000001,2009,11.815215,-15.2351044,-18052.48194311585,-3344.9058675297524,2080.8363733225187,1492.304,3.091115177986543,14.238943277422889,0.9611379568502008
1.40125,2010,11.815215,-15.2351044,-18047.375814260326,-3336.548308337062,2060.34101472675,1492.304,3.0431023823027776,14.264814545216414,0.9623401519315744
0.90425,2011,11.815215,-15.2351044,-18047.209044440446,-3342.999427469609,2066.0646362273214,1492.128,3.047451477229303,14.291133369989716,0.9635603913901967
0.9111666666666666,2012,11.815215,-15.2351044,-18029.481824040962,-3319.788219156254,2023.0489940799926,1492.128,3.093489457001368,14.317931158274357,0.964841971360467
1.0623333333333334,2013,11.815215,-15.2351044,-18023.023775052905,-3322.8239500911454,2003.8339042939986,1492.128,3.12088365173291,14.34481558100509,0.9661171620314879
1.1906666666666668,2014,11.815215,-15.2351044,-18073.038699887118,-3336.5613817054136,2085.114417975098,1492.128,3.4342355607389528,14.371295589340592,0.9673797859626433
0.6222500000000001,1990,4.8417097,-58.6416891,-18191.142148038216,-2695.594609542161,2415.5551367368366,4015.6997,5.378443301527316,13.523977078356328,0.9795216507738003
0.1454166666666666,1991,4.8417097,-58.6416891,-18165.754637811722,-2659.8523604908687,2311.381173474677,4015.6997,5.3364841591374805,13.519925337749347,0.9787787404464442
0.0771818181818182,1992,4.8417097,-58.6416891,-18147.8762306352,-2649.559081566517,2272.710355489698,4015.6997,5.153681114000928,13.521138155078917,0.9796481270377781
0.3578333333333334,1993,4.8417097,-58.6416891,-18034.38076203072,-2326.7837062324984,2210.2953470853668,4015.6997,5.167278864089203,13.524073444160997,0.9816708659329001
0.4406666666666667,1994,4.8417097,-58.6416891,-18099.33517549625,-2324.5422121353613,2235.4251290210773,4015.6997,5.989720026316065,13.527222968890968,0.9836763643388902
1.0424166666666668,1995,4.8417097,-58.6416891,-17981.09629674072,-2122.645087043802,2073.7398594584115,4015.6997,6.124172538330594,13.530077953561083,0.9856482838961225
0.5704166666666667,1996,4.8417097,-58.6416891,-17971.635873976218,-2023.4246163306666,2086.901186323874,4015.6997,6.274738668803548,13.53257851955055,0.9875221217931642
0.8988333333333333,1997,4.8417097,-58.6416891,-17939.744725957044,-1961.8868169220648,1989.5189186121722,4015.6997,6.381248343619464,13.534751135251183,0.9892426385563431
1.3043333333333331,1998,4.8417097,-58.6416891,-17973.137590763366,-1989.533454987637,2109.08227943596,4015.6997,6.296433585230986,13.536718188091696,0.9909306657685912
0.44175,1999,4.8417097,-58.6416891,-17953.376408327742,-1918.0908936177004,2064.2545915666974,4015.6997,6.498219195687657,13.538457134110939,0.9927337541306399
0.5521666666666666,2000,4.8417097,-58.6416891,-17990.622853369077,-1961.2173972576288,2217.332344843412,4015.6997,6.403210721289155,13.539825565229927,0.9945816264055056
0.9260833333333331,2001,4.8417097,-58.6416891,-17984.858904733985,-1938.695745218139,2186.813597800254,4701.7459,6.4271299991985895,13.540822364887935,0.9963924527905285
1.0420833333333337,2002,4.8417097,-58.6416891,-17999.603697083858,-1959.3130227056433,2256.989448918783,4701.7459,6.37915104820825,13.541498621975594,0.9981682478778482
0.97575,2003,4.8417097,-58.6416891,-17967.56727205958,-1925.6502114077991,2149.9891133222072,4701.7459,6.348023684341377,13.541812912670771,0.998460220614125
0.9616666666666666,2004,4.8417097,-58.6416891,-17970.552716560826,-1783.5787362435526,2258.7213378197666,4701.7459,6.4116758930430855,13.541631451433943,0.9971739986868023
1.25825,2005,4.8417097,-58.6416891,-17993.099622161375,-1802.2771860326895,2329.1612873046174,4701.7459,6.345442482386263,13.540690744202765,0.9958098210438932
1.0150833333333331,2006,4.8417097,-58.6416891,-17996.846880925095,-1811.7750770786802,2346.2115433053705,4701.7459,6.20475087523437,13.538922716318018,0.9944954369723589
0.98225,2007,4.8417097,-58.6416891,-18010.933762734785,-1805.1040733530663,2330.3595720481553,4701.7459,6.341256608260641,13.536486893083135,0.9932287522461045
0.5884166666666667,2008,4.8417097,-58.6416891,-17997.160179055478,-1785.9859045008152,2272.4381872233043,4701.7459,6.261381754614871,13.533346566196398,0.9919860958498858
1.1939166666666667,2009,4.8417097,-58.6416891,-17988.442211776553,-1778.0000068502584,2246.779873974686,4701.7459,6.273404791771341,13.529503082591804,0.9907439549519709
1.098,2010,4.8417097,-58.6416891,-17981.368702162243,-1769.689658458994,2216.8435622566103,4701.7459,6.195277867529259,13.525066006712386,0.9894586204970381
0.9739166666666668,2011,4.8417097,-58.6416891,-17972.430250141646,-1760.894229708454,2177.205732875598,12376.3589,6.313924424713207,13.520105405826317,0.9881124111770049
0.9245833333333334,2012,4.8417097,-58.6416891,-17968.140020392988,-1762.0409774381988,2158.973967894082,12376.3589,6.200663117568031,13.51975061384627,0.9867437544229768
0.9080833333333334,2013,4.8417097,-58.6416891,-17944.253316156348,-1730.3440901596073,2063.7121018531802,12376.3589,6.035090925664867,13.524383893043131,0.9824964855043633
1.0938333333333332,2014,4.8417097,-58.6416891,-17923.80772864318,-1702.1574090468398,1976.5242806389763,12376.3589,6.148888506762002,13.529314048184316,0.9756617848199819
0.6740833333333334,1990,19.1399952,-72.3570972,-18076.027657429047,-2907.2467607054873,1168.7789484604236,207.8648,2.6552329390480636,15.750696262331891,0.9781293586396146
0.7486666666666667,1991,19.1399952,-72.3570972,-18049.520155548547,-2903.950083288166,1153.7760571604535,207.8648,2.6552329390480636,15.770812890624118,0.9792161513536769
0.6516666666666667,1992,19.1399952,-72.3570972,-18063.458195503576,-2900.2282799448026,1128.5100406588083,207.8648,2.7065023371119215,15.7903941784878,0.9801416479093427
0.4698333333333333,1993,19.1399952,-72.3570972,-18122.749977270156,-2899.73414357259,1122.9330672923106,207.8648,2.7174591312990755,15.809658337618075,0.9810715241160886
1.2094166666666666,1994,19.1399952,-72.3570972,-18162.00951040218,-2895.8469889167604,1110.3948599484431,207.8648,1.255587547043436,15.828557323397206,0.9820072676246516
1.1434166666666667,1995,19.1399952,-72.3570972,-18150.197029485058,-2893.4235502257743,1107.882558443141,207.8648,2.875720506119019,15.84724670315142,0.9828842630733766
0.6096666666666667,1996,19.1399952,-72.3570972,-18142.900566928216,-2891.042696973916,1101.2091978961591,207.8648,2.9903427762695527,15.865857167298287,0.9836176428918781
1.227666666666667,1997,19.1399952,-72.3570972,-18122.124747741444,-2872.8884914015393,1047.1294779339628,207.8648,3.191015299737391,15.88429198195185,0.9842835124790295
1.2644166666666667,1998,19.1399952,-72.3570972,-18132.549488476267,-2878.362689699822,1050.7852922949626,207.8648,3.2986994316178055,15.902535274557403,0.9848913860610614
1.042,1999,19.1399952,-72.3570972,-18112.144259303896,-2869.9625457801762,1032.4182495117923,207.8648,3.3949210600306694,15.920734484071051,0.9853838996760819
0.89075,2000,19.1399952,-72.3570972,-18080.724571914598,-2863.940037934883,1009.2057593651125,207.8648,3.4251026925419343,15.93899589857431,0.9857889272444098
0.8138333333333333,2001,19.1399952,-72.3570972,-17998.513501247548,-2870.331195360385,1030.8722086284213,207.2246,3.5201885760896166,15.956955417680811,0.9861420613138359
0.9666666666666668,2002,19.1399952,-72.3570972,-17950.66353182052,-2869.9760405571114,1034.015205096214,207.2246,3.5904007598652306,15.974403786545427,0.9864341134161508
1.1811666666666667,2003,19.1399952,-72.3570972,-17941.72743407712,-2869.6423344730265,1037.6889771177716,207.2246,3.663212867364686,15.99165278951379,0.9866589595219346
0.9156666666666666,2004,19.1399952,-72.3570972,-17936.15773616532,-2870.1022340988507,1046.1015292091265,207.2246,3.655395056796586,16.00844706576855,0.9869217544617379
0.9971666666666666,2005,19.1399952,-72.3570972,-17921.3328563092,-2866.423620898596,1042.1411226324842,207.2246,3.705542353697963,16.025091919256454,0.9870957316449523
1.0326666666666666,2006,19.1399952,-72.3570972,-17919.002309317333,-2862.8023685825387,1034.6684380249835,207.2246,3.7276866202299663,16.041893533766547,0.9870800933851339
1.0493333333333337,2007,19.1399952,-72.3570972,-17909.309352293298,-2854.5985209256755,1013.1908632128085,207.2246,3.968613146720721,16.05843332848332,0.9870268227210727
0.6274166666666666,2008,19.1399952,-72.3570972,-17901.71333572462,-2854.4259538787173,1013.8129261210617,207.2246,3.968613146720721,16.07469188904291,0.9869487293297816
0.8724999999999999,2009,19.1399952,-72.3570972,-17892.290281066842,-2847.649421255347,995.1328601241725,207.2246,3.908884084165298,16.090790022413366,0.9868427769217921
0.9873333333333332,2010,19.1399952,-72.3570972,-17890.935575099676,-2841.973501170956,978.9993700702888,207.2246,4.065118271359187,16.102258909131972,0.9876025239204812
0.6415833333333333,2011,19.1399952,-72.3570972,-17973.314276883742,-2830.527813382873,946.9647279956115,785.7049,4.062232787250479,16.11351648255163,0.9882484509367084
0.8000833333333333,2012,19.1399952,-72.3570972,-17955.575386099856,-2829.2506613637006,944.8920578571635,785.7049,3.647442687326597,16.128891070168265,0.9879230478025949
1.2063333333333333,2013,19.1399952,-72.3570972,-17933.569972297264,-2827.8377584235027,942.241456380278,785.7049,3.7316467552976764,16.14388093465881,0.9875473294454814
1.2173333333333334,2014,19.1399952,-72.3570972,-17892.277167340137,-2832.8222284385347,962.1643253383434,785.7049,4.093587609138721,16.15854071044749,0.9870824027101173
0.9055833333333334,1990,30.034098800664776,-95.81166865095464,-16751.93262912476,-1278.7019463921831,-4569.50586844096,0.0,-2.988955289274967,6.565264970035361,0.918918918918919
-0.0980833333333333,1991,30.034098800664776,-95.81166865095464,-16746.939106134625,-1271.1262877723373,-4591.388240400186,0.0,-2.988955289274967,6.536691597591305,0.9166666666666666
0.7731666666666666,1992,30.034098800664776,-95.81166865095464,-16752.308721228786,-1278.7047193660524,-4569.214063594921,0.0,-2.988955289274967,6.536691597591305,0.9166666666666666
0.5644166666666667,1993,30.034098800664776,-95.81166865095464,-16752.343227701356,-1278.7010143166983,-4569.2254461825105,0.0,-2.988955289274967,6.536691597591305,0.9166666666666666
1.4445,1994,30.034098800664776,-95.81166865095464,-16748.06336346173,-1272.1893467057637,-4588.034244470295,0.0,-2.988955289274967,6.507277712385012,0.9142857142857143
0.2671666666666666,1995,30.034098800664776,-95.81166865095464,-16738.31224504222,-1262.5781432196611,-4619.447956938387,0.0,-2.988955289274967,6.507277712385012,0.9142857142857143
0.2451666666666666,1996,30.034098800664776,-95.81166865095464,-16738.309430058594,-1262.5783960098934,-4619.44701804405,0.0,-2.988955289274967,6.507277712385012,0.9142857142857143
0.8895833333333334,1997,30.034098800664776,-95.81166865095464,-16748.017517396092,-1272.194494095788,-4588.020106152125,0.0,-2.988955289274967,6.492239835020471,0.9411764705882353
0.77825,1998,30.034098800664776,-95.81166865095464,-16747.99754532533,-1272.1965041052083,-4588.0139496784095,0.0,-2.988955289274967,6.492239835020471,0.9411764705882353
0.9265,1999,30.034098800664776,-95.81166865095464,-16747.97317234512,-1272.198985013275,-4588.006504249055,0.0,-2.988955289274967,6.476972362889683,0.9117647058823529
1.307583333333333,2000,30.034098800664776,-95.81166865095464,-16747.985102304552,-1272.1977837011136,-4588.009994492106,0.0,-2.988955289274967,6.476972362889683,0.9117647058823529
1.13075,2001,30.034098800664776,-95.81166865095464,-16747.94315617719,-1272.2020384529237,-4587.997321659262,0.0,-2.988955289274967,6.476972362889683,0.9117647058823529
1.01025,2002,30.034098800664776,-95.81166865095464,-16747.930271914818,-1272.2033393820257,-4587.993303390607,0.0,-2.988955289274967,6.461468176353717,0.9393939393939394
1.39225,2003,30.034098800664776,-95.81166865095464,-16747.903471532085,-1272.2060732555128,-4587.9852913135155,0.0,-2.988955289274967,6.461468176353717,0.9393939393939394
0.62725,2004,30.034098800664776,-95.81166865095464,-16747.879880184424,-1272.2084737381717,-4587.978137657249,0.0,-2.988955289274967,6.461468176353717,0.9393939393939394
0.2354999999999999,2005,30.034098800664776,-95.81166865095464,-16738.160999384665,-1262.5934791508942,-4619.401940932737,0.0,-2.988955289274967,6.429719478039138,0.9375
0.8438333333333333,2006,30.034098800664776,-95.81166865095464,-16747.917481921508,-1272.20461216961,-4587.989230934029,0.0,-2.988955289274967,6.429719478039138,0.9375
1.0889166666666668,2007,30.034098800664776,-95.81166865095464,-16747.913679477693,-1272.2049821804724,-4587.988027967466,0.0,-2.988955289274967,6.429719478039138,0.9375
1.066,2008,30.034098800664776,-95.81166865095464,-16747.942894966098,-1272.2019625721362,-4587.996568883222,0.0,-2.988955289274967,6.413458957167357,0.967741935483871
1.0810000000000002,2009,30.034098800664776,-95.81166865095464,-16748.005742812,-1272.195499754078,-4588.014924713927,0.0,-2.988955289274967,6.396929655216146,0.9354838709677419
0.67925,2010,30.034098800664776,-95.81166865095464,-16747.981268258533,-1272.1979627526234,-4588.007538529333,0.0,-2.988955289274967,6.396929655216146,0.9354838709677419
1.1900000000000002,2011,30.034098800664776,-95.81166865095464,-16747.995876149183,-1272.1964552073114,-4588.011831422708,0.0,-2.988955289274967,6.380122536899765,0.9032258064516129
1.3521666666666663,2012,30.034098800664776,-95.81166865095464,-16752.89929847266,-1271.590901522197,-4605.315860447725,0.0,-2.988955289274967,6.363028103540465,0.9333333333333333
0.952,2013,30.034098800664776,-95.81166865095464,-16752.933732788406,-1271.5873575751204,-4605.3259941497345,0.0,-2.988955289274967,6.363028103540465,0.9333333333333333
1.4106666666666667,2014,30.034098800664776,-95.81166865095464,-16753.383659877123,-1271.8695952329654,-4603.409996311842,0.0,-2.988955289274967,6.345636360828596,0.9
0.3346666666666666,1990,15.2572432,-86.0755145,-17859.912740287593,-3086.3919237260047,1512.3319858033767,5534.1368,3.8768496108202606,15.435538992325105,1.0207302204145485
0.5071666666666667,1991,15.2572432,-86.0755145,-17841.63992377316,-3083.7251362286825,1506.455523743726,5534.1368,3.9781271752978564,15.463570542863607,1.020678475791579
0.4894166666666666,1992,15.2572432,-86.0755145,-17865.049982408527,-3079.600692531738,1505.8943238777836,5534.1368,4.127821245876367,15.491629819040336,1.0206244730842953
0.1671666666666666,1993,15.2572432,-86.0755145,-17842.26423627847,-3082.992879667523,1529.8964735850045,5534.1368,4.207488706692968,15.519683939633667,1.0205709446159241
0.8449166666666668,1994,15.2572432,-86.0755145,-17866.55287338395,-3071.4083196492616,1486.9597273926831,5534.1368,4.280909879291668,15.547685083473269,1.0205420035021238
0.88125,1995,15.2572432,-86.0755145,-17803.811948026338,-3072.4489462027386,1494.333593084132,5534.1368,4.3496480606098595,15.575578273492933,1.020562506474122
0.0091666666666666,1996,15.2572432,-86.0755145,-17684.14742149073,-3085.94886769683,1522.828183495474,5534.1368,4.413643996239169,15.603353869045112,1.020624638875262
0.8565833333333334,1997,15.2572432,-86.0755145,-17642.29012702942,-3067.573518907723,1516.099078569685,5534.1368,4.4737884811282616,15.631004782810162,1.0207424909275447
0.978,1998,15.2572432,-86.0755145,-17713.618827471848,-3047.6169169356817,1494.8154020302195,5534.1368,4.530806488831826,15.657414511950718,1.021255333457862
0.3135,1999,15.2572432,-86.0755145,-17696.496103727506,-3071.182550576234,1528.7361494716633,5534.1368,4.604162678622951,15.683824195443453,1.021759615459646
0.1405833333333333,2000,15.2572432,-86.0755145,-17577.50498442693,-3071.7882632897076,1535.1203574588492,5534.1368,4.672752196011237,15.711138029606177,1.0219283684636564
0.4840833333333333,2001,15.2572432,-86.0755145,-17564.176482554398,-3097.0530433315294,1543.908181129022,5356.8944,4.736937648802753,15.737985521393611,1.0220762099879228
0.7933333333333333,2002,15.2572432,-86.0755145,-17587.375533478156,-3083.9892527581183,1497.3108133278354,5356.8944,4.797007986033482,15.764260528050992,1.0222685832956673
0.5259166666666667,2003,15.2572432,-86.0755145,-17521.49230654295,-3025.215056278637,1423.3541365396768,5356.8944,4.853902728513096,15.789852799866445,1.0225241923389943
0.5879166666666666,2004,15.2572432,-86.0755145,-17462.99794505148,-3079.803338537882,1448.9450156034031,5356.8944,4.907733974358117,15.814745743164172,1.022696621271963
0.9678333333333334,2005,15.2572432,-86.0755145,-17458.512483711136,-3034.5892208553796,1403.4913741904948,5356.8944,4.958628060704367,15.838991879448075,1.0228550157999323
0.6433333333333333,2006,15.2572432,-86.0755145,-17361.20258098895,-3072.4116966054576,1427.489656982571,5356.8944,5.007234852475634,15.86258385461138,1.0230578232198726
0.7473333333333333,2007,15.2572432,-86.0755145,-17335.58224982781,-3066.3670814796797,1426.708789488855,5356.8944,5.053588136746251,15.885464988987898,1.0232496744708555
0.5579166666666667,2008,15.2572432,-86.0755145,-17343.86496029826,-3061.0736013727496,1407.8306757804908,5356.8944,5.097708613611852,15.907594101727552,1.0234215842711252
0.9036666666666666,2009,15.2572432,-86.0755145,-17367.790227562804,-3048.5031229821843,1386.7140965590472,5356.8944,5.1401354890171875,15.92902774866397,1.0235465505013701
0.61375,2010,15.2572432,-86.0755145,-17395.597042391815,-3047.117340989626,1369.256233690486,5356.8944,5.180835910411978,15.949787407439342,1.0235939370719793
0.8318333333333333,2011,15.2572432,-86.0755145,-17326.29440543195,-3033.978505073532,1359.43630233082,5897.8668,5.219801076639264,15.96988620367119,1.0235373218918566
0.67975,2012,15.2572432,-86.0755145,-17229.411774032546,-3061.9466861130086,1382.2271513657015,5897.8668,5.257442245616598,15.989394402952554,1.023387657066638
0.9331666666666668,2013,15.2572432,-86.0755145,-17286.46771342008,-3036.4703570614975,1334.4089001433888,5897.8668,5.293718307068081,16.008354108155757,1.02315324600846
0.6271666666666667,2014,15.2572432,-86.0755145,-17273.72682106648,-3024.6665348558627,1312.6436773144849,5897.8668,5.328582230149196,16.026840299216083,1.0229101542805283
0.9603333333333332,1990,47.1817585,19.5060937,-9262.69769739768,-1439.0401086184247,4733.183743612037,0.0,7.936438436580473,16.155004944839074,0.9238257993916283
-0.2454166666666666,1991,47.1817585,19.5060937,-11525.49254946505,-964.6506593003107,3371.2477160217604,0.0,7.734617766503327,16.154885334629423,0.9223108163969777
1.07,1992,47.1817585,19.5060937,-12868.120013046766,-869.6754723991601,3204.549874820228,0.0,7.4615540091673225,16.1544333661099,0.9206215591763786
0.2834166666666666,1993,47.1817585,19.5060937,-12246.125877508022,-963.9560142001365,3534.765427019886,0.0,7.367464729515804,16.15321382558141,0.9187007457935071
1.6819166666666667,1994,47.1817585,19.5060937,-11343.255148253655,-1082.6778743422474,3913.277684288383,0.0,7.404494797759074,16.151765795861518,0.9167687992342143
0.4944166666666666,1995,47.1817585,19.5060937,-11917.239974557117,-1038.5694082977082,3835.410992739674,0.0,7.341172008540783,16.15028874738843,0.9149550965490949
-0.4623333333333333,1996,47.1817585,19.5060937,-11409.866854615235,-1088.3544976277374,3982.708097244673,0.0,7.4726979396196915,16.148456849640322,0.913461729440056
0.1663333333333333,1997,47.1817585,19.5060937,-11438.166394789445,-1081.9097444040744,3989.9557381516684,0.0,7.465882588254056,16.14631569338304,0.9121845339442675
0.6420833333333335,1998,47.1817585,19.5060937,-11840.577396769415,-1040.1516641757664,3865.482262599406,0.0,7.501453602214717,16.14385764277836,0.910723080942408
0.8977499999999999,1999,47.1817585,19.5060937,-11904.340406910254,-1028.1272643812695,3839.9719434965737,0.0,7.510064096245714,16.14086025980189,0.9092655092665171
1.9316666666666664,2000,47.1817585,19.5060937,-11255.573225812761,-1084.762496042988,4035.5513615277796,0.0,7.430401819597572,16.138099728550262,0.9079632443204643
0.8340833333333334,2001,47.1817585,19.5060937,-10929.861806838408,-1115.7960990287002,4073.264270347229,0.0,7.351328430173713,16.135734664820298,0.9068393033954367
1.6987500000000002,2002,47.1817585,19.5060937,-7550.76986707024,-1454.1535660988143,5029.6141203402285,0.0,7.384127895600548,16.13282671409601,0.9058069415730249
0.8485833333333334,2003,47.1817585,19.5060937,-8334.343006239655,-1122.8082352079393,4011.286730176456,0.0,7.311747235869011,16.129832800341614,0.9048845733361874
0.5651666666666667,2004,47.1817585,19.5060937,-7903.830217786815,-1156.9144627229707,4049.9053459096795,0.0,7.274317730018488,16.127500486521328,0.9041996931622492
0.1633333333333333,2005,47.1817585,19.5060937,-8912.701630469928,-1184.981447890361,4210.362346481444,0.0,7.240185715666303,16.125421253094093,0.9041100965501546
0.8854166666666666,2006,47.1817585,19.5060937,-9436.414204435085,-1154.8250912842198,4127.530136955152,0.0,7.240997877360291,16.123785731700522,0.904227806096028
1.88625,2007,47.1817585,19.5060937,-9103.9134228073,-1198.8341567251568,4268.937167778431,0.0,7.127184902195319,16.12220429889284,0.9041199668069433
1.734,2008,47.1817585,19.5060937,-9491.766573069248,-1088.8875144292983,3930.362691376342,0.0,7.19909684730349,16.120443991447125,0.9041685734927335
1.5214166666666669,2009,47.1817585,19.5060937,-10440.151712141087,-901.8240732626921,3425.6128347057693,0.0,7.052147182179974,16.11895328308673,0.9044891619953125
0.5888333333333333,2010,47.1817585,19.5060937,-10476.626714958447,-958.4379840497746,3594.7295341470467,0.0,7.1568055348470105,16.116777182160202,0.9048213409362228
1.2088333333333334,2011,47.1817585,19.5060937,-10495.546986546711,-999.7879767276576,3713.725774655539,44.257,7.133658219677281,16.11340908614925,0.9060331277403462
1.4755833333333337,2012,47.1817585,19.5060937,-10198.515052630752,-974.9763194170432,3609.95869132451,44.257,6.899266652318702,16.110277871599955,0.9076207724592459
1.3557499999999998,2013,47.1817585,19.5060937,-10014.862228233134,-969.8958434632304,3582.6570392126678,44.257,7.261732898409663,16.107503754345846,0.9084924155160002
2.30275,2014,47.1817585,19.5060937,-9619.952031066548,-987.2103307985569,3614.112319847856,44.257,7.338737440223958,16.10479772415301,0.90946236330266
0.1500833333333332,1990,64.9841821,-18.1059013,-17002.0984934047,-3193.1245189064844,3044.5319409009035,0.0,6.598142067559572,12.449093331168767,1.0078022895113925
0.8629166666666667,1991,64.9841821,-18.1059013,-17041.527607361957,-3188.25171878508,3037.1879976196474,0.0,6.640834067384539,12.460683855671066,1.0065174953529792
0.1185833333333333,1992,64.9841821,-18.1059013,-17981.61935205761,-3090.9605962195237,2748.846782706999,0.0,6.7108225773967085,12.473282841788683,1.0057963670981314
0.1218333333333333,1993,64.9841821,-18.1059013,-17954.107512198345,-3092.866109762762,2751.79259819208,0.0,6.757309294953859,12.483442984330662,1.0059662696753893
-0.0285833333333333,1994,64.9841821,-18.1059013,-17988.87087954069,-3088.3702936148434,2741.1350317716983,0.0,6.766912883127278,12.49209333865529,1.005876945796477
-0.32975,1995,64.9841821,-18.1059013,-17977.35673974237,-3088.917052520725,2742.8408045436413,0.0,6.752325397992498,12.497551252017617,1.0051912445503168
0.5821666666666667,1996,64.9841821,-18.1059013,-17937.000827588174,-3088.8180484147633,2722.827046993796,0.0,6.85482095463063,12.502972107031564,1.0043641779929249
0.634,1997,64.9841821,-18.1059013,-17917.479601260093,-3092.7181744887043,2746.4169076877592,0.0,6.824732736005969,12.511183205708372,1.003743797258979
0.1520833333333333,1998,64.9841821,-18.1059013,-17816.282486571046,-3104.654099576545,2785.397493803313,0.0,6.774423752097412,12.521922990778593,1.0032061815765065
0.30975,1999,64.9841821,-18.1059013,-17722.65927119174,-3113.9561929995443,2814.0557408142768,0.0,6.761929649558987,12.53403016317133,1.0023512441399207
0.3660833333333333,2000,64.9841821,-18.1059013,-17718.41470160102,-3114.452665208042,2818.0031886282595,0.0,6.701454095363042,12.547752726330756,1.002077035245581
0.706,2001,64.9841821,-18.1059013,-17598.70797083008,-3131.12438914821,2894.224047561471,0.0,6.583986787009653,12.561079198478337,1.0022603153210068
0.9231666666666666,2002,64.9841821,-18.1059013,-17522.52579155046,-3140.201542871769,2918.18366099574,0.0,6.677036356863183,12.570014124140931,1.0013073258927019
1.5209166666666667,2003,64.9841821,-18.1059013,-17545.08756742254,-3136.310638495629,2910.6447313375097,0.0,6.72836960825398,12.576953210156153,1.0009390125178654
1.2066666666666668,2004,64.9841821,-18.1059013,-17518.936153438022,-3139.2001619942994,2922.9910174482557,0.0,6.694843949479175,12.585741198594327,1.0031929399028414
0.62425,2005,64.9841821,-18.1059013,-17528.98749503477,-3138.455493400746,2922.4413608782124,0.0,6.672138889215918,12.6015816894354,1.010927037987367
1.0858333333333332,2006,64.9841821,-18.1059013,-17383.280499105356,-3146.421944731263,2904.9686569821465,0.0,6.455487200925569,12.625013217039761,1.026484858178716
1.0031666666666668,2007,64.9841821,-18.1059013,-17238.868679162264,-3168.292980737925,3014.1698378483748,0.0,6.512287381816371,12.650287201917617,1.0384947248695926
0.6874166666666666,2008,64.9841821,-18.1059013,-16659.10511252246,-3228.0658308513653,3193.0636715489604,0.0,6.4277549690090945,12.668910033496209,1.0354994330085145
0.9168333333333334,2009,64.9841821,-18.1059013,-16765.525679246482,-3217.365180795171,3157.523175486216,0.0,6.57953783759573,12.672319225898198,1.0221882512638676
1.1109166666666666,2010,64.9841821,-18.1059013,-16750.969038129402,-3219.1747861730314,3170.1074300648884,0.0,6.468738868198776,12.670853283673791,1.0119389212625298
0.7615,2011,64.9841821,-18.1059013,-16712.104840959804,-3223.062924203756,3178.1760738785824,0.0,6.417813397243541,12.673867587420775,1.0084667933121139
0.8956666666666667,2012,64.9841821,-18.1059013,-16628.35295469229,-3232.04032391385,3204.131547887835,0.0,6.3892905514188625,12.679130979411386,1.0067834970333922
0.5884166666666667,2013,64.9841821,-18.1059013,-16662.243665424896,-3229.105126728258,3201.273063833669,0.0,6.563930135878541,12.688572866105192,1.0061045449761328
1.6815833333333332,2014,64.9841821,-18.1059013,-16808.1017349049,-3214.838975756624,3159.101453151471,0.0,6.499520087733861,12.699682932076563,1.0067618055980891
-0.03275,1990,22.3511148,78.6677428,74105.26063549315,46618.24409960308,-150149.5378294339,0.0,9.614879231248308,20.58452336448516,1.0701978404040948
0.1446666666666666,1991,22.3511148,78.6677428,78835.15606867865,47057.51531310744,-152844.23477502537,0.0,9.718365498006447,20.60554227502143,1.0698178010703703
0.0556666666666666,1992,22.3511148,78.6677428,80974.62562428876,47077.82808277894,-153997.97499645117,0.0,9.76328421476035,20.626285717468665,1.0695922410218626
0.2258333333333333,1993,22.3511148,78.6677428,84196.52548292009,47918.69250144679,-158008.93230831315,0.0,9.846040531170681,20.64676408999856,1.0695254487715031
0.0954166666666666,1994,22.3511148,78.6677428,87758.51251750492,48361.6736281639,-160237.4073171481,0.0,9.931812375291452,20.666972651276826,1.0696452872973208
0.2989166666666666,1995,22.3511148,78.6677428,93907.20123365527,48662.205332151054,-162785.4222942032,0.0,9.969914442707065,20.686891364604076,1.0699496260212575
0.2779166666666667,1996,22.3511148,78.6677428,97684.633440022,49079.4246218717,-164384.39593374773,0.0,10.152165005384735,20.706405717564483,1.0703618602018268
-0.0488333333333333,1997,22.3511148,78.6677428,103528.87853290842,49016.63533800384,-164911.79082497876,0.0,10.248600174712195,20.725598344534315,1.0708053051708533
0.6334166666666666,1998,22.3511148,78.6677428,118496.76342233187,48778.308226550595,-164925.34866690554,0.0,10.236311900838695,20.74447392220212,1.0712571291244701
0.4666666666666666,1999,22.3511148,78.6677428,119390.829356056,49244.26443355108,-165611.41045516796,0.0,10.25625134739308,20.76296725473501,1.071654074810059
0.3659166666666666,2000,22.3511148,78.6677428,125341.1979763894,48546.51097294219,-163402.46401189282,0.0,10.328895729058548,20.781189096661613,1.0719842771191288
0.5051666666666667,2001,22.3511148,78.6677428,127169.09468512559,48690.850131237625,-163601.77213389523,23187.626,10.303570365378242,20.799273559003456,1.0722359006923516
0.8663333333333334,2002,22.3511148,78.6677428,129729.36356769578,46489.980259553275,-157909.22528101108,23187.626,10.32961164338568,20.81704123867208,1.0723741268239342
0.5912499999999999,2003,22.3511148,78.6677428,137976.88688266848,47116.14855225035,-159832.07529133646,23187.626,10.446120496304664,20.834283928994747,1.0724385919105786
0.5855,2004,22.3511148,78.6677428,147702.82131789194,46107.43321489033,-157301.05667279405,23187.626,10.477219240706962,20.851012037697036,1.0724384727497802
0.4955833333333333,2005,22.3511148,78.6677428,149133.1989577512,47353.558082420364,-161437.24824862392,23187.626,10.377500048029045,20.86705332938983,1.072360799838902
0.7149166666666668,2006,22.3511148,78.6677428,156772.4390943994,47351.0648946296,-162707.8368546573,23187.626,10.415409248395576,20.88229640814096,1.072201682828354
0.5745833333333333,2007,22.3511148,78.6677428,169666.29120151783,46848.59337644134,-163045.5753087852,23187.626,8.615435323390495,20.89696012649408,1.071964107141467
0.354,2008,22.3511148,78.6677428,174904.32127744483,47804.17188955657,-167313.11876335865,23187.626,8.224043478624417,20.911184040753756,1.0716733942035008
1.0790833333333334,2009,22.3511148,78.6677428,186447.782001664,45038.592821650025,-160237.99190213953,23187.626,8.429650043970849,20.92509599088581,1.0713411831518114
1.04375,2010,22.3511148,78.6677428,195987.65863798306,45377.922604522435,-162238.85360639106,23187.626,8.372379882343255,20.93887194900179,1.0709767281244271
0.4230833333333333,2011,22.3511148,78.6677428,207020.9818445881,45210.54801417467,-161669.98157081747,0.0,8.329557941929728,20.952487829847122,1.0705782455461283
0.5271666666666667,2012,22.3511148,78.6677428,220249.03366649218,44073.933006603904,-160965.08203425253,0.0,8.169439081112044,20.965809749560645,1.0701564392389369
0.4108333333333334,2013,22.3511148,78.6677428,232743.69560985628,44646.65938441511,-163765.2822439567,0.0,10.426280431201764,20.97878523869919,1.0697548295137305
0.5026666666666667,2014,22.3511148,78.6677428,242264.7207104872,44352.079868933055,-164962.88646297425,0.0,10.430053844412573,20.99118886053746,1.0694196655171875
0.0789166666666666,1990,-2.4833826,117.8902853,25145.3936696185,316596.85803166835,18735.068663138023,724602.1998,8.112030337624635,19.020395293509598,1.0068049529117151
0.2638333333333333,1991,-2.4833826,117.8902853,25604.412058942362,316339.3577537036,19801.900171326604,724602.1998,8.137015289824143,19.0378170630125,1.0074686305592642
0.3585833333333333,1992,-2.4833826,117.8902853,27316.473433728286,317327.16490627313,16891.320124280955,724602.1998,8.298523517371867,19.054918416047745,1.0081623710470906
0.3279166666666667,1993,-2.4833826,117.8902853,29359.576970724378,317152.6451652733,17321.847578192726,724602.1998,8.455051858725154,19.071636701359555,1.0087142176087842
0.3588333333333333,1994,-2.4833826,117.8902853,31215.664575858355,316727.1203142063,18427.57648085712,724602.1998,8.518140182878247,19.08814355704561,1.0092212538760492
0.3425,1995,-2.4833826,117.8902853,33626.47842173903,318161.54301178426,16323.14673733672,724602.1998,8.569506874030607,19.104485232159472,1.0097566229738526
0.42475,1996,-2.4833826,117.8902853,34575.64494335947,166720.31191437444,-31617.239765234543,724602.1998,8.628997447514099,19.120673395718995,1.0102586347652935
0.5420833333333334,1997,-2.4833826,117.8902853,41973.957333314735,938965.4694608068,211121.53535032333,724602.1998,8.603344318496994,19.1367042887217,1.0107105994949346
0.9883333333333332,1998,-2.4833826,117.8902853,34090.53871781501,287589.80475933454,4778.168459212809,724602.1998,8.694294077526658,19.152353612537727,1.0111498164319077
0.26625,1999,-2.4833826,117.8902853,35048.96754659726,199841.73859809714,-22160.38916487085,724602.1998,8.951652100758984,19.167354046783345,1.0114993477165015
0.3244166666666667,2000,-2.4833826,117.8902853,39487.2975247953,137385.8915439654,-39682.4665268167,724602.1998,9.128286066562561,19.181824936295552,1.0118174211061102
0.5009166666666667,2001,-2.4833826,117.8902853,40908.3238164391,141084.1574716316,-37073.62961520537,74671.5354,8.841133501875685,19.19592592017222,1.0121345336361292
0.6569166666666667,2002,-2.4833826,117.8902853,44698.940199487806,551003.7426326722,91109.84333842144,74671.5354,8.858840087790602,19.209661108435228,1.012448724818059
0.5341666666666667,2003,-2.4833826,117.8902853,43132.48633469205,246813.56534833644,-4345.536772271769,74671.5354,9.198664108958607,19.223041551891793,1.012730350155433
0.5674166666666667,2004,-2.4833826,117.8902853,47277.604717959504,540042.7554665015,86074.88972716847,74671.5354,9.383775855976737,19.23577381235266,1.0130579078055795
0.6881666666666667,2005,-2.4833826,117.8902853,46173.272417890184,308273.4720023652,13427.8079769527,74671.5354,9.277418244355571,19.24838129536414,1.013462023048254
0.4914166666666666,2006,-2.4833826,117.8902853,49849.82103232099,644234.148002409,118817.1306727291,74671.5354,9.153351636681192,19.261374384407926,1.013666973799174
0.4046666666666667,2007,-2.4833826,117.8902853,47829.05331689256,155877.58320746632,-34699.82176786318,74671.5354,9.096946810964797,19.27449286894138,1.0138440395313106
0.2070833333333333,2008,-2.4833826,117.8902853,49941.07815796459,147928.36480701034,-37224.236861357334,74671.5354,9.104187553640578,19.287514574237086,1.0141074045780325
0.616,2009,-2.4833826,117.8902853,52167.00863274554,469576.5563213604,62634.14994929465,74671.5354,6.83418548506145,19.300229890933714,1.0142791460558993
0.71225,2010,-2.4833826,117.8902853,51512.136774523555,145377.42634470758,-39605.85303749019,74671.5354,6.982195924365412,19.312745063847753,1.0144398771240097
0.3366666666666666,2011,-2.4833826,117.8902853,55804.581721485054,298424.4684650842,8864.57640083159,391204.1144,9.13643347499011,19.325302444733886,1.0147003266566224
0.4693333333333333,2012,-2.4833826,117.8902853,58940.52328940668,308977.6771556871,12441.616320451065,391204.1144,9.184262038968601,19.337861859317467,1.0149479715469412
0.8118333333333334,2013,-2.4833826,117.8902853,59206.86994127885,283620.2020640646,5003.105879867261,391204.1144,7.627846389672811,19.34999003741625,1.0150279047038102
0.8072500000000001,2014,-2.4833826,117.8902853,62900.28487094495,565280.0818787373,93649.4280839261,391204.1144,7.526877322418983,19.361585103834276,1.0150389932782504
0.6977500000000001,1990,32.6475314,54.5643516,782.1552433626981,-1674.479446719658,-5078.024577415811,0.0,9.482318116966702,17.837170245205765,1.0420810801690334
0.3675,1991,32.6475314,54.5643516,1526.0009166199543,-1958.7017361051107,-4256.4097426532335,0.0,9.55592274217065,17.875796349255843,1.0399772471595885
-0.7451666666666666,1992,32.6475314,54.5643516,2014.128635174058,-2056.490917951609,-3950.003005988134,0.0,9.703314357189159,17.899333562214057,1.038500287430111
0.0123333333333333,1993,32.6475314,54.5643516,3051.2640748530584,-1789.1533860418456,-4826.911414212236,0.0,9.535610332459099,17.905770640042647,1.0376876573864084
0.6418333333333334,1994,32.6475314,54.5643516,3227.469572254431,-1673.5538972449497,-5258.683609021171,0.0,9.540071696759183,17.90961755863753,1.0369222141076861
0.7185,1995,32.6475314,54.5643516,3602.121687431647,-1573.5968268769618,-5654.430487312282,0.0,9.502909249521977,17.923014948553217,1.0357439526627679
0.44125,1996,32.6475314,54.5643516,4659.036731158943,-1542.1536723189372,-5312.81359332063,0.0,9.483663384796342,17.936146096988246,1.0344390723783639
0.5497500000000001,1997,32.6475314,54.5643516,7096.155603444523,-1702.0510959775759,-5829.063057510213,0.0,9.480639975883616,17.95036559418915,1.0329617797660662
1.43125,1998,32.6475314,54.5643516,7092.437544294599,-1534.4640410928932,-6270.8372402042805,0.0,9.578064429024316,17.96594275168422,1.0315204495033627
1.4494999999999998,1999,32.6475314,54.5643516,7184.076833112551,-1474.702128953487,-5995.538792804944,0.0,9.46913882494923,17.981784154702535,1.0301017019640222
1.1831666666666667,2000,32.6475314,54.5643516,10517.645974058101,-1733.1507988788294,-5976.489909914008,0.0,9.461951396268143,17.99823805893278,1.0286811074508841
1.691,2001,32.6475314,54.5643516,10963.048180296657,-1707.0973128831554,-5820.71468215511,0.0,9.409243868680209,18.015338408307354,1.0273035753596096
1.4200833333333334,2002,32.6475314,54.5643516,11881.703782772925,-1590.0733599760422,-6028.27875600756,0.0,9.362814398433981,18.025073625800417,1.0262155918325777
1.053,2003,32.6475314,54.5643516,12468.61792945124,-1562.356531610726,-6254.3089795049,0.0,9.420178266341171,18.034351849959965,1.026962705451052
1.42925,2004,32.6475314,54.5643516,22669.515974314236,-2503.4980012692668,-3675.1245626898813,0.0,9.404960350533848,18.05051048942383,1.029229004225401
1.0841666666666667,2005,32.6475314,54.5643516,22117.428131570417,-2275.286901831122,-4323.776368437868,0.0,9.482487139048438,18.066610889533724,1.0312393528846064
1.45975,2006,32.6475314,54.5643516,26192.94700121135,-2374.6299143594647,-4113.087592498715,0.0,9.577441773995583,18.082066841601435,1.0326533767866413
1.061416666666667,2007,32.6475314,54.5643516,30905.315022503833,-2921.4829403618537,-1725.206397987437,0.0,9.007827622084134,18.096603226449442,1.0332139072950457
1.1449166666666668,2008,32.6475314,54.5643516,30139.699040761174,-2812.456951597924,-2983.2871583424167,0.0,9.643125979842072,18.110322063074197,1.03323370029495
1.2826666666666666,2009,32.6475314,54.5643516,30948.462419033145,-2940.867135855053,-2705.3923627444874,0.0,9.68181136162188,18.123926779373786,1.033189386609579
2.2255,2010,32.6475314,54.5643516,38249.45273279727,-3568.428152892176,-529.1449265797771,0.0,9.687475672790617,18.13797102218314,1.0331340197837533
1.1508333333333334,2011,32.6475314,54.5643516,41850.51026462984,-3274.392676546286,-3003.0734106142168,0.0,9.575286071724726,18.1507465225225,1.032580215436066
1.21125,2012,32.6475314,54.5643516,39779.737908138275,-3005.6261114789427,-3620.1869299390264,0.0,9.599151231438734,18.163520776607196,1.0315249992059066
1.5414166666666669,2013,32.6475314,54.5643516,40522.83614875085,-2997.0023823921447,-3686.8371909782586,0.0,9.635013924352801,18.17808583563934,1.0304796604026834
1.2065,2014,32.6475314,54.5643516,40507.23519063597,-3074.334885207952,-3250.2318633361538,0.0,9.576066135398312,18.197057990339072,1.0291950032600685
0.5133333333333333,1990,33.0955793,44.1749775,-11499.49794873627,-2397.723154949113,-451.2875539506568,0.0,7.212032398764837,16.686721072833386,0.9729285144474958
0.3605833333333333,1991,33.0955793,44.1749775,-14279.205946062644,-2158.1014687270895,-1050.3506353836194,0.0,6.995787035207764,16.697311132434994,0.9733483094979668
-1.217833333333333,1992,33.0955793,44.1749775,-14811.109433429261,-2000.208089434827,-1580.9411924087467,0.0,7.122020494251371,16.7270822235861,0.9748839603392058
-0.20675,1993,33.0955793,44.1749775,-13752.35153810365,-1981.0248271567586,-1711.2143714242943,0.0,7.1318864224666205,16.775398946457933,0.9768749754117709
0.6692499999999999,1994,33.0955793,44.1749775,-14276.049747318328,-1790.2335474478768,-2286.26759254932,0.0,6.657051895403957,16.823570186494948,0.9787100826876587
0.5076666666666666,1995,33.0955793,44.1749775,-14185.048522162922,-1735.9841413626384,-2421.873869206876,0.0,6.598608070031278,16.8575946921068,0.9805273765402395
1.0979166666666669,1996,33.0955793,44.1749775,-14365.42844195709,-1765.8664407526344,-2293.888371544802,0.0,8.062239693836078,16.890023142704553,0.9823750062065644
0.12325,1997,33.0955793,44.1749775,-14158.17685287486,-1707.1668009254508,-2579.0881539072757,0.0,7.891698692957168,16.921476105980446,0.9842232589152351
1.54675,1998,33.0955793,44.1749775,-14065.77211286483,-1699.331673608943,-2493.5859694851433,0.0,7.5180017240952735,16.953327682546526,0.9860069297275318
1.7134166666666666,1999,33.0955793,44.1749775,-13028.565593632666,-1783.2302074086,-2129.994513243004,0.0,7.17353122473328,16.986066935858318,0.9875936922962675
0.9315833333333332,2000,33.0955793,44.1749775,-12568.436313078711,-1810.2799891213697,-2092.6431029480896,0.0,7.294758911248324,17.019429402801716,0.9889169469557177
1.4214166666666666,2001,33.0955793,44.1749775,-12258.255182133866,-1782.1042770539052,-2191.7439899154006,0.0,5.90887621040182,17.051269576255073,0.9901607608767374
0.9515833333333332,2002,33.0955793,44.1749775,-11463.088372164619,-1832.0613343787363,-2037.0366235279569,0.0,6.976225934137872,17.083380107234497,0.9913507263841072
1.0530833333333334,2003,33.0955793,44.1749775,-14070.563713818205,-1675.5248568140653,-2519.248606903636,0.0,6.614262919456989,17.113893143835327,0.9919808060948582
0.8686666666666666,2004,33.0955793,44.1749775,-13687.24640876296,-1563.8704998214814,-2804.138695585323,0.0,6.396502864153796,17.14266480126839,0.991890070403744
0.9406666666666668,2005,33.0955793,44.1749775,-13253.106187795911,-1511.9713705987472,-2854.391841303207,0.0,7.534212099525654,17.172361860864804,0.9914796157170331
1.1860833333333334,2006,33.0955793,44.1749775,-13558.870397626431,-1488.2217331896068,-2944.321404482258,0.0,6.43068027439098,17.17954614810524,0.9905848450292859
1.1264166666666668,2007,33.0955793,44.1749775,-13321.427016616712,-1485.856646632518,-3007.490186017427,0.0,7.607350446521096,17.17104392894331,0.9893152920652722
1.15675,2008,33.0955793,44.1749775,-12427.70852234742,-1548.0506497310655,-2842.4840897588465,0.0,7.017764550411385,17.190308555496483,0.9887054736195717
1.076,2009,33.0955793,44.1749775,-12027.879190615677,-1556.3048427299143,-2925.2932375368764,0.0,7.370555740090408,17.226296488872908,0.9892089383132602
2.697,2010,33.0955793,44.1749775,-11480.669520224757,-1590.9058500249178,-2762.1493510592863,0.0,8.016464666610338,17.25800582089462,0.9902295982349174
0.6694166666666667,2011,33.0955793,44.1749775,-10582.583760820131,-1593.5686775151364,-2760.2385149047705,78.1957,8.194818379899802,17.29299162177712,0.9914246138216221
1.4465833333333336,2012,33.0955793,44.1749775,-10583.86697008951,-1512.510391538926,-2990.3674965675905,78.1957,8.31885500243347,17.337876260954037,0.9927830827989735
1.058,2013,33.0955793,44.1749775,-9729.522998939086,-1484.1698207026316,-3066.6883570892246,78.1957,8.74712613853356,17.384530446926004,0.9941299793184142
1.4774166666666666,2014,33.0955793,44.1749775,-10902.105850479435,-1452.1478833919366,-3193.4657991641657,78.1957,7.917164372198694,17.419553214430678,0.995483639597394
0.82875,1990,52.865196,-7.9794599,-14505.817310068838,1843.8483900183078,3527.0177315102164,0.0,6.74963794236366,15.064085913491867,0.9875207355717771
0.332,1991,52.865196,-7.9794599,-14677.834861510484,1869.6210361521087,3461.628172355778,0.0,6.79212655862127,15.069645156773117,0.9883619009689338
0.3054166666666666,1992,52.865196,-7.9794599,-14714.306407596448,1877.317121222921,3438.2688739903274,0.0,6.814586913854331,15.07634571564191,0.9887625186568005
0.1333333333333333,1993,52.865196,-7.9794599,-14728.326173400737,1874.7388556750695,3431.5263096192175,0.0,6.829638049718033,15.081246159668442,0.9885176662720327
0.3798333333333333,1994,52.865196,-7.9794599,-14330.846662963906,1832.2964859854103,3548.1844385330464,0.0,6.949561397093878,15.08510198740541,0.9871550014152499
0.9700833333333332,1995,52.865196,-7.9794599,-14190.739159438966,1810.214272442195,3557.383865768686,0.0,7.100269051564159,15.090728655170448,0.9857592689573145
0.0239166666666666,1996,52.865196,-7.9794599,-13931.066142436706,1794.7758987900936,3553.9249460616006,0.0,6.896115903495848,15.098311548115193,0.9853577766719658
1.1605,1997,52.865196,-7.9794599,-13454.650657717124,1714.1517484439432,3673.561795653083,0.0,6.908200379910021,15.107535447555072,0.9853482970067744
0.9321666666666668,1998,52.865196,-7.9794599,-13618.032526330873,1737.9114023012658,3591.427702002815,0.0,6.9143950865902575,15.118061016263741,0.9857797954661391
0.9641666666666668,1999,52.865196,-7.9794599,-13413.9038651015,1708.6851271142173,3628.344266141447,0.0,6.943633971492772,15.129210301231945,0.9864591799572153
0.6055833333333334,2000,52.865196,-7.9794599,-12551.08685957436,1624.06714408759,3805.187308082787,0.0,6.9721610725617955,15.142307006042943,0.9875126231665098
0.5029166666666667,2001,52.865196,-7.9794599,-12418.380416593747,1610.557806867721,3837.5658810447944,12.7893,6.981126179565336,15.158118931414691,0.9877671649818226
0.9235,2002,52.865196,-7.9794599,-12729.503658932268,1618.1611965152306,3818.0307817140106,12.7893,6.965650249275548,15.175013718497585,0.986956550578062
1.0176666666666667,2003,52.865196,-7.9794599,-13079.490094145622,1649.4306971943588,3713.1781997740045,12.7893,7.0095170569443015,15.191427509545877,0.9873735396058492
0.9739166666666668,2004,52.865196,-7.9794599,-12848.215380209695,1628.826368958371,3754.521994067639,12.7893,6.993645686253243,15.209761927956775,0.9905462807175526
1.1190833333333334,2005,52.865196,-7.9794599,-12282.351121494874,1541.8988363019091,3998.1009778201696,12.7893,7.034882697365741,15.231658823409873,0.9958332324411233
1.209666666666667,2006,52.865196,-7.9794599,-12183.968966220447,1538.2734677888445,4047.769444825517,12.7893,6.985042470629108,15.258848076282321,1.000499793563528
1.3505,2007,52.865196,-7.9794599,-12161.838526013022,1518.8825292251124,4112.4743702125415,12.7893,6.925932468322441,15.287944541205912,1.000263347448879
0.6814999999999999,2008,52.865196,-7.9794599,-12354.039673431364,1554.4662049011731,3994.8922087019173,12.7893,6.9734522850668155,15.308952037815837,0.9957005672812812
0.6828333333333334,2009,52.865196,-7.9794599,-13268.032640747464,1607.9097325147939,3782.6736234345976,12.7893,6.820513948282453,15.319541731450046,0.9905229035728441
-0.3006666666666666,2010,52.865196,-7.9794599,-13336.045687123154,1608.5421023020608,3776.4778743990387,12.7893,6.7513588627087255,15.325036418203114,0.9867265710520781
0.99325,2011,52.865196,-7.9794599,-13038.408063506842,1600.6926321388833,3807.13828563737,0.0,6.693976862574868,15.329428268540962,0.983817774256423
0.6674166666666667,2012,52.865196,-7.9794599,-13128.591583934773,1602.01458382078,3764.3009665693135,0.0,6.653965904833513,15.333830491029588,0.9818055355353443
0.6545833333333334,2013,52.865196,-7.9794599,-12953.215896943282,1601.0887276303506,3770.0459892096924,0.0,6.538501408171073,15.339136083423766,0.9808375334324436
1.28075,2014,52.865196,-7.9794599,-12801.565482973674,1576.0884093110094,3795.546866882722,0.0,6.431031198003383,15.34637420070852,0.9792359020934523
0.9221666666666668,1990,54.1936805,-4.5591148,-17970.18392031599,-3020.470004224638,535.7438378155042,10.98282,1.0798507192830438,11.139903345351431,0.9314803388119145
0.2775,1991,54.1936805,-4.5591148,-17970.189494321145,-3020.4663853885663,535.7274933492176,32.94846,1.3304486147666421,11.152959396933282,0.9332760674997922
0.3234166666666667,1992,54.1936805,-4.5591148,-17970.185316319035,-3020.463374059243,535.7196361151653,0.0,3.5762218235992935,11.160626646099136,0.9345935831819933
0.0289166666666666,1993,54.1936805,-4.5591148,-17970.33405218001,-3020.4772795746135,535.5623790370427,0.0,3.5614834869288305,11.166342284598286,0.9365175001369338
0.3768333333333333,1994,54.1936805,-4.5591148,-17970.24707441812,-3020.473354114755,535.5615594094086,0.0,3.5550005725506963,11.171758224044796,0.9384867075664621
0.9038333333333334,1995,54.1936805,-4.5591148,-17969.84942059971,-3020.1316566626874,534.565244861076,0.0,3.4467340048342323,11.176809164996051,0.9405246863288251
-0.048,1996,54.1936805,-4.5591148,-17969.609717887826,-3019.977297535874,534.1375974947435,29.24438,2.663699766730834,11.184157474284504,0.9430692401133757
1.13,1997,54.1936805,-4.5591148,-17969.39134139622,-3019.8434859508643,533.767755193762,29.24438,2.0419758875091447,11.195375075715546,0.9453486196851867
0.9005,1998,54.1936805,-4.5591148,-17969.18570988684,-3019.726561629344,533.4544193721129,29.24438,3.374565206001485,11.20812436115547,0.9479761149862609
1.002916666666667,1999,54.1936805,-4.5591148,-17968.994179348498,-3019.75788364008,533.156089021826,29.24438,2.021544914250802,11.220806899152487,0.9518494314468697
0.6854166666666667,2000,54.1936805,-4.5591148,-17968.819440019313,-3019.747463162328,532.9233750483547,29.38548,2.9858455606771566,11.23270879029638,0.9562470874540465
0.4359999999999999,2001,54.1936805,-4.5591148,-17968.67190910893,-3019.7179566624886,532.7367662148666,29.38548,2.971123957410574,11.243698707367935,0.9602042387232514
1.0059166666666666,2002,54.1936805,-4.5591148,-16990.042778875253,-1525.2661499713925,-3779.617108535756,29.24438,-0.43401891552622546,11.253947460646803,0.9635697567925104
1.0173333333333334,2003,54.1936805,-4.5591148,-16989.935268574493,-1525.2183822346308,-3779.7427635293266,29.24438,-0.38757607527242444,11.263681748428045,0.9667162936233566
1.02875,2004,54.1936805,-4.5591148,-16992.992720127997,-1527.2893499051352,-3766.1858878712037,29.24438,-0.20052626144880098,11.273093432369784,0.9700027543380825
1.1113333333333333,2005,54.1936805,-4.5591148,-16984.692379358654,-1513.7384567953345,-3802.043008833919,29.24438,-0.06785066690817443,11.282429954110393,0.9731166766050487
1.2984166666666666,2006,54.1936805,-4.5591148,-16984.69015544883,-1513.7035567575592,-3802.134215365207,58.62986000000001,-0.15163717466295976,11.292627860105938,0.9761077859060568
1.2804166666666668,2007,54.1936805,-4.5591148,-16996.52033918974,-1531.7532625273193,-3750.0022278499664,29.38548,0.06503839617922215,11.303438240103505,0.9794971930680986
0.6964166666666668,2008,54.1936805,-4.5591148,-16984.313263094147,-1513.6157516909645,-3802.164004855614,29.38548,-0.033556783528842754,11.314437940211276,0.98261521350162
0.7717499999999999,2009,54.1936805,-4.5591148,-16982.615754984632,-1511.1304908047866,-3809.3158711567,0.0,-0.009444458827999689,11.32555920503154,0.9846330604624444
-0.3466666666666667,2010,54.1936805,-4.5591148,-16984.20600073128,-1513.553995598949,-3802.2695771414046,0.0,-0.017451393613755858,11.336510430280342,0.9861394114580865
1.1475833333333332,2011,54.1936805,-4.5591148,-16984.307994308045,-1513.5743787508363,-3802.187666001683,0.0,-0.08762974996097406,11.342730087974115,0.9861078408288203
0.5508333333333333,2012,54.1936805,-4.5591148,-17688.62903886479,-2561.5126293163853,-760.1985318773254,0.0,0.30298931651892824,11.342575956357265,0.9847268961946674
0.5656666666666667,2013,54.1936805,-4.5591148,-17688.53213768848,-2561.4815134822666,-760.1995022377297,0.0,0.32411042906533244,11.340284895829125,0.983452372533767
1.4069166666666666,2014,54.1936805,-4.5591148,-17630.949121901976,-2474.4482542203837,-1011.966081438108,0.0,0.1919418001709452,11.33733321551424,0.9823728172774745
0.0959999999999999,1990,31.39480005,34.63358319049945,-15928.715277644465,-3572.7512549862577,3117.8607325782464,1.6353,6.6590024669590075,15.38480416286308,0.9707234014618605
0.03875,1991,31.39480005,34.63358319049945,-15727.982321741423,-3587.1849894449538,3155.1583054946636,1.6353,6.667342977392178,15.413444957982957,0.9697626152492445
-1.0340833333333337,1992,31.39480005,34.63358319049945,-15582.173421163368,-3590.4763888976972,3160.344642482012,1.6353,6.53699778259595,15.440701536730424,0.9690301747530663
-0.0454166666666666,1993,31.39480005,34.63358319049945,-15453.375584092371,-3599.157083736825,3158.781935250559,1.6353,6.7838594859342,15.466665680093925,0.9686526034902528
0.4713333333333332,1994,31.39480005,34.63358319049945,-15327.820033574388,-3604.003903117821,3169.9302837018163,1.6353,6.868288823636717,15.49191379446621,0.9685527435435475
-0.0256666666666666,1995,31.39480005,34.63358319049945,-14759.448292306213,-3584.327141701527,3097.2065783228472,1.6353,6.992666669208893,15.51638479286062,0.9686371837101497
0.5219999999999999,1996,31.39480005,34.63358319049945,-14811.404399987887,-3535.2643887528425,2919.5871919386877,1.6353,7.023039283548731,15.540505920163653,0.9690242822571196
-0.1996666666666666,1997,31.39480005,34.63358319049945,-14597.765600907114,-3520.7199905007965,2886.407227274546,1.6353,7.013267153184681,15.563541556013503,0.9695521487224947
0.9629166666666666,1998,31.39480005,34.63358319049945,-13876.073154083848,-3563.022874064135,3011.0308066201087,1.6353,6.881069972295002,15.585280690789535,0.9701359877928517
0.8737499999999999,1999,31.39480005,34.63358319049945,-13569.401523020735,-3560.2731175861336,3007.626175306758,1.6353,6.886576891762111,15.606284208098991,0.9708817511326485
0.1795833333333333,2000,31.39480005,34.63358319049945,-13365.777631133795,-3537.878475681392,2948.165679309136,1.6353,7.012590046458605,15.626575472090291,0.9716457537124537
0.8577499999999999,2001,31.39480005,34.63358319049945,-13394.035874207279,-3507.9743112620495,2852.529016244262,0.0,7.082593908377849,15.646167290605485,0.9723135450082744
0.7333333333333334,2002,31.39480005,34.63358319049945,-13247.659868385788,-3493.6523711686514,2816.988897212538,0.0,7.092964828175259,15.665018674217803,0.9730115443994113
0.5337500000000001,2003,31.39480005,34.63358319049945,-13068.525602165544,-3461.6799392589623,2698.553296759471,0.0,7.123969840193023,15.683600313889139,0.9737989642599268
0.461,2004,31.39480005,34.63358319049945,-12824.256980549791,-3462.2057394243297,2687.9386206416707,0.0,7.135635753340525,15.70197184016089,0.9746084453308315
0.4338333333333333,2005,31.39480005,34.63358319049945,-12480.536848358737,-3486.175453766585,2773.5027356641463,0.0,6.951234603671087,15.719723925222585,0.975499434047813
0.3427499999999999,2006,31.39480005,34.63358319049945,-12173.228287682628,-3493.3538417509685,2784.5151381553114,0.0,7.025642753629024,15.737139284878834,0.9764337806680803
0.6222500000000001,2007,31.39480005,34.63358319049945,-11885.80996190301,-3517.7559981277764,2858.3845148781384,0.0,7.060632233680129,15.754540377457767,0.9772651579123707
0.8293333333333334,2008,31.39480005,34.63358319049945,-12083.630616678922,-3486.3194157958733,2828.5795742736436,0.0,7.0778650748162875,15.772010437373716,0.977975467532729
0.8723333333333333,2009,31.39480005,34.63358319049945,-12351.944061459439,-3446.3952269669776,2711.7986445404485,0.0,7.1898613091652726,15.789550333135479,0.9786116992990753
2.3408333333333333,2010,31.39480005,34.63358319049945,-11931.279627559512,-3473.6737988029286,2832.9195710149324,0.0,7.176693732190712,15.807273773020283,0.9796792616848837
0.4285833333333333,2011,31.39480005,34.63358319049945,-10621.63849396094,-3585.1911327485,3149.6377051814507,0.0,6.97389080547754,15.825032459554059,0.9812160612423437
1.1079166666666669,2012,31.39480005,34.63358319049945,-10425.334779551777,-3577.9568893740056,3111.637169517531,0.0,7.1026288947092215,15.842619581239765,0.9827550770174159
0.9526666666666668,2013,31.39480005,34.63358319049945,-9735.226283258005,-3666.5721214752516,3380.5071093085803,0.0,6.9333431005094885,15.860189315144918,0.9843000792263807
1.0915,2014,31.39480005,34.63358319049945,-10275.608221057333,-3615.7295648337144,3225.0108050830286,0.0,6.88848295505027,15.877786484872162,0.9858224568465365
0.9119166666666666,1990,42.6384261,12.674297,33494.06025311459,-4501.01025883033,2822.551104868889,0.0,9.132714720035212,17.854281819978,0.9421958792428481
-0.00475,1991,42.6384261,12.674297,34023.97684179317,-4459.576351345107,2423.597309621308,0.0,9.055145590597888,17.85494987194364,0.9417031845414765
0.7419166666666667,1992,42.6384261,12.674297,34168.76249364174,-4320.875305904029,1816.9263790515404,0.0,9.082752402171018,17.85563097364101,0.9412102109652384
0.5935,1993,42.6384261,12.674297,31276.897418085562,-3896.5314182566053,866.788169769373,0.0,9.170176525412373,17.856268935976995,0.9407717008134734
1.5064166666666667,1994,42.6384261,12.674297,31089.53865268634,-3747.691556781971,264.9919038338171,0.0,9.17136142799438,17.856521482555593,0.9402364412313085
0.4089166666666666,1995,42.6384261,12.674297,34633.32241743322,-3950.129018169837,422.0205806054806,0.0,9.190719913486259,17.856544458948665,0.9396452344384348
0.17225,1996,42.6384261,12.674297,35352.1678530261,-3874.4762603039367,170.04338054940837,0.0,9.194054677017046,17.856787849724533,0.9391119116103439
0.9735833333333334,1997,42.6384261,12.674297,35758.87009302324,-3865.4438725040936,54.943599303620296,0.0,9.16296534902192,17.857259240961326,0.938643057499327
0.8104166666666667,1998,42.6384261,12.674297,38272.84042795845,-3986.9700571786134,26.340164861986867,0.0,9.155969515168858,17.857486458324743,0.9381418471500599
1.0285833333333334,1999,42.6384261,12.674297,41244.86936911274,-4165.948051997876,-53.55807946042275,0.0,9.13124784523773,17.857597641824565,0.9376572909164116
1.3979166666666665,2000,42.6384261,12.674297,40205.88749712671,-3995.83574222745,-644.1369546545213,0.0,9.112274772487318,17.85797214319828,0.9373442897528004
1.1926666666666668,2001,42.6384261,12.674297,42841.40223523025,-4205.69984291073,-34.55631048768664,0.0,9.148509190684525,17.858473979835217,0.9372168653281475
1.1863333333333337,2002,42.6384261,12.674297,44025.42443991104,-4184.728983158106,-485.56804737911665,0.0,9.143003603393478,17.860447362845534,0.9374470495748292
1.4588333333333334,2003,42.6384261,12.674297,46683.86968323473,-4151.002396932098,-790.0804926830226,0.0,9.149397756480116,17.865993371401956,0.9381514725619682
0.8201666666666666,2004,42.6384261,12.674297,46814.39554976997,-4220.393816518805,-193.49917731395715,0.0,9.143231724224238,17.873548281574212,0.9391471670543129
0.3618333333333333,2005,42.6384261,12.674297,46515.69314982186,-4596.149423005185,1189.9646459757416,0.0,9.151871266614076,17.87939379929737,0.9398463378473519
1.0758333333333334,2006,42.6384261,12.674297,43334.875989108434,-4438.668849750524,900.2252593530486,0.0,9.136315051791309,17.88333835442313,0.9399309332975736
1.3690833333333332,2007,42.6384261,12.674297,43842.98104517807,-4632.8887270189525,1565.207585158355,0.0,9.088031654603853,17.88928639351099,0.9395967956558245
1.1909166666666666,2008,42.6384261,12.674297,41498.67030910227,-4562.7613655335945,1365.0259598986358,0.0,9.054654117090124,17.896841272888285,0.9391719743971609
1.2670833333333331,2009,42.6384261,12.674297,36869.86073889044,-4254.373005627929,1195.2894830934542,0.0,9.064069281486093,17.902542464441005,0.9387583079691763
0.6626666666666666,2010,42.6384261,12.674297,37937.3710706873,-4478.241391344259,2115.8883000164747,0.0,9.007304793492322,17.906891566529332,0.9381146648849614
1.4044166666666669,2011,42.6384261,12.674297,37963.773379281796,-4663.021558813899,2802.261502760198,0.0,8.987358332618214,17.910287560004132,0.937727697551797
1.4174166666666668,2012,42.6384261,12.674297,35218.841703688704,-4603.06406809874,2766.3190971701842,0.0,8.943382475919952,17.913019209173115,0.9383753986718731
1.1115833333333334,2013,42.6384261,12.674297,33647.684277255365,-4701.9647237843255,3401.969224616784,0.0,8.933230443612304,17.91505157851291,0.9394983311900404
1.6748333333333332,2014,42.6384261,12.674297,33071.716001991765,-4814.746971286375,3786.6923478404965,0.0,8.934100955250585,17.915220550487454,0.9403455932711723
0.5959166666666667,1990,18.1850507,-77.3947693,-17975.568268573432,-3157.774664157874,2002.5194440730818,19.7929,8.09492765310492,14.687652517724986,0.9647749366096708
0.629,1991,18.1850507,-77.3947693,-17998.139063794482,-3153.9804901692883,1989.4652079202572,19.7929,8.16564403103182,14.695912108963512,0.9657683298368127
0.9629166666666666,1992,18.1850507,-77.3947693,-17951.614341418368,-3156.2246202011106,1987.1864799536274,19.7929,8.174962567058358,14.705282350528227,0.9674469948958646
0.5725,1993,18.1850507,-77.3947693,-17971.496109233136,-3155.7669077173177,2015.695588371408,19.7929,7.322477936771875,14.715290941040939,0.9697306848783989
1.09975,1994,18.1850507,-77.3947693,-17962.359327998394,-3155.1731291210076,2016.389327620683,19.7929,7.352110404544146,14.725453988272566,0.9718922746222404
1.089,1995,18.1850507,-77.3947693,-17907.17417788519,-3146.5105831859178,2002.583875022602,19.7929,7.043064452916602,14.735543080599736,0.9739080023063532
0.45525,1996,18.1850507,-77.3947693,-17894.74568425483,-3144.676309660935,2005.7154064898816,19.7929,7.062249042806492,14.74487308049665,0.9756639187174885
1.1156666666666666,1997,18.1850507,-77.3947693,-17924.346458958833,-3143.7037860379514,2005.8136041813395,19.7929,7.079756766578125,14.753544777543976,0.9772017950684372
1.349,1998,18.1850507,-77.3947693,-17892.817559693423,-3137.3480712808187,2015.8909715803998,19.7929,7.242740768084634,14.76196845068167,0.9786064184584242
0.6741666666666667,1999,18.1850507,-77.3947693,-17955.27336502504,-3117.5616057185134,2022.5428692851492,19.7929,7.317022483286701,14.76958635756118,0.9797817891217881
0.4296666666666667,2000,18.1850507,-77.3947693,-17920.885773037946,-3118.42570834415,2032.209785082729,19.7929,7.3936886657341265,14.775705250219124,0.9807408541994932
0.7238333333333333,2001,18.1850507,-77.3947693,-17982.844021062523,-3118.4308144105544,2082.024376594167,0.0,7.396386396789507,14.780746108714872,0.9815237334738174
0.956,2002,18.1850507,-77.3947693,-17963.76769777175,-3119.6131013071013,2086.0333565133865,0.0,7.238629087896471,14.785623723255867,0.98208251255028
1.0683333333333334,2003,18.1850507,-77.3947693,-17926.53553392389,-3122.532497345479,2094.471411950837,0.0,7.246149595794592,14.790457292842834,0.9824045561207169
0.9524166666666668,2004,18.1850507,-77.3947693,-17939.641722224715,-3123.8362734142925,2110.4966912859772,0.0,7.4895066570130275,14.795348694982769,0.9824948242784873
1.0177500000000002,2005,18.1850507,-77.3947693,-17952.18620515174,-3121.492013618332,2094.8810335176404,0.0,8.026584226870439,14.800156144502592,0.982431220483258
1.1434166666666667,2006,18.1850507,-77.3947693,-17921.20515761235,-3124.1948472876184,2121.4650966370564,0.0,8.48612945072268,14.804925721331712,0.9823840398708413
0.8179166666666666,2007,18.1850507,-77.3947693,-17944.188886995707,-3120.406224522829,2112.612001563965,0.0,8.126459254837217,14.809214450975128,0.9824820464645204
0.55625,2008,18.1850507,-77.3947693,-17909.51708424206,-3123.8162049936172,2123.006261067141,0.0,8.305498797648125,14.812965337805645,0.9827797522413818
0.8808333333333334,2009,18.1850507,-77.3947693,-17825.40903482188,-3131.456355567574,2148.951642946337,0.0,7.369909935474464,14.817025136814463,0.9831392494321717
1.0113333333333332,2010,18.1850507,-77.3947693,-17860.4203495729,-3124.3599334022933,2127.403296460435,0.0,7.280755251550689,14.821238256039951,0.9834009001819517
0.7134999999999999,2011,18.1850507,-77.3947693,-17843.11906187162,-3123.085868561982,2105.61232558783,0.0,7.454452899820557,14.825717407480388,0.9836499802802943
0.7339166666666667,2012,18.1850507,-77.3947693,-17837.240121331783,-3119.448827053344,2104.081233797589,0.0,7.370215780235691,14.830674931147277,0.984169447803537
0.9923333333333332,2013,18.1850507,-77.3947693,-17802.943928158427,-3122.486384171013,2113.870890882795,0.0,7.631430597651021,14.835486843530317,0.9849762966345731
1.228,2014,18.1850507,-77.3947693,-17755.03304226026,-3128.0024456519213,2131.649334721649,0.0,7.3796630317335365,14.839593965396041,0.9857997314272225
1.2209166666666669,1990,36.5748441,139.2394179,91208.36087831645,-5826.639773051532,17210.060140409914,1990.2667,9.889271897205903,18.633259249194715,0.9684602670415378
0.6863333333333334,1991,36.5748441,139.2394179,97886.43382057625,-6471.427734711615,19140.828753079044,1990.2667,9.90285102499545,18.6363886552863,0.9678082198733132
0.3235,1992,36.5748441,139.2394179,100884.03734642382,-6650.8687830544995,19656.50215574732,1990.2667,9.897670953877165,18.63937194223663,0.9671272459342868
-0.0294999999999999,1993,36.5748441,139.2394179,110218.39061907968,-7554.864431956401,22216.726827377766,1990.2667,9.86837527339807,18.642059346660695,0.9664051817962581
0.99525,1994,36.5748441,139.2394179,112188.84240332243,-7594.963752217115,22321.42178084538,1990.2667,9.785590228474074,18.64477798436053,0.9656380207392363
0.2233333333333333,1995,36.5748441,139.2394179,133680.0129087731,-9829.369513277676,28896.599696937912,1990.2667,9.807025340397306,18.647290034647796,0.9648011598147328
-0.0452499999999999,1996,36.5748441,139.2394179,128236.91672059853,-9458.081011264045,27815.196354146567,1990.2667,9.835751637177305,18.649617267555026,0.9639234405185901
0.5207499999999999,1997,36.5748441,139.2394179,127140.42322799783,-9395.593214697632,27645.133942297125,1990.2667,9.813051795407338,18.652014535494352,0.9630377275936679
1.1935833333333334,1998,36.5748441,139.2394179,114323.97238241041,-8281.337697622557,24346.85120156667,1990.2667,9.790723548566605,18.65423701425138,0.962061989242432
0.8643333333333333,1999,36.5748441,139.2394179,112290.92967972797,-8045.551423349693,23591.53752263868,1990.2667,9.75076605344338,18.656188059958826,0.961023934908325
0.6505,2000,36.5748441,139.2394179,112075.27095375862,-8027.043621659794,23503.60184406136,1990.2667,9.795845191002622,18.65815205691683,0.9599856690460034
0.3436666666666666,2001,36.5748441,139.2394179,110971.9735106083,-7998.3141183106245,23373.289769876053,786.5,9.834161204023323,18.660215077460432,0.9589352401457483
0.6581666666666667,2002,36.5748441,139.2394179,106129.82455017761,-7511.034089858966,21830.261555555564,786.5,9.78488914017549,18.662070810487347,0.95786251783103
0.42275,2003,36.5748441,139.2394179,109064.49449942725,-7813.488136815088,22687.890006448953,786.5,9.8000427507262,18.663645369451434,0.9567451282434006
1.1720833333333334,2004,36.5748441,139.2394179,109402.8227264773,-7787.648169756209,22377.014439915667,786.5,9.816726707797036,18.664969464087697,0.9556063160835699
0.4293333333333333,2005,36.5748441,139.2394179,114545.6862205277,-8341.037663265784,23873.868775293613,786.5,9.789565171826881,18.66596436899725,0.9544665734781046
0.6501666666666667,2006,36.5748441,139.2394179,118243.6979364055,-8787.149770740685,25090.022920063788,786.5,9.719135968630724,18.6667762093297,0.9534090511133426
1.0033333333333332,2007,36.5748441,139.2394179,121831.03402506541,-9209.181017168756,26015.05417174586,786.5,9.708265881913837,18.667591023748756,0.952486163440452
0.6845,2008,36.5748441,139.2394179,120570.21914861133,-9233.980970894116,26027.26571245954,786.5,9.531204613660131,18.668147153652626,0.9516297727718815
0.735,2009,36.5748441,139.2394179,116704.66036376504,-8956.458507335159,25118.059349130315,786.5,9.712619268296706,18.668454794708452,0.9508297331405218
0.9735833333333334,2010,36.5748441,139.2394179,123041.12615620212,-9571.062181194617,26728.1396500745,786.5,9.631381593469412,18.668364162533436,0.9501391565480529
0.4765,2011,36.5748441,139.2394179,130317.14137104234,-10343.990561231622,28676.783677057883,3581.6,9.559315746157557,18.667597507777216,0.9495823926623826
0.3465,2012,36.5748441,139.2394179,138292.49301228425,-11120.646121906177,30790.019801994364,3581.6,9.537646160499275,18.666397097768247,0.9491292841895355
0.7265,2013,36.5748441,139.2394179,147220.58150551043,-12057.831449593275,33416.23926845076,3581.6,9.44434253855806,18.66502926431197,0.9487332020888313
0.46725,2014,36.5748441,139.2394179,155791.56669644263,-13077.959424046547,36347.23630465885,3581.6,9.430605937860431,18.663444435324738,0.9483599999394752
0.1953333333333333,1990,44.6663146,-93.6261918,-17520.225906656946,-3262.4662312828573,2295.8198089678112,0.0,6.2490334862051125,15.062711515687015,1.0546425023214134
0.1649166666666666,1991,44.6663146,-93.6261918,-17666.685796877027,-3231.304192114806,2190.63237673052,0.0,6.379582221464141,15.114715084471362,1.0657762847929846
-1.1535833333333334,1992,44.6663146,-93.6261918,-16953.459654227867,-3284.386475607938,2331.8542987772626,0.0,5.202367432144372,15.167960348543648,1.077309657650224
-0.0956666666666666,1993,44.6663146,-93.6261918,-16816.32267415137,-3285.521554699741,2343.5057973477915,0.0,5.219596618034658,15.220567544982005,1.0880565427505675
0.5324166666666666,1994,44.6663146,-93.6261918,-16594.74438995582,-3296.381713842483,2379.2320307347763,0.0,5.2380752028351765,15.26903497105072,1.0959935643050174
0.0875,1995,44.6663146,-93.6261918,-16756.961504165793,-3265.5542685226055,2284.129279178748,0.0,5.2993942864615695,15.310254533559473,1.0995925329736522
0.7074166666666667,1996,44.6663146,-93.6261918,-16759.688432309486,-3256.3795804689953,2252.8478923552316,0.0,5.273778742100882,15.343451171987157,1.0988147170545124
-0.2908333333333333,1997,44.6663146,-93.6261918,-16761.585831146214,-3236.0440416544166,2087.6347871150524,0.0,5.297708181032213,15.370210301871097,1.0949461931593882
1.12775,1998,44.6663146,-93.6261918,-16953.079011650232,-3209.8860160972063,2011.7813273295892,0.0,5.306987174911827,15.39333478232434,1.0898256754483218
0.9876666666666668,1999,44.6663146,-93.6261918,-16916.217554728675,-3200.500757872632,1988.0874139574062,0.0,5.419060018217043,15.415054687946315,1.0846799169795653
0.3299166666666666,2000,44.6663146,-93.6261918,-16986.24651760025,-3180.9925899137224,1916.936855428663,0.0,5.550244662542709,15.436120628773626,1.0798270709630182
1.005083333333333,2001,44.6663146,-93.6261918,-16727.76664552198,-3200.718494553172,1976.9499164413505,0.0,5.55616915741109,15.457088404670186,1.075446367021236
0.6198333333333333,2002,44.6663146,-93.6261918,-16456.485661963627,-3214.371192964357,1986.010521464883,0.0,5.578068824645432,15.478590085321644,1.0716478326073153
0.4747499999999999,2003,44.6663146,-93.6261918,-16448.806267967662,-3206.749185994977,1954.9072050066502,0.0,5.623597562427632,15.501190178802663,1.0685754701249515
0.4973333333333333,2004,44.6663146,-93.6261918,-16227.604725870844,-3221.4021736393697,1994.2984705313136,0.0,5.792830969755505,15.526136433051791,1.0665623503519088
0.4109166666666666,2005,44.6663146,-93.6261918,-16195.265864703017,-3216.2042123097144,1982.0505333788417,0.0,5.924846264765599,15.552203834894385,1.0651921706114256
0.3742499999999999,2006,44.6663146,-93.6261918,-16168.763459893415,-3215.5659046188116,1997.829605049465,0.0,5.867069292585509,15.619782913478101,1.0637139145947605
0.7047500000000001,2007,44.6663146,-93.6261918,-15980.20968128411,-3217.9155408641004,1951.941157505009,0.0,5.888708414875329,15.683220681516364,1.0623306932390073
0.7983333333333333,2008,44.6663146,-93.6261918,-15983.566412034857,-3216.273699808385,1980.4993357008348,0.0,5.711100962408319,15.707548450869362,1.0610272211236218
0.6705,2009,44.6663146,-93.6261918,-16070.694650235022,-3197.2596602329977,1918.24387196617,0.0,5.780182556014673,15.72956037113736,1.0597687454945834
2.597833333333333,2010,44.6663146,-93.6261918,-16019.473339478924,-3192.5736205947264,1881.1296110797236,0.0,5.708463169758046,15.751551884273114,1.058566731342836
0.3191666666666666,2011,44.6663146,-93.6261918,-16308.23308601971,-3144.2018412130633,1710.3496997768498,0.0,5.7406337161607475,15.777009988835946,1.0574156587423629
1.2031666666666665,2012,44.6663146,-93.6261918,-15918.577424935911,-3175.304639881209,1821.718510732615,0.0,5.833454554704998,15.791237867007334,1.0563273899628673
0.8423333333333334,2013,44.6663146,-93.6261918,-15837.461261383953,-3174.5984833028597,1806.584661753906,0.0,5.645833395381525,15.85605715342302,1.0652062706492071
1.04175,2014,44.6663146,-93.6261918,-15710.782521789524,-3175.5303275597375,1767.5198105629024,0.0,5.771765058196327,15.973997309982558,1.0810591496863038
0.3834166666666667,1992,48.1012954,66.7780818,-11550.156557745511,-3125.100282670738,-262.41112645882765,294.7675,8.70559741124973,16.65127452875769,0.9283741282616396
-0.6979166666666666,1993,48.1012954,66.7780818,-12370.311403782962,-3030.699415898062,-800.3374603704841,294.7675,8.47594927456594,16.64752889416529,0.9278904993155185
0.16675,1994,48.1012954,66.7780818,-13344.660528527773,-2757.2722651878057,-2626.6810815705785,294.7675,8.177358676667644,16.633738712216243,0.9262666466377536
1.953,1995,48.1012954,66.7780818,-13961.555096533684,-2998.2204140533827,-559.5284394029026,294.7675,8.290088329460914,16.614882632503463,0.924077587244439
-0.1963333333333332,1996,48.1012954,66.7780818,-14512.899936923253,-3003.8758891692596,-249.95573432826637,294.7675,7.9308179979195215,16.59707432126027,0.921266526548691
1.5844166666666668,1997,48.1012954,66.7780818,-14759.295477080754,-3101.594313144303,595.4539924551132,294.7675,7.844665324181476,16.576812763927613,0.9174790176908679
0.8250000000000001,1998,48.1012954,66.7780818,-14929.754239985912,-3130.0222088230685,752.3393388571477,294.7675,7.848750994101854,16.554688168587813,0.9131902622513752
1.5216666666666667,1999,48.1012954,66.7780818,-14375.276774649545,-3187.184103631242,943.1018711136737,294.7675,7.616737668207254,16.540500140857887,0.910104038583056
1.38525,2000,48.1012954,66.7780818,-13811.558681072836,-3117.3626479114796,413.1214742327446,294.7675,7.357741324080124,16.53918814621807,0.9087998149862863
1.37775,2001,48.1012954,66.7780818,-13489.737637576365,-3162.812808028464,699.4108389801713,1480.0545,7.67465405034237,16.542139435025344,0.907752087988914
1.87175,2002,48.1012954,66.7780818,-13060.717172884246,-3097.067063936979,-2.891213080810625,1480.0545,7.458801999965755,16.545906750575305,0.9069522182934086
0.7667499999999999,2003,48.1012954,66.7780818,-12780.310295965177,-3173.758521798824,782.671125828942,1480.0545,7.30301286716686,16.55096273865549,0.9064076993743003
2.0138333333333334,2004,48.1012954,66.7780818,-12135.537571242852,-3197.155273683096,887.0146557547727,1480.0545,7.741134856453541,16.557763969682977,0.9058965948352181
1.6545833333333333,2005,48.1012954,66.7780818,-11836.191261223219,-3245.319334385223,927.4793764270909,1480.0545,8.087236733712945,16.566380692377155,0.9054454759898946
1.5296666666666667,2006,48.1012954,66.7780818,-10826.87221009693,-3214.1676090877313,348.7246788795815,1480.0545,8.093352277617647,16.576959209390893,0.9051588327907825
1.8895833333333327,2007,48.1012954,66.7780818,-10689.730915638129,-3320.9810748408645,1494.0686807055863,1480.0545,7.876305540288378,16.588482706686726,0.9053907601118416
1.7081666666666668,2008,48.1012954,66.7780818,-10180.641274202562,-3385.4262679382546,1661.1784103065656,1480.0545,8.247310643349662,16.6003067770868,0.9060740106466535
1.1175,2009,48.1012954,66.7780818,-10865.017042918547,-3299.854647386396,1542.754968963315,1480.0545,8.215957306295588,16.612936333581867,0.907098310903748
1.4453333333333334,2010,48.1012954,66.7780818,-10012.916844530253,-3350.714465727423,1676.4519092251198,1480.0545,8.205495710353034,16.62658871642414,0.9085139292589502
0.4258333333333333,2011,48.1012954,66.7780818,-10054.76800339671,-3283.89440527104,1711.968940108062,871.933,8.24888246372921,16.640746164325538,0.9100966967794809
0.8969166666666667,2012,48.1012954,66.7780818,-8709.603987538801,-3472.248085708644,2200.487448363689,871.933,8.207663576654037,16.654756492828895,0.9115564751347031
2.303,2013,48.1012954,66.7780818,-8149.701188313086,-3529.7706342288366,2357.0642422666238,871.933,8.16336561843798,16.668856982208215,0.913059863511771
0.5108333333333334,2014,48.1012954,66.7780818,-7340.338340525534,-3552.830945047707,2379.042779092343,871.933,8.230178576165333,16.682971693748165,0.9147398960319885
-0.0604166666666666,1990,1.4419683,38.4313975,-16698.69506482001,-2141.510545547376,-1880.270648196031,0.0,5.348592142421659,16.958035219682955,0.980923252391414
0.3040833333333333,1991,1.4419683,38.4313975,-16731.66463815374,-2136.074436654301,-1854.0694185606164,0.0,5.164578523835804,16.990151696698845,0.9810560785430742
0.3755,1992,1.4419683,38.4313975,-16660.437933187877,-2129.8129591772213,-1866.9338536700764,0.0,5.361660173103767,17.020519601890996,0.9810895263097125
0.0984999999999999,1993,1.4419683,38.4313975,-16703.127790726983,-2118.4966582362013,-1893.0463213538023,0.0,5.4432416134447905,17.049938026703863,0.9810996893353987
0.4156666666666666,1994,1.4419683,38.4313975,-16670.014338189194,-2104.3696712279852,-1947.052574210772,0.0,5.581124701751138,17.078737872550068,0.9811693062048795
0.3991666666666666,1995,1.4419683,38.4313975,-16621.021380868544,-2092.683563744313,-1953.3329764741632,0.0,5.560075678232447,17.106831613397247,0.9812905436728558
0.3848333333333333,1996,1.4419683,38.4313975,-16544.0601555043,-2108.442409450165,-1830.6824742167669,0.0,5.807967099225009,17.133896313144046,0.9814327870565053
0.3621666666666667,1997,1.4419683,38.4313975,-16569.156387447063,-2090.739627786077,-1880.332983414779,0.0,5.365194401230145,17.16064060093569,0.9816080483668828
0.282,1998,1.4419683,38.4313975,-16564.333793082013,-2078.8225689825745,-1933.6654012089082,0.0,5.500687435438706,17.18753220367229,0.9818943680217204
0.1891666666666666,1999,1.4419683,38.4313975,-16536.018236728276,-2041.010781147309,-2119.6500551990343,0.0,5.344894607818238,17.215544896887682,0.982332279137116
0.6424166666666666,2000,1.4419683,38.4313975,-16620.170555830824,-2052.3368171095217,-1988.4974655507822,0.0,5.327270159960599,17.244699365307522,0.9829491957583165
0.56475,2001,1.4419683,38.4313975,-16637.1518572868,-2046.2456306015777,-2011.12106271062,14977.4103,5.606894484096218,17.274987665301957,0.983717350034306
0.7349166666666668,2002,1.4419683,38.4313975,-16554.746366950425,-2024.4591411421063,-2125.046858659419,14977.4103,5.64225169240038,17.305323701124884,0.984529305294127
0.85525,2003,1.4419683,38.4313975,-16427.678960039713,-2009.4050856310766,-2232.171253385369,14977.4103,5.86204269872738,17.334998135544193,0.9853272570985763
0.6844166666666668,2004,1.4419683,38.4313975,-16320.648255526974,-1984.791010313815,-2379.2170492309556,14977.4103,5.743903743725712,17.364893319521208,0.9861023556533998
0.8233333333333334,2005,1.4419683,38.4313975,-16156.364052989094,-1991.6437512379614,-2335.7887265123786,14977.4103,5.663236830836462,17.394659126919514,0.9868341165536223
0.7745833333333333,2006,1.4419683,38.4313975,-16144.27282972933,-1990.2871396042883,-2277.875324711226,14977.4103,5.809680345912644,17.424406238084718,0.9874492564757031
0.6815833333333333,2007,1.4419683,38.4313975,-15681.78560118539,-1805.0357447937915,-3516.1816751639326,14977.4103,5.872148211547871,17.454064512384157,0.9879816277035941
0.8581666666666666,2008,1.4419683,38.4313975,-15514.17273931642,-1798.2582229734846,-3573.974112671751,14977.4103,5.802365776794978,17.483852937641746,0.988452311471006
1.3261666666666667,2009,1.4419683,38.4313975,-15304.880347993609,-1816.1144158001018,-3451.2518651282912,14977.4103,5.892814797141598,17.513459881181237,0.988778777948232
1.06925,2010,1.4419683,38.4313975,-15133.717395018202,-1815.6782840425526,-3465.9180777650545,14977.4103,5.281887634639565,17.541635097078125,0.9888811976047904
1.0900833333333333,2011,1.4419683,38.4313975,-14868.985221601402,-1806.988280973233,-3533.7295088632704,8157.6953,4.418905665921236,17.568189447659325,0.9886546086862423
1.0711666666666666,2012,1.4419683,38.4313975,-14826.622716437221,-1807.7015384334463,-3482.7992421882077,8157.6953,4.143815447029611,17.593449034959345,0.9882389820513419
0.8814166666666666,2013,1.4419683,38.4313975,-14618.14007898099,-1812.9730466224119,-3446.0954432962,8157.6953,4.729360208555177,17.61754832572993,0.98784694893607
1.0380833333333337,2014,1.4419683,38.4313975,-14305.90803732606,-1817.2710665023778,-3461.5388311636625,8157.6953,4.9976804074157,17.640490105888215,0.987347532671524
0.2779166666666666,1990,0.3448612,173.6641773,-17712.827346658254,-2166.2093130525122,-992.8523655433972,29.24438,-0.19322073766295517,11.226895360600828,0.9762712756162365
0.2270833333333333,1991,0.3448612,173.6641773,-17714.951659362414,-2166.094882189794,-994.5377353608463,58.62986000000001,-0.12284582999884586,11.246509001422552,0.9746887645952007
0.1048333333333333,1992,0.3448612,173.6641773,-17714.923588905203,-2166.0947282479333,-994.5306933151968,29.24438,-0.09101939838716855,11.26320690547022,0.9752028397565923
-0.2063636363636363,1993,0.3448612,173.6641773,-18073.704152781567,-2710.781124061905,578.8310201311605,29.24438,0.13076506987955247,11.27836701084072,0.9755220301728444
0.1170833333333333,1994,0.3448612,173.6641773,-18073.769473468605,-2710.790490215425,578.8609445888782,58.62986000000001,0.15554970074096555,11.293088939413515,0.9757052134101314
0.4541666666666666,1995,0.3448612,173.6641773,-18073.649279809943,-2710.7834401642203,578.851728828634,29.38548,0.17822986389069828,11.308125143215847,0.9759676011252304
0.2739166666666666,1996,0.3448612,173.6641773,-18437.841895080415,-3263.688819799631,2175.94092567111,0.0,0.4208133850549639,11.324569739141683,0.9749648315490809
0.0991111111111111,1997,0.3448612,173.6641773,-18073.517973719572,-2710.7580322321255,578.7741482284144,0.0,0.1354919694371567,11.342232038656938,0.9727630101085736
0.4062727272727272,1998,0.3448612,173.6641773,-18336.686934604513,-3110.310687535344,1732.9008092056738,0.0,0.30505528050912584,11.359832558836404,0.9708071110294455
-0.1241666666666666,1999,0.3448612,173.6641773,-18073.391676166284,-2710.7352557246895,578.7113169545983,0.0,0.14859240404982682,11.376991187729395,0.9687845366172723
0.1321818181818181,2000,0.3448612,173.6641773,-18437.764203321756,-3263.644001099979,2175.744630867721,0.0,0.5897846675647921,11.394423420889227,0.9675490087495847
0.4869999999999999,2001,0.3448612,173.6641773,-18348.093336894388,-3127.555159147332,1782.632693200295,0.0,0.36464311358790924,11.413447612470558,0.9655868687307309
0.4375,2002,0.3448612,173.6641773,-18437.60197932156,-3263.590419377326,2175.553216871526,13.276959999999999,0.5276237420418717,11.43387143506039,0.9637217605678703
0.6721818181818182,2003,0.3448612,173.6641773,-18437.548052943836,-3263.573737076601,2175.5147620211674,0.0,0.6878330857361765,11.454247073019193,0.96354058218465
0.874,2004,0.3448612,173.6641773,-18437.507509653522,-3263.557917956516,2175.4628659255804,0.0,0.9215170508457365,11.474434085788255,0.96315413648883
0.7626666666666666,2005,0.3448612,173.6641773,-18449.087873921108,-3281.317023070471,2226.788315517484,13.276959999999999,1.1941648633348503,11.494394828350794,0.9618282470971481
0.5692,2006,0.3448612,173.6641773,-18449.070117969513,-3281.3033018272267,2226.741850745775,70.3976,1.3915803655491281,11.513755120710705,0.960643341300004
0.5399999999999999,2007,0.3448612,173.6641773,-18449.0394734772,-3281.2819204625025,2226.6566358604045,9.7718,1.5408592408688022,11.532708484231035,0.9603313409313678
0.196,2008,0.3448612,173.6641773,-18449.01525049886,-3281.267389581499,2226.607110523325,0.0,1.6665741038049096,11.551819201595588,0.9599215774987746
0.5608333333333333,2009,0.3448612,173.6641773,-18448.979259622647,-3281.236542847711,2226.524333329709,77.73246,1.771097472779959,11.571147202170353,0.9592783600436238
0.3032,2010,0.3448612,173.6641773,-18448.940740044367,-3281.235792498346,2226.4842850858754,71.67554,1.831877215823944,11.589849468383433,0.9580100079773732
0.4016666666666666,2011,0.3448612,173.6641773,-18448.91947575291,-3281.2130662871723,2226.4101403087475,141.478,1.8285734423507713,11.607053127694927,0.956339808764089
0.4932999999999999,2012,0.3448612,173.6641773,-18448.853370720404,-3281.188679348998,2226.3469877599546,351.92156,1.907228719034169,11.622828647077453,0.9546608759609828
0.6553636363636364,2013,0.3448612,173.6641773,-18448.805391966132,-3281.1749507988357,2226.3261138889793,1.49848,2.1445033633717854,11.637891529682063,0.9527625547168511
0.7466666666666667,2014,0.3448612,173.6641773,-18448.794659363117,-3281.174412071587,2226.308930994661,0.0,1.8909258407225538,11.652556964055423,0.9507829598086287
0.6293333333333334,1990,29.3796532,47.9734174,-15784.321270910896,-3443.4870303332277,2845.687434292553,0.0,4.607269181554801,14.331286707630861,1.2612570894721422
0.42025,1991,29.3796532,47.9734174,-16556.718306520306,-3387.0721395734363,2713.7862909013566,0.0,5.111043487222847,14.1078069679668,1.2483886128642407
-0.6614166666666667,1992,29.3796532,47.9734174,-15830.347897448602,-3454.6855179101135,2889.030198467305,0.0,5.945213885670181,14.298327371630025,1.2437956285227332
0.11525,1993,29.3796532,47.9734174,-15477.716308275318,-3478.778586960586,2955.99953989418,0.0,4.791396774876369,14.318491895607208,1.2660573213930895
0.646,1994,29.3796532,47.9734174,-14957.023485930848,-3513.4883763460366,3040.1681031057583,0.0,4.682600561414094,14.310880962745369,1.3175338852125187
0.3295,1995,29.3796532,47.9734174,-14347.17811630537,-3552.4646029330784,3158.221371479103,0.0,5.248463351690082,14.319445696770282,1.3562348573494702
1.2711666666666666,1996,29.3796532,47.9734174,-14414.825832237711,-3529.6690207160354,3082.7412253633997,0.0,5.888214192382624,14.348088671514313,1.3735786270094312
0.3015,1997,29.3796532,47.9734174,-14349.986286079496,-3525.196813334993,3069.9134398267233,0.0,5.191348001830784,14.38165811026291,1.3839380692660612
1.606666666666667,1998,29.3796532,47.9734174,-14529.378789429673,-3490.4034067147095,2975.3948955953215,0.0,6.107437679209946,14.41409702779777,1.3937601957585644
1.8085,1999,29.3796532,47.9734174,-14463.1946614888,-3481.948913957378,2946.6597256280775,0.0,6.00048018384493,14.445412780373177,1.4031711572407066
1.2643333333333333,2000,29.3796532,47.9734174,-14397.995250139465,-3477.425748288196,2963.17647555016,0.0,5.976772241844706,14.475567237168635,1.4123222926076966
1.51,2001,29.3796532,47.9734174,-14282.565055853256,-3476.928699480191,2958.9585725549005,0.0,5.318261062324963,14.504486049115329,1.4213056280256078
1.3923333333333332,2002,29.3796532,47.9734174,-13736.889202235108,-3523.368631610929,3088.249926052551,0.0,5.332006365636017,14.532064158469682,1.430230860447477
1.6014166666666665,2003,29.3796532,47.9734174,-13384.211781732882,-3552.1732454419425,3168.3581399943278,0.0,4.770989662682539,14.55816478852673,1.4392012117624529
1.2598333333333334,2004,29.3796532,47.9734174,-12919.75325867528,-3590.4457483400874,3286.842672120141,0.0,5.966446386532615,14.582596160590851,1.4482920922935247
1.0955833333333334,2005,29.3796532,47.9734174,-12615.478416813896,-3602.3610547054277,3313.2044890347456,0.0,6.504283742389104,14.61993208297444,1.441862472008302
1.4566666666666668,2006,29.3796532,47.9734174,-12185.615166379559,-3632.6529486975373,3400.373772519723,0.0,5.3887665691044555,14.675615626252917,1.4155807122225834
1.3843333333333332,2007,29.3796532,47.9734174,-11840.601558220977,-3659.636203488259,3489.543781659995,0.0,5.77739854489363,14.734505230892703,1.3869148448933692
1.3579166666666669,2008,29.3796532,47.9734174,-11343.107579368356,-3697.2393102145243,3600.650508339002,0.0,6.347448857614339,14.790421457018436,1.3619257635696211
1.5598333333333334,2009,29.3796532,47.9734174,-11225.325454709371,-3697.323624870887,3619.6597425694235,0.0,5.812157960719605,14.84353978288822,1.3401800453378068
2.600583333333333,2010,29.3796532,47.9734174,-11065.954165992698,-3703.9676140926776,3639.49909796252,0.0,5.082241778231251,14.895060984901633,1.3217786949127408
1.0664166666666668,2011,29.3796532,47.9734174,-10617.962723336585,-3744.9678431862826,3741.4580468390213,0.0,5.289769235153554,14.960950769404462,1.3197329207166484
1.7707499999999998,2012,29.3796532,47.9734174,-10549.211073133247,-3755.651403088507,3788.8891121835695,0.0,6.271540188875156,15.037715050425,1.3307965524131118
1.2731666666666668,2013,29.3796532,47.9734174,-9893.360663338615,-3815.0514778575257,3962.649496416611,0.0,5.797652951919332,15.109283297634471,1.340848748472181
1.6189166666666666,2014,29.3796532,47.9734174,-9917.906447766309,-3806.8374329218277,3948.9233190094674,0.0,5.8349195030771925,15.140350437404264,1.3717391276934077
0.1903333333333333,1992,41.5089324,74.724091,-17911.482488829806,-3380.1417843696186,2412.480516108652,0.0,6.768870841486931,15.319867693387822,0.9367492624124888
-0.2696666666666666,1993,41.5089324,74.724091,-18079.052213899005,-3366.0178037253704,2387.6962401189558,0.0,6.2158317494558055,15.321282740002562,0.9398456862246402
0.3299999999999999,1994,41.5089324,74.724091,-18187.42974125664,-3354.23070949428,2327.9527177148357,0.0,5.581179340969337,15.326429828981448,0.9424480047535572
0.44325,1995,41.5089324,74.724091,-18349.42152670154,-3351.8854775723166,2442.312359463344,0.0,5.32226189451482,15.340796129739314,0.9442327873581572
-0.18625,1996,41.5089324,74.724091,-18245.858773375632,-3357.589078849099,2469.8085341916158,0.0,5.562326047452171,15.355938098758296,0.9456799728489506
1.350833333333333,1997,41.5089324,74.724091,-18193.132837341112,-3356.350461885838,2477.2929551220177,0.0,5.459259077890919,15.371207129356701,0.946866941786107
1.06,1998,41.5089324,74.724091,-18168.499842920708,-3354.5083128692772,2466.7509863824757,0.0,5.506476814809417,15.38629329329943,0.947927174010317
1.0380833333333332,1999,41.5089324,74.724091,-18290.052003966975,-3336.35956543937,2415.4488020085505,0.0,5.498066592132649,15.40043259718868,0.9488874082560196
1.1115000000000002,2000,41.5089324,74.724091,-18229.03121266218,-3334.216434329771,2399.2251448733787,0.0,5.341149339707156,15.41189990697552,0.9497789343890858
1.318,2001,41.5089324,74.724091,-18237.255692996427,-3332.1589103623705,2399.0816879720646,0.0,5.2781871055858085,15.421230366809963,0.9505655391906951
1.35225,2002,41.5089324,74.724091,-18203.80090625568,-3329.953155646169,2391.1618593140397,0.0,5.3106411162368685,15.43026272470213,0.9511354616081809
0.6655000000000001,2003,41.5089324,74.724091,-18103.64473937494,-3335.805516837595,2410.7690655133524,0.0,5.473827863982419,15.440482588794069,0.9515591638344086
1.6735,2004,41.5089324,74.724091,-18046.548591210296,-3334.8383201659963,2418.973897828459,0.0,5.6163728365529595,15.451987596064992,0.9521337640129204
1.1523333333333334,2005,41.5089324,74.724091,-18002.31433528479,-3336.9076476536407,2423.9001101188037,0.0,5.193905844897365,15.462844075214038,0.9527896301739046
1.6055833333333334,2006,41.5089324,74.724091,-17958.028888961355,-3336.5748247082984,2417.825544830149,0.0,5.313958405257778,15.473126066033625,0.9533590813512274
1.7295833333333337,2007,41.5089324,74.724091,-17883.900207536633,-3338.4262854177546,2444.455126389542,0.0,5.940480415451025,15.482229154540782,0.9540538914708313
1.2246666666666666,2008,41.5089324,74.724091,-17868.59213219433,-3335.3431123852447,2428.6594136181698,0.0,5.843151296291265,15.491749742083936,0.9548167039924168
0.962,2009,41.5089324,74.724091,-18092.564567493184,-3303.477456968412,2328.6523726248683,0.0,5.592286881541966,15.504514264366646,0.9555320217915271
1.405,2010,41.5089324,74.724091,-18030.471828493784,-3310.5125471746683,2349.132069827296,0.0,5.7295239678732255,15.517304290376263,0.9563565466963724
1.0153333333333332,2011,41.5089324,74.724091,-17920.40251627164,-3310.44980713231,2351.423185703265,0.0,5.873038210828115,15.529729117965191,0.9572308123991833
0.3893333333333333,2012,41.5089324,74.724091,-17842.398362623775,-3328.463143492685,2410.8806547864465,0.0,5.8724416806789685,15.543966476498078,0.9581466842641797
1.5838333333333334,2013,41.5089324,74.724091,-17662.295287640743,-3318.75033419941,2370.8994331654244,0.0,6.092689698923215,15.559402262481687,0.9592073230677113
0.44475,2014,41.5089324,74.724091,-17624.924125033634,-3321.376855916031,2371.4307623136256,0.0,6.009165948767122,15.575851252941442,0.9603058180890112
0.5658333333333333,1990,20.0171109,103.378253,-17731.983376673557,-2905.265514713373,921.976442672718,10503.3647,3.5602758997257102,15.277478789578888,1.0010644347086417
0.7546666666666666,1991,20.0171109,103.378253,-17758.21944227815,-2953.0018631130597,1056.4211809869248,10503.3647,3.5602758997257102,15.305539513648384,1.0021495963866567
0.2365833333333333,1992,20.0171109,103.378253,-18229.365638585663,-2950.8039720228862,1417.653353374176,10503.3647,3.5602758997257102,15.333075695941211,1.0031849945123406
0.2775,1993,20.0171109,103.378253,-18278.94576475704,-2956.258858495582,1458.6560417808585,10503.3647,3.655395056796586,15.359939652021724,1.004126914600928
0.6251666666666666,1994,20.0171109,103.378253,-18282.846963508953,-2920.7930154020123,1376.5289079716297,10503.3647,3.655395056796586,15.385781563797496,1.0050163451365557
0.52,1995,20.0171109,103.378253,-18290.127122921956,-2946.0534248432837,1443.222332693804,10503.3647,3.655395056796586,15.41032831486683,1.005851754997297
0.2305833333333333,1996,20.0171109,103.378253,-18261.803823362006,-2945.5860003095336,1450.6496165708234,10503.3647,3.655395056796586,15.43369312421996,1.006618691069004
0.5768333333333334,1997,20.0171109,103.378253,-18237.412872239973,-2940.95282427329,1380.246472546307,10503.3647,3.655395056796586,15.454611733203143,1.0070805522908723
1.4029999999999998,1998,20.0171109,103.378253,-18254.774260859976,-2855.594390606308,1330.7380812189144,10503.3647,3.7428087711390168,15.473152176920847,1.0072725019089839
0.437,1999,20.0171109,103.378253,-18264.31955592635,-2840.663781648983,1226.2103001056173,10503.3647,3.7428087711390168,15.490746510508805,1.007493437180576
0.4080833333333333,2000,20.0171109,103.378253,-18204.547350694156,-2875.7864404206,1216.3307859473261,10503.3647,3.7428087711390168,15.50760676981215,1.0077446845637188
0.7038333333333333,2001,20.0171109,103.378253,-18184.044844772427,-2914.9463781340532,1196.9123821535268,12570.1153,3.8226736247093034,15.523835337134356,1.0078941347099293
0.7820833333333334,2002,20.0171109,103.378253,-18117.32803907954,-2887.3702235343553,1195.0936583096566,12570.1153,3.8226736247093034,15.539366026955566,1.0078762775088599
0.8710833333333333,2003,20.0171109,103.378253,-18096.733621974923,-2866.5611701259377,1155.851192214904,12570.1153,3.8226736247093034,15.554056469225609,1.0077418403113534
0.4635833333333333,2004,20.0171109,103.378253,-18076.423312904495,-2697.1851920945137,1036.4471605632823,12570.1153,3.896629125308204,15.56786491037107,1.0074074950555798
0.9866666666666668,2005,20.0171109,103.378253,-18082.400957957525,-2824.6703557033916,1153.8896948712356,12570.1153,3.896629125308204,15.582459611830151,1.0075930844860561
0.9799166666666668,2006,20.0171109,103.378253,-18019.045422800515,-2876.8162527944874,1177.4973011680338,12570.1153,5.644695378574393,15.59832900847892,1.0085573031946928
0.7576666666666666,2007,20.0171109,103.378253,-18014.30799368936,-2716.724285872692,1090.4205597917894,12570.1153,5.43200787151352,15.61413772381826,1.0096160626966755
0.1220833333333333,2008,20.0171109,103.378253,-17985.78136527163,-2860.440337093982,1087.2889942414592,12570.1153,5.643474281937465,15.629660968578378,1.0106831431071264
0.84025,2009,20.0171109,103.378253,-17754.973925062284,-2841.567283643021,1069.9140511951373,12570.1153,5.807291377135891,15.644875654745455,1.0117795374857188
1.4458333333333335,2010,20.0171109,103.378253,-17643.854690033215,-2714.0580192935513,944.5773100172158,12570.1153,5.750750980613363,15.659770442715915,1.0128293072511496
0.0729166666666666,2011,20.0171109,103.378253,-17616.31655684502,-2870.329306195245,1079.6518355529097,13078.9505,5.828240074655655,15.674356393563913,1.0139016791493332
1.2845833333333332,2012,20.0171109,103.378253,-17492.6377636376,-2781.4631763595003,877.8443373696022,13078.9505,5.6346845976563635,15.688666126310672,1.015066865465371
0.85275,2013,20.0171109,103.378253,-17264.18519982201,-2799.328170794896,989.0527468116378,13078.9505,5.816750082877957,15.702692473421816,1.0162266644144482
1.0174166666666666,2014,20.0171109,103.378253,-17212.778545777423,-2772.96514406708,886.9228003769136,13078.9505,4.682042334284479,15.716341598357689,1.0172696862666124
1.6015,1992,56.8406494,24.7537645,-17809.49979823731,-1369.068413689536,2961.4785113692865,0.0,6.5830621356518195,14.79491992841969,0.8553314382063181
0.3403333333333334,1993,56.8406494,24.7537645,-17940.8047161493,-1375.5748182907507,2994.9115408362477,0.0,6.4403651914589455,14.785868174266543,0.8532206606004297
0.6555833333333333,1994,56.8406494,24.7537645,-17972.00869500541,-1412.9348442895441,3158.888077636099,0.0,6.416177553515244,14.773501618510284,0.8500716901848329
1.213833333333333,1995,56.8406494,24.7537645,-17947.368130563053,-1323.6818686927686,3143.866901428296,0.0,6.16906979123003,14.759475210009215,0.8468677310802392
-0.3318333333333333,1996,56.8406494,24.7537645,-17904.053599456693,-1316.7032381853269,3135.063654868056,0.0,6.134291786655802,14.74542328770656,0.8444827919996098
0.9265833333333332,1997,56.8406494,24.7537645,-17854.61219788695,-1301.958634988609,3149.2633066688336,0.0,5.978823737661017,14.731352789277087,0.8429058700758512
0.6899166666666666,1998,56.8406494,24.7537645,-17823.123697720814,-1281.8835413322784,3156.1028656411786,0.0,5.858038577497687,14.716621456944134,0.8417266778960217
1.768333333333333,1999,56.8406494,24.7537645,-17737.74315659506,-1186.3823183251882,3115.3360397432893,0.0,5.873394720330956,14.701899040625726,0.840605810041457
2.1595,2000,56.8406494,24.7537645,-17737.838290393127,-1079.1496199517273,3158.5576359328547,0.0,5.868699559612437,14.687861523447907,0.8396031580048102
1.213833333333333,2001,56.8406494,24.7537645,-17679.53276538688,-1115.3828529621833,3322.7671718817764,0.0,5.9577443582954075,14.673854329883579,0.8386851404157685
1.6165833333333337,2002,56.8406494,24.7537645,-17569.52302369174,-1117.8942218109355,3340.8431052679302,0.0,5.887160140237561,14.659722519000878,0.8377391046040178
0.94725,2003,56.8406494,24.7537645,-17436.423130076477,-1115.4884896255774,3379.371963131022,0.0,6.017267518631407,14.645956650127893,0.8372550024503759
1.0446666666666669,2004,56.8406494,24.7537645,-17231.975119272098,-1106.7913934669627,3448.626052033331,0.0,6.058244070947193,14.632397663301179,0.8370626061704457
1.097,2005,56.8406494,24.7537645,-16984.308515564884,-1124.8031221789804,3518.0849071377706,0.0,6.042262218694841,14.618926837352076,0.836530656721205
1.6051666666666666,2006,56.8406494,24.7537645,-16795.43361986352,-1125.3894325420588,3563.9524086024826,0.0,6.072505218188807,14.605744974791625,0.8359729958030866
1.9600833333333327,2007,56.8406494,24.7537645,-16606.41616649146,-1111.1256385922375,3581.9717753694745,0.0,6.071041607923307,14.593023243279,0.8358095630187871
2.3280833333333333,2008,56.8406494,24.7537645,-16430.33354111792,-1060.4849038970935,3510.6194469706347,0.0,5.962085683676479,14.58117000965254,0.8358939859098655
1.2514166666666666,2009,56.8406494,24.7537645,-16449.711722675733,-1069.4920938444234,3555.476464138436,0.0,5.922026308602719,14.569877477341047,0.8362575069045386
0.3933333333333333,2010,56.8406494,24.7537645,-16123.725377477005,-1097.9570760158665,3701.2083583557524,0.0,6.058274471031006,14.558176684686579,0.8369367881046221
1.889916666666667,2011,56.8406494,24.7537645,-16023.254727599322,-1097.2969704747354,3753.658704189463,570.7384,6.065948680646995,14.54642210325522,0.8377364667575077
0.8304166666666667,2012,56.8406494,24.7537645,-15882.270485832745,-1048.6642781000114,3634.041838641995,570.7384,6.02923396726024,14.5351224385763,0.8390336466692278
1.6434166666666667,2013,56.8406494,24.7537645,-15941.759881627922,-1053.5351892493163,3644.6444856454227,570.7384,6.0311507768915815,14.52427810292666,0.8409996112260517
2.0972500000000003,2014,56.8406494,24.7537645,-15783.568181095961,-1062.9982155622129,3603.5682544857673,570.7384,6.021609100094156,14.51416206190339,0.8431095982813863
0.1939166666666666,1990,40.375713,-76.4626118,-18268.46589162799,-3307.548808397491,2419.871878644458,19.5178,5.8137537444317005,15.094692592122753,0.9676891951455221
0.1394166666666666,1991,40.375713,-76.4626118,-18272.642126248866,-3282.961193887591,2357.5840767625687,19.5178,5.907566772369586,15.114812178284517,0.9672633801819435
-1.07275,1992,40.375713,-76.4626118,-18193.66378112403,-3260.1583124408226,2273.1899340680866,19.5178,6.179597725334647,15.13604058027234,0.969077530660655
-0.1091666666666667,1993,40.375713,-76.4626118,-18119.10126317561,-3246.498118346115,2231.9077535043466,19.5178,6.540704838105659,15.155446009518611,0.9707143199951697
0.747,1994,40.375713,-76.4626118,-18046.636356704847,-3239.4931400621726,2241.1110699668975,19.5178,6.469831543199813,15.17344248091365,0.972195507943271
0.1624166666666666,1995,40.375713,-76.4626118,-17760.613424463812,-3252.062356408958,2282.141202948411,19.5178,6.71604559127101,15.191663670007273,0.9736877521540573
0.6084166666666667,1996,40.375713,-76.4626118,-17425.02881118869,-3262.7450854385547,2281.415048254923,19.5178,6.379298299003934,15.210328985781244,0.9751345767350545
-0.1944166666666666,1997,40.375713,-76.4626118,-17397.872170426075,-3253.6539455661095,2248.0628342194364,19.5178,7.0653897690036755,15.228337545128104,0.9763452573354818
1.0669166666666667,1998,40.375713,-76.4626118,-16953.29690522768,-3286.6887700131037,2336.4479302659743,19.5178,6.8304046859805325,15.245530853087772,0.9773859395340055
1.0679166666666666,1999,40.375713,-76.4626118,-16936.30958828013,-3276.340362590581,2300.8086956336997,19.5178,6.726577827450084,15.26243424677188,0.9783693100038916
0.4848333333333333,2000,40.375713,-76.4626118,-16655.551808736458,-3295.7085626109806,2367.6956152855205,19.5178,6.533308490026618,15.278914791736925,0.9792906306904726
1.1485833333333333,2001,40.375713,-76.4626118,-16583.347738411867,-3296.3815720834805,2375.272767351791,10.6973,6.568151925526796,15.29465753609878,0.9801310192405468
0.75325,2002,40.375713,-76.4626118,-16575.454813771557,-3289.465033258759,2363.1525113204475,10.6973,6.435867636096733,15.307665384746159,0.9807976971669398
0.68025,2003,40.375713,-76.4626118,-15989.78668419452,-3339.782122014594,2518.525005439683,10.6973,6.535199325286343,15.32065582880447,0.9814060973609009
0.52225,2004,40.375713,-76.4626118,-15675.89044382706,-3363.6145913353735,2589.7145226868797,10.6973,5.810396404462216,15.336072884122611,0.9820103459032303
0.53525,2005,40.375713,-76.4626118,-15574.383394067032,-3372.566077435298,2625.0480575993956,10.6973,5.512051184859725,15.350880958964568,0.9825280467569777
0.4536666666666666,2006,40.375713,-76.4626118,-16229.46095160181,-3300.8448386902523,2409.9045578306323,10.6973,4.810289064507878,15.367290755457786,0.982659216919624
0.8576666666666667,2007,40.375713,-76.4626118,-16018.69926334605,-3320.3823353392027,2458.60676496415,10.6973,5.0467248281695305,15.386126141879396,0.982656729215447
1.009083333333333,2008,40.375713,-76.4626118,-15922.823776251285,-3318.3331846722695,2457.3666319759513,10.6973,5.260678321897398,15.402214603213094,0.9829709837702395
0.9779166666666668,2009,40.375713,-76.4626118,-15688.867689224622,-3332.934016007798,2492.6865339302203,10.6973,6.321643630456499,15.415127199216649,0.9834581423940986
2.368583333333333,2010,40.375713,-76.4626118,-15662.179273663298,-3334.7331896018486,2495.466588093503,10.6973,5.2974214653483775,15.424108117400682,0.9840916817319637
0.44775,2011,40.375713,-76.4626118,-15619.170021793898,-3328.710281435703,2467.5721760009883,0.0,4.793661835218633,15.433919510021184,0.9848589821821084
1.1730833333333333,2012,40.375713,-76.4626118,-15777.287557631493,-3306.9125085003475,2413.153527502392,0.0,6.298598633927824,15.459994520219457,0.9857139898979829
1.0701666666666667,2013,40.375713,-76.4626118,-15602.512607948305,-3318.11001715154,2446.082474967008,0.0,5.800660818188208,15.552259657593758,0.9865843466786726
1.3255833333333331,2014,40.375713,-76.4626118,-15498.626252986445,-3319.739843069784,2439.7821645612876,0.0,5.719914976581218,15.65197933630535,0.9874339841501777
0.3205833333333333,1990,-29.6039267,28.3350193,-18286.675425561833,-3379.2426983152286,2308.6539624958195,0.0,6.041122192050002,14.402740401203314,0.9692537734950626
0.5531666666666667,1991,-29.6039267,28.3350193,-18287.284273343543,-3379.3301252922906,2308.8199576241705,0.0,6.107437679209946,14.41955872940077,0.9678159782127015
1.1099166666666669,1992,-29.6039267,28.3350193,-18284.218566051233,-3377.217876774802,2296.641417928281,0.0,5.338748404654792,14.435284035190694,0.9663702750686137
0.9155,1993,-29.6039267,28.3350193,-18284.571046002802,-3376.7347645409477,2295.980406495192,0.0,6.00048018384493,14.449691927619902,0.9647927538889908
0.1799166666666666,1994,-29.6039267,28.3350193,-18284.20846466935,-3376.9090275751832,2298.810091696347,0.0,5.978189826589691,14.46294986919969,0.9631705545274921
0.5091666666666667,1995,-29.6039267,28.3350193,-18285.103255351547,-3377.925349057967,2305.098575717429,0.0,5.976772241844706,14.475141802144574,0.9615147061955572
-0.0175833333333333,1996,-29.6039267,28.3350193,-18285.248656085918,-3378.547373526806,2309.768660175764,0.0,5.376440140019171,14.48595087802248,0.9598211690173317
0.2208333333333333,1997,-29.6039267,28.3350193,-18281.75245308362,-3376.934654612712,2302.138200267596,0.0,5.516953414314545,14.494851874646569,0.9586403155147967
0.8596666666666667,1998,-29.6039267,28.3350193,-18288.93978359112,-3378.221025328927,2319.7306551230504,0.0,5.701336552492564,14.501451334657801,0.9579747744123283
1.3430833333333334,1999,-29.6039267,28.3350193,-18277.171584525917,-3372.915837778515,2275.7941966317467,0.0,5.386447742225043,14.505775087675703,0.9574526769369697
0.2735833333333333,2000,-29.6039267,28.3350193,-18276.148524966768,-3373.2843846249366,2280.8438058964716,0.0,5.306647077975964,14.507972503804524,0.9571846576887824
0.5535,2001,-29.6039267,28.3350193,-18286.435223723838,-3373.559926614778,2290.2390428010945,0.0,5.209232678096461,14.508394703933654,0.9571448707357276
0.6498333333333334,2002,-29.6039267,28.3350193,-18286.624790713042,-3375.449639024488,2303.845624480601,0.0,5.230615126124107,14.507423977754302,0.9572000219477017
0.8483333333333333,2003,-29.6039267,28.3350193,-18287.251559582877,-3375.581647923876,2303.4345287552073,0.0,5.3620393981987675,14.505166651766036,0.9572206902511647
0.8558333333333333,2004,-29.6039267,28.3350193,-18284.301204355197,-3375.8883398869366,2307.4355411790007,0.0,5.701336552492564,14.501322904275831,0.9571578692102498
0.74125,2005,-29.6039267,28.3350193,-18283.32472496814,-3374.3219509006663,2296.534595461056,0.0,5.785505431458676,14.497305545521307,0.9569852460898377
0.43875,2006,-29.6039267,28.3350193,-18282.74224970037,-3374.6332063244577,2300.5465920409542,0.0,5.785505431458676,14.496979816243964,0.9565880117190593
0.5739166666666666,2007,-29.6039267,28.3350193,-18281.8379070588,-3374.611510593225,2299.7475393949985,0.0,5.785505431458676,14.500356377372919,0.9578069816978677
0.5164166666666666,2008,-29.6039267,28.3350193,-18320.58779104774,-3372.13131150563,2314.9639129363,0.0,5.230615126124107,14.506161625825337,0.9595173433256557
0.3916666666666666,2009,-29.6039267,28.3350193,-18318.51952603799,-3372.099210430141,2314.6410794778335,0.0,5.606195959298197,14.51323176171252,0.9604575121945031
0.92575,2010,-29.6039267,28.3350193,-18319.879823754174,-3371.905514794152,2315.050257739448,0.0,5.4918222396307,14.519967540916662,0.9619377397562549
0.4349166666666666,2011,-29.6039267,28.3350193,-18313.3112087914,-3372.157608846261,2315.307265608999,0.0,5.90732085437857,14.527320991489718,0.9636437050328515
0.6058333333333333,2012,-29.6039267,28.3350193,-18314.953341008753,-3372.0481875737805,2314.4215691256472,0.0,5.309002180078001,14.535649170218713,0.9655526687354835
0.84025,2013,-29.6039267,28.3350193,-18310.032348716893,-3373.4025605448014,2323.1448609583317,0.0,5.418354304701223,14.544959773399995,0.9673881903851226
1.1403333333333332,2014,-29.6039267,28.3350193,-18314.419663626522,-3373.903319928222,2325.95917768227,0.0,4.774357025481187,14.555179617793739,0.9689940401346467
0.5941666666666666,1990,5.7499721,-9.3658524,-18596.09571201127,-3381.34839685144,2663.2287600276836,13660.148,0.912483493531201,14.608380894084634,0.9832382429413671
0.47025,1991,5.7499721,-9.3658524,-18617.973191577992,-3384.366055371599,2672.929225442029,13660.148,0.912483493531201,14.477804639041253,0.9751139448074269
0.3299166666666667,1992,5.7499721,-9.3658524,-18615.673584143206,-3384.1155161773995,2672.4125507347944,13660.148,0.912483493531201,14.534630019794138,0.9740537140724869
0.4758333333333333,1993,5.7499721,-9.3658524,-18595.676394554426,-3388.3601101719805,2666.9429861998447,13660.148,1.0618791456118888,14.572932631164852,0.9726563981327584
0.47225,1994,5.7499721,-9.3658524,-18421.917978951187,-3387.9325678914493,2531.928204282795,13660.148,1.0618791456118888,14.569375532470584,0.9709641429237851
0.70975,1995,5.7499721,-9.3658524,-18419.851830184412,-3386.010803677119,2530.0391831802276,13660.148,1.1138620838749855,14.577447989485018,0.9694953957655936
0.6098333333333333,1996,5.7499721,-9.3658524,-18612.546617205917,-3389.4098231879652,2682.161283333887,13660.148,1.1540469955562103,14.60576947636608,0.9685658907804713
0.9730833333333332,1997,5.7499721,-9.3658524,-18610.071369128364,-3384.541450597803,2666.3685787824265,13660.148,1.237620323738154,14.683996639890289,0.9682347247708695
1.2955833333333333,1998,5.7499721,-9.3658524,-18604.70874989323,-3379.2371059510315,2657.5273485088537,13660.148,1.314744652279815,14.785995492519909,0.9685462114109303
0.707,1999,5.7499721,-9.3658524,-18600.490532398704,-3377.3746408415545,2656.8725288135715,13660.148,1.314744652279815,14.841460034859388,0.9687754500019055
0.5164444444444444,2000,5.7499721,-9.3658524,-18537.860071506257,-3346.518053072451,2581.63954406369,13660.148,1.3546230791634255,14.87857269538359,0.9691188412815221
0.6077499999999999,2001,5.7499721,-9.3658524,-18523.575447493928,-3327.9830495331803,2537.772896821589,13660.148,1.3420812064435652,14.907987061141473,0.9697311416668979
0.8565833333333334,2002,5.7499721,-9.3658524,-18515.51555677852,-3316.81416712648,2506.835994097688,13660.148,1.339883863297227,14.934121206405699,0.9704788614148875
0.9355833333333332,2003,5.7499721,-9.3658524,-18516.99582463072,-3304.4097769208347,2480.531320243128,13660.148,1.5842431737995444,14.942117967414125,0.9708975037115968
0.9456666666666664,2004,5.7499721,-9.3658524,-18474.630747591815,-3304.300229159078,2478.2032668997103,13660.148,1.671040879044569,14.954127547258954,0.971416034245451
1.1296666666666668,2005,5.7499721,-9.3658524,-18460.49576461217,-3302.768135378617,2470.550664218861,13660.148,2.211905176954318,14.99917391458226,0.9724797623109463
1.10025,2006,5.7499721,-9.3658524,-18450.133874825457,-3289.843384692506,2454.5177183415603,13660.148,2.1586223395542774,15.055447914516156,0.9736937704700793
1.0094166666666666,2007,5.7499721,-9.3658524,-18442.65187382938,-3293.3597818463254,2443.639505256205,13660.148,1.8735237710306947,15.105498017717895,0.975015603355102
1.1436666666666666,2008,5.7499721,-9.3658524,-18458.068817467632,-3283.7839277476523,2420.7704255486638,13660.148,1.6144453542446395,15.146262610407199,0.9764046651634265
1.3916666666666666,2009,5.7499721,-9.3658524,-18470.71765666037,-3243.4500690898935,2380.198005158269,13660.148,1.1964646888356143,15.177785242521546,0.9777643284198158
1.3770833333333332,2010,5.7499721,-9.3658524,-18451.476245227586,-3275.25733367326,2393.724297569968,13660.148,2.110067735221597,15.2067812665027,0.9790752298239145
1.0918333333333334,2011,5.7499721,-9.3658524,-18445.5323730857,-3271.3043209552707,2386.930475706795,13659.7091,2.279357406874742,15.246096886279702,0.9806395990544811
0.8639166666666666,2012,5.7499721,-9.3658524,-18418.100566213358,-3274.5576819716507,2390.7845640047935,13659.7091,2.527015815547808,15.281479866834617,0.9820724241120863
0.9545833333333332,2013,5.7499721,-9.3658524,-18387.163748677485,-3275.932123834466,2397.153150124058,13659.7091,2.1369082413281646,15.303303185851654,0.9832135291590683
0.96775,2014,5.7499721,-9.3658524,-18357.59780427027,-3262.75233322924,2393.8578168839613,13659.7091,1.9525026563615067,15.323889357097684,0.9843601057119862
0.4519166666666667,1990,26.8234472,18.1236723,-15360.957814171677,-3590.0943638703598,3082.3330902857956,0.0,7.015559679918135,15.259362017327813,1.1494969182979893
0.0081666666666666,1991,26.8234472,18.1236723,-15435.190496222132,-3562.88137781295,3007.9095293985765,0.0,6.90808078599898,15.283838950448278,1.1459858379804468
-0.2358333333333333,1992,26.8234472,18.1236723,-15465.305768174274,-3543.7242487015446,2958.4650219160126,0.0,6.43697739808093,15.307250156153032,1.1428073497636309
0.3436666666666666,1993,26.8234472,18.1236723,-15499.116564472917,-3514.894513078727,2850.3376731117123,0.0,6.758747229799838,15.329531684911865,1.1399876637960666
0.3989166666666666,1994,26.8234472,18.1236723,-14397.587279356116,-3597.4041580082194,3061.693485679469,0.0,6.612643219075159,15.350503980090307,1.1372353088801754
0.5024166666666666,1995,26.8234472,18.1236723,-14228.795456121945,-3576.812887002328,2948.6431145944302,0.0,4.97177761903667,15.370082908316638,1.134326904432289
0.5190833333333332,1996,26.8234472,18.1236723,-13992.164870713945,-3586.3272921748244,2936.408734199532,0.0,6.510071328989964,15.388298178879094,1.1311939740210128
0.4105833333333333,1997,26.8234472,18.1236723,-14308.20182300779,-3552.0300555964996,2944.5747023248687,0.0,6.356394772253201,15.405224220030643,1.1278102415037898
0.645,1998,26.8234472,18.1236723,-13926.399804654546,-3559.3532090396075,2963.7905555465327,0.0,6.497371493991711,15.421133402271707,1.1242773839240288
1.29475,1999,26.8234472,18.1236723,-13797.887151333603,-3557.6275335183864,2925.389086787541,0.0,6.8524881202970525,15.436481310798763,1.120865924153645
0.4575,2000,26.8234472,18.1236723,-13716.820542402984,-3568.7403745526885,3036.0304565304928,0.0,7.548078826362167,15.455436937455017,1.1109534486112391
1.2081666666666666,2001,26.8234472,18.1236723,-13773.516198168209,-3548.1497875893947,2986.9912090949306,0.0,7.050775628716596,15.478662681999648,1.0949338790731953
0.9366666666666664,2002,26.8234472,18.1236723,-13743.842255188074,-3573.139815094851,3027.6913534197374,0.0,6.586879266507452,15.502895321760187,1.0795354124868475
0.914,2003,26.8234472,18.1236723,-13482.554559695714,-3577.2490355718332,2979.9983810759495,0.0,6.4103823933289314,15.52798165993251,1.0647727988144762
0.7925,2004,26.8234472,18.1236723,-13376.685431841497,-3584.912549924928,3027.5271446062234,0.0,5.184562046245265,15.553792419103072,1.0507302682271393
0.7294166666666667,2005,26.8234472,18.1236723,-12960.826214365889,-3550.087846473112,2678.952565039862,0.0,4.965697480088225,15.579896261019824,1.0375773080735455
0.7228333333333333,2006,26.8234472,18.1236723,-12512.181274326018,-3600.941614682421,2907.2724622111623,0.0,5.816092963205343,15.602821647807266,1.0314423914377935
0.8371666666666666,2007,26.8234472,18.1236723,-12759.544698797114,-3592.901198173838,2887.3352547515287,0.0,5.749496356361522,15.623336599149708,1.0319883009947688
0.9981666666666666,2008,26.8234472,18.1236723,-12962.390529633954,-3590.4303597041157,2982.9169588472255,0.0,5.853722473423898,15.644625379847115,1.032881565264732
0.8308333333333334,2009,26.8234472,18.1236723,-12271.9797591025,-3645.7614374610393,3172.829972765256,0.0,5.747394174328056,15.665569123539882,1.0335324493702474
2.0626666666666664,2010,26.8234472,18.1236723,-11951.92473824311,-3666.56831397711,3246.431084272789,0.0,5.994964913670607,15.686079205150042,1.0338451686838597
0.6471666666666666,2011,26.8234472,18.1236723,-14110.95142714297,-3474.12337098289,2697.5321716547933,0.0,4.29340141067889,15.638143660457477,1.0356631555400577
0.8479166666666668,2012,26.8234472,18.1236723,-14397.108515625265,-3443.2569787626007,2653.650972605078,0.0,5.6258715265012205,15.585343215412886,1.0370547358572546
1.1908333333333334,2013,26.8234472,18.1236723,-15319.31642678299,-3335.639361642993,2335.9678152789756,0.0,5.743153881582811,15.604803821939928,1.0359681223726436
1.2605833333333334,2014,26.8234472,18.1236723,-13336.767831889912,-3546.2668273050945,3016.293526560603,0.0,5.749496356361522,15.623432704567913,1.0344725997849342
1.059,1990,47.1416307,9.5531527,-17155.194525502,-1526.5391218178127,-3197.1214080360182,11.8279,0.7476827132079593,10.266914649297394,0.98790601243953
0.21625,1991,47.1416307,9.5531527,-17180.320789065605,-1427.1170450080745,-3444.587062588904,11.8279,0.3131304969053683,10.280793212183719,0.9875298126064735
1.2319166666666663,1992,47.1416307,9.5531527,-17245.264118820265,-1519.185822494421,-3175.697430036739,11.8279,0.43171747925223014,10.294887542319458,0.986635325721961
0.735,1993,47.1416307,9.5531527,-17159.56010525537,-1526.2116693270887,-3196.595211243992,11.8279,0.5269745255053616,10.30935258066562,0.985840005293456
1.9625,1994,47.1416307,9.5531527,-17157.282784414405,-1519.6471845917706,-3214.3278497826986,11.8279,0.5196862521981872,10.3237099016192,0.9850045638284001
0.6923333333333334,1995,47.1416307,9.5531527,-17157.38627996834,-1519.6098156854998,-3214.4342386367657,11.8279,0.5732368838873878,10.33822015832486,0.9837528898022091
-0.09375,1996,47.1416307,9.5531527,-17153.47422639429,-1511.9942709818683,-3235.791237906839,11.8279,0.6940467758027813,10.35255478701417,0.9814732848561493
1.1666666666666667,1997,47.1416307,9.5531527,-17158.817392235494,-1519.611031882891,-3213.140486434515,11.8279,0.6450068052320104,10.366277727263562,0.9782067247820674
1.066,1998,47.1416307,9.5531527,-17158.017077736255,-1519.6752314517635,-3212.9486497395405,11.8279,0.766815770485146,10.379380058262003,0.9747852760736196
0.98125,1999,47.1416307,9.5531527,-17157.16106849639,-1519.7463204796834,-3212.7349107035484,11.8279,0.83945288314953,10.392527584230196,0.9717671241158335
1.6975833333333334,2000,47.1416307,9.5531527,-17156.06601443545,-1519.845796817039,-3212.4374588115884,11.8279,0.630846154362566,10.405050409022934,0.9695849236641222
1.0446666666666666,2001,47.1416307,9.5531527,-17155.056262199545,-1519.9378682250301,-3212.1619270672145,0.0432,0.6979854572001946,10.415562395702551,0.9689103887676244
1.7263333333333335,2002,47.1416307,9.5531527,-17154.315784597467,-1520.0022103844674,-3211.965903105812,0.0432,0.6843586745268659,10.425045379631145,0.9691992986557568
1.5771666666666666,2003,47.1416307,9.5531527,-17153.702261585207,-1520.053253387651,-3211.808939889712,0.0432,0.9287330047640423,10.4341158035983,0.9702149852233876
0.8450833333333333,2004,47.1416307,9.5531527,-17152.63683000392,-1520.150601107324,-3211.519458963428,0.0432,1.0022115143817554,10.442900633154032,0.971377665383068
0.4865,2005,47.1416307,9.5531527,-17152.285431533946,-1520.1759949926382,-3211.4408837533065,0.0432,0.8720880291944224,10.451724561300265,0.9715132178669098
1.3058333333333334,2006,47.1416307,9.5531527,-17150.903129804286,-1520.3068617993115,-3211.0527885028164,0.0432,0.8524559630448272,10.45995553418082,0.971966314361612
1.7314166666666668,2007,47.1416307,9.5531527,-17150.087944043586,-1520.3793462468566,-3210.834833598089,0.0432,0.8940451229268352,10.467351447331982,0.9731110362636128
1.4175833333333332,2008,47.1416307,9.5531527,-17149.22549083056,-1520.4570838815107,-3210.605549740696,0.0432,0.882940752192601,10.474467099121865,0.9746750711217717
1.3505,2009,47.1416307,9.5531527,-17149.09903248193,-1520.4643546726961,-3210.582847360076,0.0432,0.6976370858327973,10.482205442345037,0.9767828447941486
0.34475,2010,47.1416307,9.5531527,-17143.488128056008,-1512.94286111433,-3232.3051804373404,0.0432,0.5972418236728742,10.48921654632878,0.9780861138641119
1.99625,2011,47.1416307,9.5531527,-17147.935150856,-1520.5639807081714,-3210.2882508162274,0.0,0.6864246347991185,10.496510484233493,0.9788385826771654
1.4495833333333332,2012,47.1416307,9.5531527,-17150.127049750958,-1520.3336802167833,-3210.952602981185,0.0,0.676916167449528,10.505204516490187,0.979771137263409
1.08275,2013,47.1416307,9.5531527,-17111.72527337287,-1515.993363258413,-3223.474300273716,0.0,0.6963420714564647,10.513388984492806,0.9803605057842346
2.2350833333333333,2014,47.1416307,9.5531527,-17122.642769570208,-1514.8710778204797,-3226.7226355238977,0.0,0.5680373695171009,10.521291382792283,0.9817832149153267
1.51975,1992,55.3500003,23.7499997,-15838.260717149036,1169.2853353725968,3886.8325254083006,0.0,6.727449928277987,15.149390206668713,0.8856617827873433
0.3189999999999999,1993,55.3500003,23.7499997,-16709.021772152115,1223.288098279878,3831.6923006744382,0.0,6.597374597925335,15.147488111114164,0.8835803323548831
0.8560833333333333,1994,55.3500003,23.7499997,-16406.038824117182,1179.7220259980677,3952.993472760387,0.0,6.325991321114841,15.142706772236775,0.8809577853483666
1.0825833333333332,1995,55.3500003,23.7499997,-16071.701737005329,1174.5439855938068,3995.9713134765334,0.0,6.162841428852392,15.136537332242769,0.8783575692867562
-0.48575,1996,55.3500003,23.7499997,-15914.036406476875,1131.5636545198327,4087.4237210118627,0.0,6.191818783411306,15.129777358296305,0.8760489080469039
0.76625,1997,55.3500003,23.7499997,-15945.161452614644,1135.4778515973758,4051.2217978575877,0.0,5.980342930567471,15.122462965824893,0.8740187752042332
0.7244999999999999,1998,55.3500003,23.7499997,-15583.085046295118,1118.5808740076104,4059.371313072905,0.0,5.846192212871859,15.11447803778283,0.872238640693587
1.7359166666666666,1999,55.3500003,23.7499997,-15662.093786153475,1104.8614313982305,4047.000889876995,0.0,5.486525314497969,15.105829117803006,0.8702815707519276
2.156416666666667,2000,55.3500003,23.7499997,-15446.63266189649,1082.1863289673845,4106.420328047206,0.0,5.339750054557058,15.096343287203155,0.8680348984205206
1.207833333333333,2001,55.3500003,23.7499997,-15205.79348868828,1059.0172553530672,4143.462448427394,0.0,5.278008531150152,15.085310989673172,0.8654977379122141
1.7620833333333332,2002,55.3500003,23.7499997,-15060.825120964351,1033.11844449578,4230.439396064578,0.0,5.331001377321517,15.0727773689176,0.8628812408897197
0.8943333333333333,2003,55.3500003,23.7499997,-14915.07187598444,1020.1004400255733,4241.71294450975,0.0,5.328926587780121,15.059571487594313,0.8604714136188539
0.9111666666666666,2004,55.3500003,23.7499997,-14723.815571787383,986.863738148652,4285.794300911515,0.0,5.408504963082589,15.04590813236583,0.85825308714367
0.96125,2005,55.3500003,23.7499997,-14271.753798056357,954.7065010588054,4277.951655461409,0.0,5.418734707152091,15.031471121127161,0.8560207436554256
1.413333333333333,2006,55.3500003,23.7499997,-14132.18972717531,900.4666706759634,4507.16474330127,0.0,5.508612327108435,15.016357782751603,0.8537907265024497
1.9176666666666664,2007,55.3500003,23.7499997,-12472.67923463005,769.2477925180461,4897.816467781643,0.0,5.547266666783993,15.001039719156607,0.8515791296200108
2.187,2008,55.3500003,23.7499997,-12462.616539417066,771.7999721852669,4821.111936913963,0.0,5.500224615344706,14.98625062139349,0.8500626560663925
1.1484166666666666,2009,55.3500003,23.7499997,-13976.916901753675,906.8194866377805,4399.966881524128,0.0,5.3733302148920705,14.97254237234378,0.8498169073392937
0.4212499999999999,2010,55.3500003,23.7499997,-13716.85928769549,880.9900326259913,4458.838641694323,0.0,5.48281114569114,14.959420888688856,0.8503926239398918
1.6880833333333332,2011,55.3500003,23.7499997,-12170.346881817484,726.0805359373576,4891.537552230192,1728.815,5.487207304220023,14.946847183440244,0.851684127399432
0.8342499999999999,2012,55.3500003,23.7499997,-11719.475921800016,731.4163695613062,4878.505864773158,1728.815,5.50205014178235,14.935016381939956,0.85359159314338
1.4954166666666666,2013,55.3500003,23.7499997,-11949.53646584333,781.8488588777551,4573.44350678929,1728.815,5.473367550873264,14.923475309028841,0.8559776463038747
2.0050833333333333,2014,55.3500003,23.7499997,-11314.368228380714,694.3438899604666,4705.152692050485,1728.815,5.499309374020318,14.912430749175941,0.8587917377048366
1.78175,2000,49.6112768,6.129799,-17812.064986151778,-3455.949311587711,2786.1165175488227,2.3071,3.9004725550663037,12.984543947130314,0.9734802324896599
1.1268333333333334,2001,49.6112768,6.129799,-17880.390255496543,-3448.3472982787816,2765.3207169534785,0.0,4.034141518195927,12.997366887229644,0.9723138538006991
1.596,2002,49.6112768,6.129799,-17859.18998153898,-3450.565768302775,2771.4092515612147,0.0,4.033746710880667,13.007879144709534,0.9729266954551891
1.6489166666666666,2003,49.6112768,6.129799,-17905.41620483041,-3445.087857948553,2762.3040197910263,0.0,4.093674337671796,13.020000586299343,0.9752346775781712
0.8750833333333333,2004,49.6112768,6.129799,-17845.10146480979,-3449.4178174761155,2779.2637551835064,0.0,4.032564898601635,13.034161473837264,0.9786483636175032
1.165333333333333,2005,49.6112768,6.129799,-17861.19206980484,-3447.0351605473725,2775.6234090398393,0.0,4.092512885726464,13.049491563968418,0.9805548928047991
1.6143333333333334,2006,49.6112768,6.129799,-17838.483288990315,-3450.1974461743466,2784.8655690591427,0.0,4.093449161470468,13.06558771383556,0.9816975203768725
1.7371666666666667,2007,49.6112768,6.129799,-17831.092903335677,-3450.8026288509955,2787.297715973587,0.0,4.149115220233256,13.081268428968876,0.98253652168165
1.2016666666666669,2008,49.6112768,6.129799,-17883.75002974901,-3444.9595375426393,2770.4185049308176,0.0,4.149115220233256,13.099371068478062,0.9842401059051888
1.2159166666666668,2009,49.6112768,6.129799,-17920.028619797944,-3441.734302565602,2757.812774061523,0.0,4.303174155896826,13.118090260631151,0.9871638288191201
0.0118333333333333,2010,49.6112768,6.129799,-17889.26869375463,-3443.901296598963,2766.8031347978686,0.0,4.303474378225886,13.136404340104084,0.9897660876082546
1.91425,2011,49.6112768,6.129799,-17862.823853323884,-3445.77328501314,2772.1881990404904,0.0,4.092384308846914,13.15812812558422,0.9934910309329907
1.14625,2012,49.6112768,6.129799,-17883.33041697426,-3444.272598563931,2768.6639087675235,0.0,4.0922540452801135,13.181735450403025,0.9978048376408217
0.6477499999999999,2013,49.6112768,6.129799,-17888.612488365063,-3443.557528500005,2767.4205176949135,0.0,4.203397751560601,13.204986138491165,1.0010907014020671
2.3926666666666665,2014,49.6112768,6.129799,-17880.990806914462,-3444.594380390705,2765.9661299166846,0.0,4.202949309664428,13.228649464588646,1.0032422501215843
0.1503333333333333,1990,-18.9249604,46.4416422,-17031.2408108019,345.77791141985,-2632.7991103437676,25023.3671,6.453810556478968,16.2905994206148,1.0151581650044348
0.4098888888888889,1991,-18.9249604,46.4416422,-17035.128451803062,331.6466262211409,-2594.336021915746,25023.3671,5.889313763632963,16.320649481299377,1.0144918595363888
0.4225454545454545,1992,-18.9249604,46.4416422,-17002.33662907418,375.52474474670345,-2723.500878548093,25023.3671,6.718950157231899,16.351058197768914,1.0138565144969651
0.4029999999999999,1993,-18.9249604,46.4416422,-16956.87801540754,437.414244714215,-2904.9633229608044,25023.3671,5.474494333959157,16.382004798402427,1.0132226904243693
0.2580833333333333,1994,-18.9249604,46.4416422,-17012.046034548144,358.9023899465982,-2681.36528166847,25023.3671,5.120764819926201,16.413457235330217,1.0125595104713265
0.38525,1995,-18.9249604,46.4416422,-16991.83257859159,401.78720453741346,-2737.6941215742136,25023.3671,5.72725886827723,16.445176641837726,1.0118236436318124
0.2623333333333333,1996,-18.9249604,46.4416422,-16990.609152966015,410.064044379273,-2734.1609625347414,25023.3671,5.365550877934914,16.476989910393584,1.0110371071424458
0.66425,1997,-18.9249604,46.4416422,-16960.2263095533,441.2858897243534,-2843.892406968572,25023.3671,5.860602445896042,16.508711248808233,1.0104027701543215
0.765,1998,-18.9249604,46.4416422,-16940.134879924408,478.5552997265616,-2929.1636349360224,25023.3671,8.061723980713454,16.540151370613632,1.0100049937324638
0.4495454545454546,1999,-18.9249604,46.4416422,-16938.581086476846,500.7297545411468,-2911.3648404490077,25023.3671,7.78042859612048,16.571136535371718,1.0098102094658907
0.469,2000,-18.9249604,46.4416422,-16939.437447390133,471.055839278306,-2883.9511560844176,25023.3671,8.451034572495349,16.60153554544848,1.0097930188814639
0.677,2001,-18.9249604,46.4416422,-16973.913383300387,456.21881918275875,-2741.479846973702,21749.0457,7.880990147518304,16.631497912340695,1.0098761345472378
0.5290833333333333,2002,-18.9249604,46.4416422,-17002.053762495223,440.48713916577157,-2652.4141781484204,21749.0457,7.246468288908903,16.661113596498453,1.009948535454087
0.7196666666666666,2003,-18.9249604,46.4416422,-16927.114229271243,442.21957257222175,-2692.2010097883417,21749.0457,7.533777043274702,16.690447701557048,1.0099497804845272
0.4776666666666667,2004,-18.9249604,46.4416422,-16915.42067247042,465.990277206293,-2740.5223006034635,21749.0457,6.922904034975534,16.71971804805236,1.0098089936514754
0.5954166666666667,2005,-18.9249604,46.4416422,-16863.59433303272,532.8572834247043,-2980.9233946080863,21749.0457,6.988887884808538,16.748950904896343,1.0095975804631079
0.864,2006,-18.9249604,46.4416422,-16846.557301980138,541.223781127523,-3013.2118413677863,21749.0457,7.065806803469427,16.778218429517064,1.0094141936802357
0.72275,2007,-18.9249604,46.4416422,-16785.583996675585,550.7897861077065,-3073.7983111046315,21749.0457,7.57580899562155,16.807483624545377,1.009136372001099
0.603,2008,-18.9249604,46.4416422,-16804.090853140882,563.1088764632655,-3130.004280871416,21749.0457,7.742217126251428,16.836598590032423,1.0088537597558227
0.8984166666666668,2009,-18.9249604,46.4416422,-16791.660142540182,596.1616603242446,-3211.059731596112,21749.0457,7.142319841544989,16.86559331792834,1.0086274438931266
1.17975,2010,-18.9249604,46.4416422,-16764.09825537357,630.7022598246841,-3276.1453811837937,21749.0457,7.095592231314178,16.894252809411054,1.0083965020289551
1.14125,2011,-18.9249604,46.4416422,-16885.598721077247,500.13507617468997,-2853.9528119691754,7324.4673,7.9287454856747575,16.922254414773658,1.0081209356908012
0.8553333333333333,2012,-18.9249604,46.4416422,-16820.995756072665,549.2986893794531,-3053.9738643377596,7324.4673,7.589679567826698,16.949535869494444,1.0078087434846998
0.73075,2013,-18.9249604,46.4416422,-17006.84478952697,268.3595658273051,-2224.5249142133675,7324.4673,7.120456078063669,16.976251760891707,1.0074111777768662
0.8194166666666667,2014,-18.9249604,46.4416422,-17005.17127759595,292.4336396399096,-2339.9862915671506,7324.4673,7.219444026383822,17.002523138602925,1.0069951508343384
0.6818333333333334,1990,-13.2687204,33.9301963,-18504.230171219107,-2968.208606935429,2640.500593485377,7068.6,3.203425074404503,16.07096892750393,0.9483957236726548
0.0575833333333333,1991,-13.2687204,33.9301963,-18491.06149304697,-2966.2705664910854,2635.6593562091257,7068.6,3.203425074404503,16.10111051679806,0.9482543340688477
0.8275,1992,-13.2687204,33.9301963,-18496.62476328507,-2971.3908225368555,2649.340602905453,7068.6,3.203425074404503,16.1295715502133,0.9481154522954934
0.1965833333333333,1993,-13.2687204,33.9301963,-18524.39767747635,-2963.6064645706165,2654.0910851659746,7068.6,3.3367157477953615,16.143493673225358,0.9479474755500827
0.20475,1994,-13.2687204,33.9301963,-18531.67090694576,-2969.23557289201,2675.392782905018,7068.6,3.3367157477953615,16.13118955046948,0.9477278878923215
0.8698181818181818,1995,-13.2687204,33.9301963,-18517.927174070282,-2962.292193371893,2658.813727051203,7068.6,3.4551488067546283,16.129313989431115,0.9484445586768445
0.1818181818181818,1996,-13.2687204,33.9301963,-18529.057782900058,-2960.2709188172025,2637.796111667607,7068.6,3.344217775364597,16.14867606709696,0.9500908230512762
0.6018333333333333,1997,-13.2687204,33.9301963,-18494.674288237784,-2966.5265316675,2649.819019131171,7068.6,3.344217775364597,16.168092515343535,0.9516543715296646
1.128,1998,-13.2687204,33.9301963,-18503.206464990966,-2954.1528981460824,2620.5113956889277,7068.6,3.1590154109704955,16.188782886199945,0.9527749444050421
0.3779166666666667,1999,-13.2687204,33.9301963,-18476.42981087479,-2948.101323732089,2616.4225339632267,7068.6,3.113430861200297,16.211035387116073,0.9512331989062097
0.6362500000000001,2000,-13.2687204,33.9301963,-18476.365290309823,-2951.208126138978,2598.691162529504,7068.6,3.0906605622653758,16.234044739294216,0.9479274776327382
0.654,2001,-13.2687204,33.9301963,-18461.20646413621,-2934.8755882538876,2587.2775710453066,7068.6,3.1647954924008626,16.257754892407746,0.9453057488842949
0.9601666666666668,2002,-13.2687204,33.9301963,-18479.901551780662,-2924.2312743104453,2564.687772857743,7068.6,3.1624028231385193,16.28229549692411,0.9429677974610916
1.0610833333333334,2003,-13.2687204,33.9301963,-18456.846608806638,-2914.094094199942,2557.6052310164337,7068.6,3.329285969661828,16.307720887497034,0.9407973219231418
0.7975,2004,-13.2687204,33.9301963,-18465.212907824396,-2921.098671199707,2559.042211728853,7068.6,3.3334572965391334,16.33412128993214,0.9387947592905247
1.4533333333333331,2005,-13.2687204,33.9301963,-18439.9415513085,-2904.652222079766,2538.844771713382,7068.6,3.3466848760823495,16.36148479027066,0.9369594669904537
0.9176666666666669,2006,-13.2687204,33.9301963,-18422.090787847603,-2913.5313436446804,2524.1583055750198,7068.6,3.3333395800253327,16.38951929351974,0.9353605015119004
0.8988333333333333,2007,-13.2687204,33.9301963,-18407.28603944726,-2897.214731498365,2477.9549677038085,7068.6,3.5050227195373487,16.417864112849035,0.9343089923577709
0.4971666666666667,2008,-13.2687204,33.9301963,-18372.41387516208,-2879.874448519184,2438.337962686576,7068.6,3.8417035401188677,16.44663810119371,0.9347403989909958
0.6820833333333334,2009,-13.2687204,33.9301963,-18361.546804868445,-2882.444072210935,2414.584544271336,7068.6,3.868862862902349,16.475695407126363,0.9362343630626636
1.005,2010,-13.2687204,33.9301963,-18362.33321964791,-2853.7308315287296,2365.085496194947,7068.6,3.7504495112184912,16.5046104644316,0.937694596596401
0.908,2011,-13.2687204,33.9301963,-18326.0220016793,-2857.091324435604,2334.816009563002,7068.6,3.7761253869265317,16.533253234895724,0.9390065501554485
0.912,2012,-13.2687204,33.9301963,-18315.390535564857,-2839.420197243035,2293.258604409959,7068.6,3.8963731832878308,16.561578890433704,0.9401393052617633
0.7248333333333333,2013,-13.2687204,33.9301963,-18300.99430617749,-2842.7582352490813,2258.184978135077,7068.6,3.930306832872702,16.589646520110815,0.9411179494335611
1.10025,2014,-13.2687204,33.9301963,-18276.818955895324,-2845.602981177379,2223.144063466819,7068.6,3.5570894016191295,16.61753465249834,0.9418788040273975
0.56025,1990,4.5693754,102.2656823,-9729.734606198661,15145.14019070886,3650.90891877586,42354.9935,6.649128451587548,16.678685535735898,1.0267360084267154
0.437,1991,4.5693754,102.2656823,-9493.856613855645,15107.63226542977,3887.503786497461,42354.9935,6.750625098180285,16.706852123222998,1.0265927047469996
0.4129166666666666,1992,4.5693754,102.2656823,-9174.07681648879,15064.477165540786,3921.9428192127198,42354.9935,6.87246379628247,16.734723924626387,1.026457572296848
0.3241666666666666,1993,4.5693754,102.2656823,-8820.457368708276,15032.699208885375,4038.8416605225166,42354.9935,6.902284943945057,16.762581649030338,1.0263445008048437
0.4376666666666666,1994,4.5693754,102.2656823,-7965.093177636745,14957.85770794562,4193.975318530065,42354.9935,6.947082909496476,16.790463529430497,1.026276936451062
0.4995,1995,4.5693754,102.2656823,-7716.410320696559,14759.061163016388,4308.288187523246,42354.9935,7.032778265055803,16.818063914944098,1.0262109865177784
0.477,1996,4.5693754,102.2656823,-7060.5307611755115,11662.675194324567,3433.1034910092717,42354.9935,7.087737685429164,16.8451151811009,1.0261387809097047
0.7785833333333333,1997,4.5693754,102.2656823,-6884.538569998905,13116.03160348744,3972.692262736831,42354.9935,7.168056031256637,16.871828723172932,1.0260329091975064
1.2240833333333334,1998,4.5693754,102.2656823,-5650.391937641499,34386.467196303325,10841.476129993098,42354.9935,7.061360610133835,16.897903943005428,1.0258845144430093
0.4624166666666667,1999,4.5693754,102.2656823,-4444.3294847055595,11079.02833112593,4186.805900515114,42354.9935,6.18093259016229,16.923171206491087,1.0257022464278664
0.4912499999999999,2000,4.5693754,102.2656823,-1186.89852369109,10992.309895545892,5052.333180912831,42354.9935,6.155751113414897,16.94861714316168,1.028069106102455
0.6813333333333333,2001,4.5693754,102.2656823,-487.4419135035068,7024.789737276947,4011.5351467376563,32600.0895,6.10016849227107,16.974318535988086,1.0328128627900388
0.8363333333333333,2002,4.5693754,102.2656823,3310.1894856309386,12655.376748723396,6861.745053492101,32600.0895,6.098043495175472,16.999482052680406,1.0373164997485258
0.7062499999999999,2003,4.5693754,102.2656823,5106.051869993356,12167.202327700954,7259.1216116397345,32600.0895,6.088232300499267,17.02390811704618,1.0414950767357185
0.7594166666666666,2004,4.5693754,102.2656823,5068.743566468928,19543.249043930304,9420.594975105822,32600.0895,6.023151665401552,17.047628201681952,1.045386665788224
0.9360833333333334,2005,4.5693754,102.2656823,6007.782837615869,21801.02525985491,10320.232937406829,32600.0895,6.157725105473957,17.070661839897106,1.0490095433513493
0.7680833333333333,2006,4.5693754,102.2656823,7022.987302316575,11171.03019177222,7358.702678309733,32600.0895,6.090824922875032,17.093010435432355,1.0523802098785235
0.7130833333333334,2007,4.5693754,102.2656823,7496.892417726041,16421.102648350785,8935.360527943081,32600.0895,7.806599705252387,17.114771333472667,1.0556202380147577
0.6386666666666666,2008,4.5693754,102.2656823,10145.865069208094,12307.23809962225,8373.611772918852,32600.0895,6.894957941248188,17.135653150526778,1.0587265887835722
0.8889999999999999,2009,4.5693754,102.2656823,8574.319963701997,27426.539551499507,12467.553969036671,32600.0895,6.579421753022712,17.155442420812715,1.0616766906328061
1.06725,2010,4.5693754,102.2656823,7348.255592248421,20111.324297726995,9536.497591200654,32600.0895,8.241588005576125,17.17302529484503,1.0622525613053366
0.7799166666666667,2011,4.5693754,102.2656823,7107.701075585849,17715.740070484237,8648.546975828225,0.0,8.109221434286772,17.189135729137476,1.0605875938138878
0.9179166666666668,2012,4.5693754,102.2656823,8921.293376837895,15075.137005523497,8204.143044009106,0.0,8.182189100541445,17.20531704232215,1.0589908462336357
1.1313333333333333,2013,4.5693754,102.2656823,10625.89160682426,15969.37035469812,8833.634408881398,0.0,8.17926370552288,17.221191473549965,1.0575036855734719
1.1978333333333333,2014,4.5693754,102.2656823,11284.247724958195,30358.427610010054,13786.042952690936,0.0,8.145660008522475,17.23672159040722,1.0560986907228718
0.517,1990,3.7203503,73.2244152,-18274.237945404886,-3167.5308872796145,1567.7816217991228,0.0,2.928448654747758,12.32366455181139,1.0836297284279945
0.5573333333333333,1991,3.7203503,73.2244152,-18274.49060596167,-3167.833717160856,1568.70459643381,0.0,2.9422576544381465,12.355138993448067,1.0792469391228023
0.1684999999999999,1992,3.7203503,73.2244152,-18283.080122209652,-3181.075354458683,1607.2878877915532,0.0,3.418290459088333,12.384787706730016,1.075400958133722
0.213,1993,3.7203503,73.2244152,-18274.83118473922,-3168.3580645329876,1570.32280261768,0.0,3.2538567937634464,12.412460602624343,1.0719221952535058
0.4763333333333333,1994,3.7203503,73.2244152,-18274.934267497603,-3168.6894541438323,1571.2289604056252,0.0,3.2042696724788384,12.437981667612153,1.0685607893636042
0.6626666666666666,1995,3.7203503,73.2244152,-18283.23105317125,-3182.079657954371,1610.1018559130118,0.0,3.348970318114514,12.461520740648233,1.0664740578306697
0.33175,1996,3.7203503,73.2244152,-18282.74186997219,-3181.9507957399587,1609.7734027177078,0.0,3.4646290404535485,12.483105718116423,1.066302236701961
0.6956666666666668,1997,3.7203503,73.2244152,-18331.170075530918,-3256.2145264872297,1824.484510686363,0.0,3.7946236461585636,12.502611629487827,1.0669391455329087
0.8219166666666666,1998,3.7203503,73.2244152,-18333.871401322496,-3255.769195169054,1824.5179380534537,0.0,3.6773456953001267,12.520138582525972,1.0676489023478504
0.3010833333333333,1999,3.7203503,73.2244152,-18334.53710715851,-3255.3013635663597,1824.4208358789747,0.0,3.947237627982148,12.535775593557037,1.0682472279444026
0.28525,2000,3.7203503,73.2244152,-18330.745632311984,-3254.7263056603956,1818.6606430248748,0.0,3.7679216614538893,12.551458608022706,1.0682392216292196
0.4380833333333333,2001,3.7203503,73.2244152,-18331.851835369256,-3254.232900347908,1818.2430575592762,0.0,3.778893817622706,12.56836229745401,1.0676818342100907
0.60075,2002,3.7203503,73.2244152,-18330.947097492895,-3253.8925734914524,1817.7067890517505,0.0,4.0150975101528985,12.585477789982765,1.067328231316575
0.5689166666666666,2003,3.7203503,73.2244152,-18330.878801010156,-3253.9088786340185,1817.1509830155394,0.0,3.8107430418707766,12.602248071175623,1.0674002559679483
0.3698333333333334,2004,3.7203503,73.2244152,-18329.55050746681,-3253.6262001342175,1816.7516549350703,0.0,4.035130507587845,12.618625906556723,1.0677114700246373
0.7815833333333333,2005,3.7203503,73.2244152,-18329.127238880246,-3253.4703646587964,1816.2282782920972,0.0,3.9800759686730367,12.634661656772375,1.0680740421404322
0.262,2006,3.7203503,73.2244152,-18328.40953160469,-3253.2262196906713,1815.7664957837655,0.0,4.269640105398467,12.658424520193709,1.08345040555585
0.38425,2007,3.7203503,73.2244152,-18328.19539428312,-3253.0956824891427,1815.0876351421894,0.0,4.323175907325922,12.691968078486322,1.117491517034316
0.2010833333333333,2008,3.7203503,73.2244152,-18325.808824725813,-3252.829707124564,1813.797807380925,0.0,4.312458151125518,12.727490968044318,1.1547962466659418
0.5593333333333333,2009,3.7203503,73.2244152,-18324.78146843616,-3252.6207999537646,1813.2943315712275,0.0,4.238268844521865,12.762933212757115,1.191094677899283
0.5955833333333334,2010,3.7203503,73.2244152,-18324.94254509829,-3252.388515016258,1813.3933467033012,0.0,4.331644766916128,12.798222002260172,1.2263723407530556
0.6463333333333333,2011,3.7203503,73.2244152,-18324.276791075543,-3252.160188674851,1812.859253951819,0.0,4.423543987376589,12.833186855485682,1.260633320252362
0.5658333333333333,2012,3.7203503,73.2244152,-18324.01433940484,-3251.886802124689,1812.5305921793702,0.0,4.477994552666466,12.867574348254573,1.2941813725780384
0.6739999999999999,2013,3.7203503,73.2244152,-18323.004959803773,-3251.661758831952,1811.7293657412624,0.0,4.27707853396132,12.901035676435523,1.3268995151409575
0.7481666666666666,2014,3.7203503,73.2244152,-18320.189889520443,-3251.3891837371084,1810.5770928432141,0.0,4.282268452156281,12.940213005957327,1.3465505979864412
0.85725,1990,16.3700359,-2.2900239,-18289.19760300363,-3057.2011653824584,1328.0797370606706,499.5833,1.9525026563615067,16.006608181572492,1.0098282450037546
0.6449166666666667,1991,16.3700359,-2.2900239,-18269.034531440015,-3028.2630369413346,1252.536233980826,499.5833,1.9525026563615067,16.026415464748027,1.0105669712349559
0.2855,1992,16.3700359,-2.2900239,-18269.290156427567,-3034.259005122675,1266.3650411147096,499.5833,1.9525026563615067,16.0466610866785,1.0113501443935384
0.93425,1993,16.3700359,-2.2900239,-18259.95252603002,-3022.306997213646,1223.9936932342982,499.5833,1.9525026563615067,16.067487385043073,1.011958936736958
0.1627499999999999,1994,16.3700359,-2.2900239,-18244.131517316982,-3001.512093025255,1158.0057942456951,499.5833,1.9525026563615067,16.08885189008603,1.0124669045676618
0.6941666666666665,1995,16.3700359,-2.2900239,-18273.16771811275,-2979.69936646002,1104.6506417164344,499.5833,1.9525026563615067,16.110173755438478,1.0131665240830956
1.1741666666666666,1996,16.3700359,-2.2900239,-18259.36346515092,-2965.210161458909,1046.8409668488791,499.5833,2.356448082884197,16.131200012524147,1.0142001233341245
0.8191666666666667,1997,16.3700359,-2.2900239,-18239.75683019718,-2945.289642969525,1006.0995290954544,499.5833,2.356448082884197,16.153395418008472,1.0153190128395755
1.223833333333333,1998,16.3700359,-2.2900239,-18233.620519591947,-2835.43403163047,880.0103846894749,499.5833,2.356448082884197,16.178294205550415,1.0163418925314953
0.2795,1999,16.3700359,-2.2900239,-18214.774603074562,-2839.8183316172485,818.1933782249641,499.5833,2.356448082884197,16.205831215660716,1.0173935379432628
0.6823333333333333,2000,16.3700359,-2.2900239,-18192.346941930027,-2875.778803445629,767.2644767170153,499.5833,2.356448082884197,16.234909417024667,1.0184224515378233
0.7707499999999999,2001,16.3700359,-2.2900239,-18147.391202913605,-2914.965615373103,657.6837943880004,4746.0417,2.356448082884197,16.26512020012205,1.019265240550544
1.1961666666666666,2002,16.3700359,-2.2900239,-18146.692321310456,-2940.4833775050975,683.004424510908,4746.0417,2.356448082884197,16.296464489377033,1.0198231501989716
1.1406666666666667,2003,16.3700359,-2.2900239,-18112.560256678033,-2907.1861826731392,555.786400620555,4746.0417,2.356448082884197,16.328532006757744,1.0201476838830315
1.3851666666666669,2004,16.3700359,-2.2900239,-18110.929304288395,-2925.342707446448,559.2473884781084,4746.0417,2.356448082884197,16.3611982879167,1.0203343756099663
1.3455,2005,16.3700359,-2.2900239,-18063.352711551164,-2874.0539283370863,387.9589274803514,4746.0417,2.356448082884197,16.39425289193111,1.020439152757056
0.9170833333333334,2006,16.3700359,-2.2900239,-18052.96378138054,-2869.1825850480404,369.64826413182686,4746.0417,2.356448082884197,16.42730988361338,1.0205113115508049
0.9760833333333334,2007,16.3700359,-2.2900239,-18019.625582060362,-2854.9525775995576,277.65877743299546,4746.0417,2.356448082884197,16.46033060830565,1.0205864056911416
0.5825,2008,16.3700359,-2.2900239,-17971.618469499088,-2803.375942371969,95.75448629657257,4746.0417,2.356448082884197,16.49317831839458,1.0206873336793003
1.079,2009,16.3700359,-2.2900239,-17936.05622904903,-2772.5183929922737,-20.264669435134557,4746.0417,2.643568567235416,16.525734062397696,1.0207954892673972
1.5730000000000002,2010,16.3700359,-2.2900239,-17885.06820139065,-2718.1194051285142,-231.86229709775432,4746.0417,2.643568567235416,16.55823145709548,1.020868092557777
1.025,2011,16.3700359,-2.2900239,-17871.09300889482,-2718.3175961707216,-263.6758967985516,679.4333,2.643568567235416,16.590579576723986,1.020906141968239
0.5126666666666667,2012,16.3700359,-2.2900239,-17839.372373555896,-2692.025891984333,-381.8809397485646,679.4333,2.643568567235416,16.619760664159973,1.0209743544935743
0.9559166666666666,2013,16.3700359,-2.2900239,-17653.991224926143,-2674.192570726508,-457.2820211477045,679.4333,3.7428087711390168,16.648961109178764,1.0209639541977529
0.8170000000000001,2014,16.3700359,-2.2900239,-17547.65898498812,-2661.142472530968,-532.3936136617705,679.4333,4.55348207682934,16.680667864358046,1.0208698006983543
0.9964166666666666,1990,35.8885993,14.4476911,-18552.547741932915,-3393.4624847452133,2615.3366369724295,0.0,2.628342992698055,12.808726028871373,0.9787177584871738
0.0509999999999999,1991,35.8885993,14.4476911,-18552.90230538148,-3392.577668036022,2612.845268646487,0.0,2.7811643462400886,12.817654501490203,0.9791014649910619
0.5271666666666667,1992,35.8885993,14.4476911,-18505.16099117028,-3391.530841392505,2576.080162987994,0.0,2.8140964815695906,12.826323811526704,0.9798068527864733
0.6135,1993,35.8885993,14.4476911,-18500.24872320715,-3390.9331810492063,2574.8003789441404,0.0,2.9070922983907206,12.835326430147866,0.9803047174740219
1.4406666666666668,1994,35.8885993,14.4476911,-18539.49795378503,-3391.0183927183057,2609.286743951178,0.0,2.9070922983907206,12.844140426073055,0.9812843460511854
0.5446666666666666,1995,35.8885993,14.4476911,-18534.734622782824,-3391.015766166731,2610.858260549757,0.0,2.9664321878424387,12.852777902644046,0.9828946206853576
0.5922499999999999,1996,35.8885993,14.4476911,-18525.849216987044,-3392.338590825241,2614.548079701882,0.0,2.840276575894597,12.861699666176197,0.9839336749143902
1.00175,1997,35.8885993,14.4476911,-18555.28043218926,-3388.9503605771833,2626.1479860082836,0.0,3.2267527205107625,12.870920655179821,0.98484461777197
0.74275,1998,35.8885993,14.4476911,-18549.742017234134,-3389.314066116833,2626.8437401117317,0.0,3.0462067327875215,12.880245955280392,0.9858730905650258
1.3981666666666666,1999,35.8885993,14.4476911,-18538.182738251122,-3389.9704738496507,2628.390522432582,0.0,2.9533517735280372,12.8891265600222,0.9868989498085772
1.1456666666666668,2000,35.8885993,14.4476911,-18534.76089260751,-3390.311636088346,2628.0999739468157,0.0,2.5752423561777165,12.897247883087891,0.9873059174337045
1.4290833333333337,2001,35.8885993,14.4476911,-18521.11834286864,-3390.740404748927,2632.834819081866,0.0,2.511053489030892,12.904585405588529,0.9870740770021346
1.0991666666666666,2002,35.8885993,14.4476911,-18505.677550232405,-3392.209025786855,2635.8975655306403,0.0,1.7655181580228279,12.910898859894756,0.9869256337115391
1.3559166666666669,2003,35.8885993,14.4476911,-18493.17794017932,-3392.8546285708235,2637.7615876148616,0.0,2.273640202270257,12.916371884907685,0.9864969757326343
0.809,2004,35.8885993,14.4476911,-18473.95133883068,-3394.657047438013,2642.743282614356,0.0,2.6553875485189042,12.920976425491759,0.9858927088039408
0.52875,2005,35.8885993,14.4476911,-18455.63079579142,-3396.335820843586,2646.8805157051697,0.0,2.0934800392336737,12.924419627111861,0.9851047458660589
1.14325,2006,35.8885993,14.4476911,-18428.799405851252,-3398.0647460561286,2653.484726288282,0.0,2.1542938795817648,12.926827697376634,0.9841010200438126
1.26725,2007,35.8885993,14.4476911,-18417.88363674904,-3398.8565537513764,2655.427520724848,0.0,2.202322671055651,12.928975210949782,0.9833804213373635
1.32825,2008,35.8885993,14.4476911,-18407.64358256213,-3399.238293347008,2657.3578112929576,0.0,2.8473598673028735,12.932175764147468,0.9834378463442837
1.1921666666666668,2009,35.8885993,14.4476911,-18401.254869430628,-3400.3924009634434,2659.436905261123,0.0,2.8566770813720677,12.93723789327764,0.9844112674441929
1.1425,2010,35.8885993,14.4476911,-18380.57298397335,-3401.8589673298798,2663.193110881823,0.0,2.6323995010940484,12.945041302348637,0.9869279495148395
1.0145,2011,35.8885993,14.4476911,-18361.899918795123,-3403.9121480269955,2670.4470570141584,0.0,2.8554351880152686,12.956476429553753,0.9910078874881312
1.40675,2012,35.8885993,14.4476911,-18297.824436007268,-3409.816670601769,2687.3029594029845,0.0,2.631046759067176,12.971324185208287,0.9965772192344489
1.3385,2013,35.8885993,14.4476911,-18284.443766293978,-3411.15075453697,2692.3468718637937,0.0,2.6314354999834535,12.988889126004358,1.0035305915916053
1.5666666666666669,2014,35.8885993,14.4476911,-18271.34891612764,-3412.2552367392273,2696.086931022201,0.0,2.6316226176522255,13.0090625317098,1.0116388574724349
0.0774166666666666,1991,8.230816999999998,167.7953223704529,-17845.018533796145,-3205.643895791243,1405.7659122611808,0.0,4.92551942858004,10.759029904936185,1.0512228083177122
0.1966666666666666,1992,8.230816999999998,167.7953223704529,-18110.255564054114,-2917.5076152933507,840.9133033466835,0.0,1.559953507335192,10.779289567680149,1.0511768977743603
-0.00075,1993,8.230816999999998,167.7953223704529,-18110.237750595752,-2917.4957811974446,840.8194666818329,0.0,1.5442164915068708,10.79845249769553,1.051341156747695
0.2135833333333333,1994,8.230816999999998,167.7953223704529,-18110.201748860898,-2917.488007760946,840.7773998225377,0.0,1.504432889136932,10.816573153461334,1.0517887283355976
0.006,1995,8.230816999999998,167.7953223704529,-18110.190820713688,-2917.486438664736,840.7962754777507,0.0,1.5114722098481193,10.83370091325064,1.0521735610782805
0.0725833333333333,1996,8.230816999999998,167.7953223704529,-18110.144871378245,-2917.484042345094,840.7961142964203,0.0,1.5011620401397463,10.850074678641633,1.0525707913497153
0.0092499999999999,1997,8.230816999999998,167.7953223704529,-18110.12982132042,-2917.487786396968,840.8324905782376,0.0,1.5301349310955636,10.865860022197287,1.0529328732747805
0.0114166666666666,1998,8.230816999999998,167.7953223704529,-18186.615388423586,-3037.6756509205634,1185.1121854177904,0.0,2.108757596013889,10.881155564085187,1.053336938050363
-0.2743333333333334,1999,8.230816999999998,167.7953223704529,-18110.064936558847,-2917.486098018855,840.841813174607,0.0,1.5311087358273046,10.893641941007104,1.0534406469331705
-0.13925,2000,8.230816999999998,167.7953223704529,-18110.005930065552,-2917.4777469623955,840.8073856902853,0.0,1.3570715024429874,10.900878893846832,1.0531616811813707
0.1904166666666666,2001,8.230816999999998,167.7953223704529,-18109.946361163355,-2917.4690959995373,840.7887397663394,0.0,1.3487742012059678,10.904376752675622,1.0527387958352195
0.30625,2002,8.230816999999998,167.7953223704529,-18108.712354377796,-2916.736613097426,835.9100821975071,0.0,1.2972172155351653,10.905900933264697,1.052463091292558
0.3120833333333333,2003,8.230816999999998,167.7953223704529,-18108.68911409773,-2916.726120350132,835.8857274132195,0.0,1.345524448576679,10.905845882847675,1.0521182451515723
0.4438333333333333,2004,8.230816999999998,167.7953223704529,-18108.637151618415,-2916.7129123676846,835.8728717036561,0.0,1.4257073634767257,10.904780978680208,1.0515564935554382
0.3484166666666666,2005,8.230816999999998,167.7953223704529,-18108.639894206266,-2916.7065060957893,835.8472748973232,0.0,1.4041833939556305,10.90296067350638,1.0509171887974635
0.2828333333333333,2006,8.230816999999998,167.7953223704529,-18108.636532277236,-2916.6827150358904,835.8084621438325,0.0,1.6085775424219448,10.900583778011725,1.0503044744506222
0.2165833333333333,2007,8.230816999999998,167.7953223704529,-18108.60671389376,-2916.6602424510415,835.8360296891586,0.0,1.9831233540062385,10.89744278176676,1.05
-0.0975833333333333,2008,8.230816999999998,167.7953223704529,-18108.670765616236,-2916.6524561713736,835.8164384983538,0.0,1.9139771019523042,10.893326099705442,1.0492745896957465
0.249,2009,8.230816999999998,167.7953223704529,-18108.638966994356,-2916.6454948542573,835.835073608629,0.0,1.8025345423960135,10.889173741515435,1.0485054659429707
0.3265833333333333,2010,8.230816999999998,167.7953223704529,-18186.423486398464,-3037.5445315894854,1184.9947406483989,0.0,2.101129645249909,10.885865605537704,1.0496527378074518
0.1631666666666666,2011,8.230816999999998,167.7953223704529,-18186.41187497503,-3037.5321879906273,1185.0820423890868,0.0,2.1390303330914935,10.877499872970908,1.0509137370295802
0.5838333333333333,2012,8.230816999999998,167.7953223704529,-18186.547320032096,-3037.537279871138,1185.0655163701645,0.0,2.1173272294678047,10.862876087313007,1.0506756756756757
0.5227499999999999,2013,8.230816999999998,167.7953223704529,-18186.490351129156,-3037.5381667365373,1185.0666489765956,0.0,2.1050361863413167,10.846478636240239,1.0504292273906968
0.5812499999999999,2014,8.230816999999998,167.7953223704529,-18186.47712487773,-3037.5323155261435,1185.052598486239,0.0,2.0570297635079524,10.828123367145782,1.0498861603512766
0.3761666666666667,1990,14.6113732,-60.9620777,-18311.075492457916,-3295.967040729525,2154.3923148932163,0.0,2.160514487706315,12.832735412932092,0.9415920940004668
0.4138333333333333,1991,14.6113732,-60.9620777,-18311.033624710537,-3295.948439525732,2154.364694957323,0.0,2.1787437427536984,12.850452286664746,0.9396607028298525
0.4654166666666666,1992,14.6113732,-60.9620777,-18310.918789859625,-3295.9072620228762,2154.692257801704,0.0,2.2129885591822895,12.86939443831781,0.9369783325600307
0.5256666666666666,1993,14.6113732,-60.9620777,-18311.15934629423,-3295.987962349175,2155.278703822749,0.0,2.230293930979303,12.88805270524818,0.9341649104449149
0.5274166666666666,1994,14.6113732,-60.9620777,-18311.140348110213,-3295.98223089405,2155.3664104848663,0.0,2.233256450856724,12.906165647922988,0.931373771277871
0.7235,1995,14.6113732,-60.9620777,-18311.193040111713,-3296.0095385742216,2155.5603613528124,0.0,2.2335457918578263,12.923768525886517,0.9286349415445414
0.3495,1996,14.6113732,-60.9620777,-18311.218232165833,-3296.0279701996433,2155.72958439054,0.0,2.234734426085871,12.940949408627743,0.9258867589945832
0.6784166666666667,1997,14.6113732,-60.9620777,-18273.76402849407,-3299.7224762619653,2168.0052460181873,0.0,2.277185230361314,12.957814152957784,0.9231620280944219
1.0166666666666666,1998,14.6113732,-60.9620777,-18274.621441019197,-3299.7094148728834,2167.765183059686,0.0,2.2251531409968,12.972235594863962,0.9214237233643524
0.4066666666666667,1999,14.6113732,-60.9620777,-18273.75278006371,-3299.723942029591,2168.0678439776284,0.0,2.298295907575616,12.979464820994522,0.9226582323402595
0.2314166666666667,2000,14.6113732,-60.9620777,-18273.825100814083,-3299.7517739383907,2168.233327651758,0.0,2.331240574743097,12.977439334283554,0.9211028895778001
0.6021666666666666,2001,14.6113732,-60.9620777,-18218.31535226993,-3305.1856669397143,2184.184355700599,0.0,2.3811651931169027,12.969950852776394,0.914559530498845
0.6420833333333333,2002,14.6113732,-60.9620777,-18190.018368623143,-3308.055276890308,2196.012235605311,0.0,2.4220822143214247,12.960923865126118,0.9077339048866011
0.8118000000000001,2003,14.6113732,-60.9620777,-18189.421405871504,-3308.12361786386,2196.7878036492557,0.0,2.456901473377923,12.94595788613342,0.9000557587956101
0.4897499999999999,2004,14.6113732,-60.9620777,-18274.027003526524,-3299.858377555352,2168.8290420534463,0.0,2.400337742085743,12.924241652776265,0.8915048655628833
0.85275,2005,14.6113732,-60.9620777,-18274.194489463414,-3299.947236628601,2169.4478751983006,0.0,2.466623866942899,12.900144398541254,0.8827385458940151
0.7513333333333333,2006,14.6113732,-60.9620777,-18241.692726312023,-3303.163210214178,2178.5743727483778,0.0,2.5033848710337736,12.888035008571741,0.8756093166170362
0.80925,2007,14.6113732,-60.9620777,-18189.05809415526,-3308.2135533942883,2197.816601125361,0.0,2.6363321912248954,12.88871484144497,0.8704369645447715
0.3648333333333333,2008,14.6113732,-60.9620777,-18188.7934088055,-3308.1640353202056,2197.8596861176347,0.0,2.7363719926066605,12.887840324458741,0.8658042357248336
0.6264166666666666,2009,14.6113732,-60.9620777,-18188.390893899897,-3308.160766195146,2198.2675223410833,0.0,2.7960793932755204,12.884649188037137,0.8621087088987874
1.1635833333333334,2010,14.6113732,-60.9620777,-18189.02836542239,-3308.204893166956,2197.8653917658316,0.0,2.7491089675897706,12.879478746899816,0.85925929437644
0.5805833333333333,2011,14.6113732,-60.9620777,-18189.006412217048,-3308.199628218171,2197.9831717815096,0.0,2.4994175226384114,12.872924617528545,0.857371680276876
0.7180833333333333,2012,14.6113732,-60.9620777,-18188.49078665582,-3308.2134719529918,2198.4296275232246,0.0,2.596231841345826,12.86614121157082,0.8571476561600184
0.7205,2013,14.6113732,-60.9620777,-18188.4923050074,-3308.2235692559966,2198.6414215826544,0.0,2.7106002802182116,12.860289270836962,0.8589078293809551
0.6449166666666667,2014,14.6113732,-60.9620777,-18188.403802026714,-3308.1784855598053,2198.4873434577657,0.0,2.708096866680022,12.859410339643855,0.8604749090064276
1.2779166666666666,1990,20.2540382,-9.2399263,-18571.180364218915,-3328.2042347508236,2273.3049498622277,614.1348,5.627155177821248,14.511666707034575,0.9988292159932085
1.0239166666666666,1991,20.2540382,-9.2399263,-18564.631694428164,-3324.599435699615,2255.0448015714214,614.1348,5.652104193890202,14.541271578121135,0.9994107151151089
0.8588333333333332,1992,20.2540382,-9.2399263,-18566.489218909457,-3328.9288832943776,2279.194144096082,614.1348,5.67652706423639,14.579827505520534,1.0000642620251479
0.8815833333333334,1993,20.2540382,-9.2399263,-18555.472000735423,-3314.6861818124016,2232.8119400147684,614.1348,5.7002883774019235,14.62067529682259,1.000755739596283
0.7625000000000001,1994,20.2540382,-9.2399263,-18558.453242130923,-3318.84871749859,2250.5345691551497,614.1348,5.734980708993282,14.655002747498656,1.0014099483047771
1.193,1995,20.2540382,-9.2399263,-18557.697907636157,-3321.508838086605,2256.5179589411036,614.1348,5.740327817323477,14.682754312695367,1.0019688814129522
1.6035833333333336,1996,20.2540382,-9.2399263,-18543.14965587057,-3308.0228475323206,2197.685938468544,614.1348,5.687849211705116,14.70291486550019,1.0024511056770344
1.2905,1997,20.2540382,-9.2399263,-18529.586188618174,-3295.25659113893,2144.440704701826,614.1348,5.655601874664771,14.725493034568798,1.0028370338122188
1.7485,1998,20.2540382,-9.2399263,-18520.301022417305,-3284.4994961974694,2099.0191080636514,614.1348,5.357955619709873,14.75180076050478,1.0030865021684052
0.54725,1999,20.2540382,-9.2399263,-18507.945751307823,-3282.1736100253343,2070.740697700668,614.1348,5.347558857425675,14.778918054655833,1.003304682053352
1.2349166666666669,2000,20.2540382,-9.2399263,-18509.143887246544,-3282.792374938035,2059.508771811539,614.1348,5.312372133952634,14.806910246554189,1.0035729712088106
1.5238333333333334,2001,20.2540382,-9.2399263,-18507.307783929402,-3286.195295973827,2059.361667909235,631.448,5.346660764265532,14.831401164821054,1.0014754767217457
1.2750833333333331,2002,20.2540382,-9.2399263,-18493.664580958288,-3276.280458121433,2024.2916004497283,631.448,5.3711369734012075,14.852851161348863,0.9974084755097042
1.2915,2003,20.2540382,-9.2399263,-18484.8628078779,-3266.7144399739645,1992.5459111839327,631.448,5.39757972619079,14.874455046884117,0.9937325187820453
1.4901666666666669,2004,20.2540382,-9.2399263,-18485.954224622994,-3272.7912359028,2020.1451279105395,631.448,5.537114164057499,14.896154376241565,0.9902156726201613
1.5170833333333331,2005,20.2540382,-9.2399263,-18480.5016577874,-3270.086997534966,2009.9659603127006,631.448,5.386447284404192,14.918234714637677,0.9869183831905215
1.23725,2006,20.2540382,-9.2399263,-18473.73977456802,-3268.915334994119,1990.234986433913,631.448,5.316369442915779,14.94083910133409,0.983932052962735
1.09525,2007,20.2540382,-9.2399263,-18475.85202367091,-3268.7129661305457,2006.8306543449733,631.448,5.386447284404192,14.964026041946427,0.9813072133598889
1.30225,2008,20.2540382,-9.2399263,-18480.021261361402,-3273.142543955438,2039.4790956356485,631.448,5.034938887939215,14.989024979547429,0.9764911849584662
1.1581666666666666,2009,20.2540382,-9.2399263,-18463.41776209645,-3270.805169584636,2009.2722204689633,631.448,5.109897653739009,15.01626298242885,0.9696696287250502
1.9815833333333333,2010,20.2540382,-9.2399263,-18455.441376697403,-3247.8776421048797,1933.0209884627534,631.448,5.030437921392435,15.044993494279053,0.9634651780259356
1.4975833333333333,2011,20.2540382,-9.2399263,-18431.97814356396,-3235.964481559612,1890.6786955070154,654.2917,5.041842575037564,15.075177921884816,0.9579726747661599
0.9274166666666668,2012,20.2540382,-9.2399263,-18417.105610346774,-3221.7352262181485,1839.016736179164,654.2917,5.06425188753327,15.106425811904403,0.9531940928995328
1.6853333333333331,2013,20.2540382,-9.2399263,-18390.92607416923,-3209.5674571744044,1775.3464988867624,654.2917,4.946550358961887,15.135387033046182,0.951553699858911
1.4288333333333334,2014,20.2540382,-9.2399263,-18378.339751977634,-3183.9555107014153,1709.5501475829903,654.2917,5.081911068886492,15.161809145649247,0.9526904295063926
0.2305833333333333,1990,-20.2759451,57.5703566,-18052.420595563923,-3429.5664189513172,2402.724253191761,0.0,1.255587547043436,13.901954273864831,1.017422937363652
0.4596666666666666,1991,-20.2759451,57.5703566,-18046.931238448065,-3429.946453673641,2404.9583792810536,0.0,1.255587547043436,13.914685079753836,1.016561509874999
0.0934999999999999,1992,-20.2759451,57.5703566,-18041.947119938217,-3429.6982469846444,2402.65140768227,0.0,1.255587547043436,13.927690369282505,1.0145720146008272
0.2295833333333333,1993,-20.2759451,57.5703566,-18027.807241995408,-3430.0160886018157,2397.2249330442405,0.0,1.255587547043436,13.940601933637188,1.0125914388871229
0.46625,1994,-20.2759451,57.5703566,-18013.342466414055,-3430.2815304371056,2388.188498829471,0.0,1.255587547043436,13.952801624150565,1.0105473104183171
0.3646666666666667,1995,-20.2759451,57.5703566,-18014.062599428158,-3426.7072678505524,2378.528254196295,0.0,1.255587547043436,13.96410899543841,1.0084460863062266
0.0568333333333333,1996,-20.2759451,57.5703566,-18002.32055918993,-3424.4165506331597,2371.555606574975,0.0,1.9525026563615067,13.974684599556541,1.0062726927407184
0.6206666666666667,1997,-20.2759451,57.5703566,-17995.568294876368,-3424.1726827981333,2371.6076157215607,0.0,1.9525026563615067,13.98462613168261,1.0041173643452832
0.7005,1998,-20.2759451,57.5703566,-17947.895210004797,-3423.883286680908,2339.1182136438583,0.0,1.9525026563615067,13.99355631989544,1.0020541966097378
0.252,1999,-20.2759451,57.5703566,-17987.48774529477,-3427.461310931967,2381.6863926247725,0.0,1.9525026563615067,14.002333634365492,1.000096237128284
0.1696666666666666,2000,-20.2759451,57.5703566,-17965.67311874285,-3428.561988745626,2385.3965880178525,0.0,1.9525026563615067,14.011019774061802,0.998129931934781
0.5080833333333333,2001,-20.2759451,57.5703566,-17951.675108595602,-3414.9410455923744,2254.371212412535,94.4165,1.9525026563615067,14.018674234274858,0.9966382473910975
0.4605833333333333,2002,-20.2759451,57.5703566,-17936.254016261882,-3417.601716538853,2260.9235350195536,94.4165,1.9525026563615067,14.025748792752436,0.9957012202518134
0.6460833333333333,2003,-20.2759451,57.5703566,-17929.214022559896,-3417.663236662593,2260.1338509012658,94.4165,1.9525026563615067,14.032507256025198,0.9947559661722888
0.2931666666666667,2004,-20.2759451,57.5703566,-17927.211900957558,-3417.8251765226087,2261.0880576858935,94.4165,1.9525026563615067,14.038958063079846,0.9938035472539318
0.3650833333333333,2005,-20.2759451,57.5703566,-17921.23426229322,-3418.211031049736,2260.823438136622,94.4165,1.9525026563615067,14.04507187131747,0.9927831687528315
0.3490833333333333,2006,-20.2759451,57.5703566,-17849.165001431003,-3417.6661911051247,2210.570687549876,94.4165,1.9525026563615067,14.05039768279565,0.9916790677532381
0.5058333333333334,2007,-20.2759451,57.5703566,-17886.219681639053,-3419.8524467468937,2280.542755812514,94.4165,1.9525026563615067,14.054987195259288,0.9904128129934582
0.3394999999999999,2008,-20.2759451,57.5703566,-17875.674036470456,-3420.413892152471,2285.0427484590073,94.4165,1.9525026563615067,14.058992279420501,0.9889907884971593
0.797,2009,-20.2759451,57.5703566,-17874.17222957102,-3419.1877952473487,2284.1465144326235,94.4165,1.9525026563615067,14.062266724247172,0.9875470344424895
1.0305,2010,-20.2759451,57.5703566,-17867.435013490052,-3419.03312224443,2284.7615699855146,94.4165,1.9525026563615067,14.064968820189886,0.9862253623580941
0.901,2011,-20.2759451,57.5703566,-17982.831702204483,-3421.04406774938,2386.019042041122,4.847,1.9525026563615067,14.067229904254816,0.9850929165502734
0.7070833333333333,2012,-20.2759451,57.5703566,-17976.204761083685,-3420.8716963545075,2386.8847986211954,4.847,1.9525026563615067,14.06917943457736,0.9841192862531369
0.7875,2013,-20.2759451,57.5703566,-17969.654625052786,-3421.059246925932,2389.298351403143,4.847,1.9525026563615067,14.07068829183856,0.9831583249593593
0.9179166666666668,2014,-20.2759451,57.5703566,-17957.90778901872,-3421.9891976761246,2392.144394773815,4.847,1.9525026563615067,14.071789420800478,0.9821180116124777
0.2686,1990,-12.823048,45.1520755,-18043.48534958713,-2871.0817291123185,700.3298561531219,66.3848,0.9713847941837265,11.436681366769085,0.9898423742644848
0.3052499999999999,1991,-12.823048,45.1520755,-18055.19101253166,-2888.8660091205597,751.7222045065715,66.3848,1.1122521743721445,11.497111074075866,0.9908780162213547
0.2385,1992,-12.823048,45.1520755,-18055.166049605006,-2888.859633363501,751.7269120768415,66.3848,1.4866373098159185,11.557449398849695,0.9917512811231973
0.3584166666666666,1993,-12.823048,45.1520755,-18055.152295810014,-2888.8535880231725,751.7318028405588,66.3848,1.4627228530694627,11.617654781463768,0.9925531151306345
0.588,1994,-12.823048,45.1520755,-18055.131493801648,-2888.849015572146,751.735054018821,66.3848,1.4411612625607306,11.677210334278032,0.9933192389006342
0.4600833333333333,1995,-12.823048,45.1520755,-18055.12047365604,-2888.8441717795286,751.7389727138672,66.3848,1.4159259762444933,11.735604908603127,0.9941583937178792
0.067,1996,-12.823048,45.1520755,-18065.367914391136,-2888.9012187577137,759.6229523376754,66.3848,1.4744425916465833,11.792003125413581,0.9948239696983415
0.5044166666666666,1997,-12.823048,45.1520755,-18065.34996201005,-2888.8924939177914,759.6288889338102,66.3848,1.4510281756864587,11.844449766438917,0.9952878156375772
0.8471666666666667,1998,-12.823048,45.1520755,-18065.32361493195,-2888.885484187912,759.634111904286,66.3848,1.494543201548887,11.891916541369438,0.9956966037323424
0.2010833333333333,1999,-12.823048,45.1520755,-18065.30706571582,-2888.8800241020076,759.6409692112201,66.3848,1.6001549588351835,11.93585058932164,0.9961291503746617
0.1981666666666666,2000,-12.823048,45.1520755,-18055.024953452663,-2888.8168337497455,751.7610023593098,66.3848,1.608257215685938,11.978010769059418,0.9966015825840513
0.3046363636363636,2001,-12.823048,45.1520755,-18055.009741452086,-2888.810147470024,751.7664116518384,26.466,1.5941415168081086,12.018012655376447,0.9970233791275006
0.6695000000000001,2002,-12.823048,45.1520755,-18054.997205143784,-2888.8092166508914,751.7667158638485,26.466,1.61077701543533,12.056243447966462,0.9973665587767839
0.344,2003,-12.823048,45.1520755,-18054.95697378458,-2888.8006750864547,751.7727301119168,26.466,1.604344965368091,12.094045512835969,0.9977207722559885
0.1945833333333333,2004,-12.823048,45.1520755,-18054.925151630607,-2888.7912588428103,751.7798999852246,26.466,1.6501575017111174,12.121331417075083,0.9905967998786683
0.3693333333333333,2005,-12.823048,45.1520755,-18054.8906407653,-2888.776089943907,751.792171833687,26.466,1.8776924872197829,12.13962296595886,0.976364980462562
0.1835833333333333,2006,-12.823048,45.1520755,-18054.889525191455,-2888.76645788558,751.8008602971327,26.466,1.9349503088189712,12.159562629845281,0.9627520125016706
0.60025,2007,-12.823048,45.1520755,-18150.116613545113,-3027.4164379652016,1157.1960200955602,26.466,2.0186426859355517,12.183873047794261,0.9549561254472406
0.4019166666666667,2008,-12.823048,45.1520755,-18150.063466278894,-3027.3990470325425,1157.2095045283702,26.466,2.0279245380607147,12.210985557390819,0.9518981441016228
0.75825,2009,-12.823048,45.1520755,-18150.029060762557,-3027.393526654972,1157.2130294604913,26.466,2.0863054312011626,12.237275726272554,0.9485428825051466
0.8828333333333332,2010,-12.823048,45.1520755,-18149.994938812913,-3027.395899672049,1157.2094070985413,26.466,2.0980915441748813,12.263326888111735,0.9455519218049533
0.73775,2011,-12.823048,45.1520755,-18054.382963865086,-2888.771342726986,752.1236684468631,11.5108,1.966720671615717,12.28940685334581,0.9430877594436599
0.5904166666666667,2012,-12.823048,45.1520755,-18150.051648380788,-3027.4012802428147,1157.2069698342007,11.5108,2.066596901351027,12.31749326163037,0.942542118113178
0.4778333333333333,2013,-12.823048,45.1520755,-18150.03125260016,-3027.3956498251896,1157.21119811544,11.5108,2.1695678538842347,12.35008207628054,0.9408858302452797
0.7140833333333333,2014,-12.823048,45.1520755,-18150.010877615707,-3027.3900200205844,1157.215426736555,11.5108,2.281678056061994,12.38720182505815,0.9350188082207261
0.3930833333333333,1990,19.4326296,-99.1331785,17863.714233926774,4303.8889371015475,-22892.933712397702,22314.8361,8.57363764377967,18.21881456529597,0.9687134240883305
0.2686666666666666,1991,19.4326296,-99.1331785,18297.40783192103,4154.774763132706,-22397.665524784687,22314.8361,8.633208550096283,18.238578315148118,0.9675254284514403
0.1235833333333333,1992,19.4326296,-99.1331785,20322.822272814305,3802.724974492592,-21229.881512530126,22314.8361,8.652566631429268,18.258081387691032,0.9662969492022312
0.3308333333333333,1993,19.4326296,-99.1331785,23283.198056984693,3377.610226745462,-20030.819019164206,22314.8361,8.66990298223276,18.277369651287838,0.9651566380382174
0.7441666666666666,1994,19.4326296,-99.1331785,31099.64212636369,2476.0627081990588,-17456.472864387863,22314.8361,8.611998880350077,18.296413993118872,0.9640973381998222
0.7585833333333333,1995,19.4326296,-99.1331785,37389.80775788625,1592.5861548652697,-14867.282168265672,22314.8361,8.636884591652718,18.314982082240718,0.9630624810609498
0.5680833333333334,1996,19.4326296,-99.1331785,41980.57306265782,1217.4945699560196,-13829.972286714541,22314.8361,8.709805862574221,18.332795028476582,0.9619937717260855
0.3865,1997,19.4326296,-99.1331785,48356.91086732113,853.1924703987659,-12823.045934548267,22314.8361,8.778359862131438,18.350076868351998,0.9610174543698722
0.8328333333333333,1998,19.4326296,-99.1331785,49533.73901355716,1304.0954599970962,-13464.00877775413,22314.8361,8.821262565573736,18.366934812729582,0.9601606868987024
0.5823333333333333,1999,19.4326296,-99.1331785,53351.61541662266,808.3912828455813,-12447.785291450355,22314.8361,8.910386278700276,18.383340286010835,0.9593574742948613
0.65775,2000,19.4326296,-99.1331785,55731.626003302736,824.2822129976558,-12381.395821254457,22314.8361,8.90628625942912,18.399185793885454,0.9585114731678557
0.5630833333333333,2001,19.4326296,-99.1331785,55647.08781413517,817.3171226588079,-12692.727445906692,14786.0785,8.894612123353667,18.414605205186906,0.9581705994797193
0.7207500000000001,2002,19.4326296,-99.1331785,59648.74677490275,566.3887573435939,-11845.721960168003,14786.0785,8.856690690170973,18.42980975741871,0.9583866316335862
0.8710833333333333,2003,19.4326296,-99.1331785,64611.670953246285,285.52099440417925,-10770.936436208867,14786.0785,8.917940776155183,18.44468376273001,0.9586178650579904
0.3874166666666667,2004,19.4326296,-99.1331785,69568.82237286036,-362.8424970547408,-9086.142685967492,14786.0785,8.966945897896393,18.459380292476798,0.9588551668926084
0.8626666666666667,2005,19.4326296,-99.1331785,77039.35883261939,-1083.170057336168,-6866.03557932043,14786.0785,9.022896510551048,18.473675409187372,0.9590546832649169
0.8656666666666667,2006,19.4326296,-99.1331785,84407.56088766393,-1476.2593845601677,-5670.266525755678,14786.0785,9.075424238182855,18.48728079492633,0.9591731538770432
0.59175,2007,19.4326296,-99.1331785,91026.71545670491,-446.2112893653873,-8862.811886479052,14786.0785,9.11315501512581,18.50044316311798,0.9592185295233012
0.5441666666666667,2008,19.4326296,-99.1331785,96452.3735676562,-253.95583568619287,-9306.977739928163,14786.0785,9.147876880474751,18.513118520535432,0.9591696847118018
0.97625,2009,19.4326296,-99.1331785,103456.82785922021,-606.9473957475213,-8409.083506029592,14786.0785,9.170100510067188,18.525485966463485,0.9590366591890062
0.3286666666666666,2010,19.4326296,-99.1331785,117479.27335591918,-2864.4241559921666,-1797.3468591198418,14786.0785,9.163795616987656,18.53875173814471,0.9589251420895448
0.9916666666666668,2011,19.4326296,-99.1331785,108392.25373418185,-1535.6898110789805,-5719.287951009021,14242.426,9.19649840241058,18.553028144685033,0.9590458177611443
1.0839166666666666,2012,19.4326296,-99.1331785,110623.43162986901,-1789.8352728970513,-5052.429653184221,14242.426,9.257688344305771,18.566994307942522,0.9592483606836928
0.7371666666666666,2013,19.4326296,-99.1331785,111618.01192841977,-1837.15928074051,-4947.586077960906,14242.426,9.202259771686919,18.580165907231542,0.9593244027039755
0.9469166666666666,2014,19.4326296,-99.1331785,115320.1189046795,-2112.6096311685046,-4234.661141217578,14242.426,9.202288865414582,18.592580582807717,0.9593277906877099
-0.0561666666666666,1991,8.6062347,151.832744331612,-17802.44055230164,-3280.930562199294,1548.3826481218443,351.988,2.098604258394552,11.517186374388896,1.0284185013128662
0.0718333333333333,1992,8.6062347,151.832744331612,-18127.584539253814,-3130.987053746545,1365.2398463139866,351.988,2.398740370148445,11.541444892297301,1.0306492993881982
-0.1674166666666666,1993,8.6062347,151.832744331612,-18127.54912059943,-3130.9534138873055,1365.1047499650856,351.988,2.424563759114953,11.571477351919844,1.0346561252686521
0.0836666666666666,1994,8.6062347,151.832744331612,-18127.504799256218,-3130.9268785340896,1365.030966919764,351.988,2.3633132388634457,11.59766175591313,1.0368852459016393
0.0293333333333333,1995,8.6062347,151.832744331612,-18235.390604855893,-3461.239026438739,2496.4071901178063,351.988,2.445455243360405,11.611213026154173,1.0353466405932923
0.077,1996,8.6062347,151.832744331612,-18235.291916646234,-3461.224499293399,2496.3959871214156,351.988,2.4767568636475468,11.615355691521394,1.031689559683838
0.0079166666666666,1997,8.6062347,151.832744331612,-18235.268893214074,-3461.2179600818527,2496.4193500721294,351.988,2.5516302818309082,11.618491959412967,1.0276596909266726
0.2005833333333333,1998,8.6062347,151.832744331612,-18235.19910738822,-3461.2121626732046,2496.4303440782496,351.988,3.0872580287209246,11.620936464989018,1.0229154561301568
-0.0491666666666666,1999,8.6062347,151.832744331612,-18234.6180797108,-3461.20453949974,2496.0272200356617,351.988,2.638628666323705,11.622138549943545,1.0184216717033712
-0.0775833333333333,2000,8.6062347,151.832744331612,-18234.626775524914,-3461.214024243031,2496.025886870861,351.988,2.298506788002175,11.62364360290449,1.0164262892832001
0.1025,2001,8.6062347,151.832744331612,-18234.669953544108,-3461.2292008757368,2496.010897295469,351.8219,2.1220818820068748,11.625798689427826,1.0169900726086878
0.0459166666666666,2002,8.6062347,151.832744331612,-18234.568750256367,-3461.2546186555196,2496.0099223884827,351.8219,1.7591501856624272,11.626173789905566,1.018001297390803
0.0734166666666666,2003,8.6062347,151.832744331612,-18234.568376022486,-3461.2334619935154,2495.984699908375,351.8219,1.8690599589178432,11.624511561422246,1.0187238191535462
0.1358333333333333,2004,8.6062347,151.832744331612,-18234.721370909905,-3461.2669586536035,2495.9923995658696,351.8219,1.6403162320790363,11.621214687775463,1.0191154354876701
0.1388333333333333,2005,8.6062347,151.832744331612,-18235.04425683343,-3461.284758766003,2496.014931959154,351.8219,1.216247165201324,11.616735779687223,1.0191285672684915
0.163,2006,8.6062347,151.832744331612,-18235.14890424481,-3461.295116768508,2496.026574889904,351.8219,1.514027727629442,11.610968271383634,1.0185012352456766
0.1093333333333333,2007,8.6062347,151.832744331612,-18235.086750648094,-3461.261207495952,2495.961868468279,351.8219,1.9289674283250013,11.603972022988572,1.017944324692791
-0.1389166666666666,2008,8.6062347,151.832744331612,-18235.15275489757,-3461.287763067344,2495.947120612642,351.8219,1.5628493230195082,11.59639307021149,1.0176513168884682
0.04075,2009,8.6062347,151.832744331612,-18234.905562208147,-3461.202540911789,2495.8330948539747,351.8219,1.9483642780728927,11.588654265728447,1.0171859221303812
0.225,2010,8.6062347,151.832744331612,-18235.1548076178,-3461.279506466323,2495.7723073893007,351.8219,1.6178226619684934,11.586055101566892,1.0169663110927805
0.1169999999999999,2011,8.6062347,151.832744331612,-18336.673867847097,-3461.9046483340494,2573.8844110582827,0.0,1.8318131686852281,11.588839662059984,1.016994148329563
0.5128333333333334,2012,8.6062347,151.832744331612,-18336.605777472978,-3461.8841377429267,2573.859081361056,0.0,1.953764933591834,11.592032350283196,1.016845557543232
0.6030833333333333,2013,8.6062347,151.832744331612,-18336.50906997276,-3461.8324367586324,2573.651482410443,0.0,2.049510545182602,11.595518763274082,1.0167115402469595
0.4145833333333333,2014,8.6062347,151.832744331612,-18336.519172765435,-3461.809439312062,2573.565089285883,0.0,1.9631183773925038,11.599323320460693,1.0164610575767103
1.02675,1990,43.7323492,7.4276832,-17115.513576691737,-1504.0078413777853,-3169.7951892366573,0.0,2.4621053309069576,10.319859629482966,0.9082043538442179
0.2238333333333333,1991,43.7323492,7.4276832,-17198.300723863187,-1489.6823939284193,-3166.9058941457934,0.0,2.5357391713693973,10.327578124767458,0.9118033402139238
0.7571666666666667,1992,43.7323492,7.4276832,-17114.69007712973,-1504.0594737625534,-3169.6492402419904,0.0,2.5357391713693973,10.335107618121144,0.9159459963914639
0.4933333333333333,1993,43.7323492,7.4276832,-17113.61097397252,-1504.1559360435479,-3169.3720000826333,0.0,2.586122086463555,10.342516377482433,0.9198019801980198
1.346,1994,43.7323492,7.4276832,-17110.34264634283,-1497.527643978106,-3188.5175307178965,0.0,2.5472928563574286,10.349902646973247,0.9230863893674626
0.5776666666666667,1995,43.7323492,7.4276832,-17111.967083554846,-1497.348419430106,-3189.033854174945,0.0,2.530700265294554,10.357139468227567,0.9265038859310935
0.2273333333333333,1996,43.7323492,7.4276832,-17106.08334032289,-1489.8522911285777,-3210.6824444968006,0.0,2.1094856630282126,10.364702675748784,0.9299099537600389
1.2968333333333335,1997,43.7323492,7.4276832,-17110.44341785974,-1497.483485249544,-3188.6360775953226,0.0,2.5668705876394307,10.37249068144828,0.9337043309944351
0.8224166666666667,1998,43.7323492,7.4276832,-17114.71524392831,-1497.0375189252898,-3189.92097136897,0.0,2.9693841914297754,10.380032242325244,0.9386096900391213
0.9510833333333334,1999,43.7323492,7.4276832,-17115.71906783114,-1496.9260720193834,-3190.2356150860837,0.0,2.925881534203604,10.385697629055676,0.9436577463098524
1.30425,2000,43.7323492,7.4276832,-17114.885343150283,-1497.0032292771023,-3190.0029324771417,0.0,2.925881534203604,10.387917864942587,0.947043300947583
1.1074166666666667,2001,43.7323492,7.4276832,-17115.00619631467,-1496.9826276305434,-3190.053757985971,0.0,2.925881534203604,10.387239982375185,0.9482944991592601
1.14125,2002,43.7323492,7.4276832,-17114.993973176173,-1496.975463648812,-3190.0649141884724,0.0,2.925881534203604,10.385450631617017,0.9489077450803394
1.614083333333333,2003,43.7323492,7.4276832,-17114.7662168484,-1496.9895338180531,-3190.0150328909904,0.0,2.9693841914297754,10.383348686544645,0.9496259652509652
0.87825,2004,43.7323492,7.4276832,-17114.848399077444,-1496.9722220016592,-3190.0573798248656,0.0,2.9693841914297754,10.380870140181768,0.9499758045003629
0.5655833333333333,2005,43.7323492,7.4276832,-17114.998670651683,-1496.9488065443,-3190.119943111834,0.0,2.9693841914297754,10.377887752684266,0.9504217488925298
1.48575,2006,43.7323492,7.4276832,-17114.753774867982,-1496.9657978161965,-3190.0613634085043,0.0,2.5668705876394307,10.373834872713369,0.9510574754677882
1.5166666666666666,2007,43.7323492,7.4276832,-17113.682525942044,-1497.066273853869,-3189.7621753452645,0.0,2.5668705876394307,10.367944577774505,0.9517325973627722
1.0353333333333332,2008,43.7323492,7.4276832,-17113.878133301638,-1497.0384692024622,-3189.8381090597913,0.0,2.5668705876394307,10.36916935613284,0.952328431372549
1.4668333333333334,2009,43.7323492,7.4276832,-17115.075430886885,-1496.9108834781223,-3190.2054828599476,0.0,2.925881534203604,10.385975428270363,0.95322201458798
0.3593333333333333,2010,43.7323492,7.4276832,-17107.834449220674,-1489.5583761331159,-3211.438139868117,0.0,1.2423027362359995,10.40964228465222,0.9549820281656944
1.6534166666666668,2011,43.7323492,7.4276832,-17111.49884858841,-1497.262020240765,-3189.181814235595,0.0,1.3204536591794571,10.432496846735747,0.9574995674989908
1.26675,2012,43.7323492,7.4276832,-17112.981958163957,-1497.104413478215,-3189.635313394937,0.0,1.2392955456330481,10.45449496593495,0.9601197537140598
0.8475833333333332,2013,43.7323492,7.4276832,-17110.74869360203,-1497.3263353910072,-3188.9989746357564,0.0,1.2829263036427445,10.47517306455888,0.9620603710883412
1.8305,2014,43.7323492,7.4276832,-17112.19829408829,-1497.171785781486,-3189.4452333670106,0.0,0.8402818772645172,10.494297420728252,0.9631925188930571
1.4320833333333336,1990,46.8250388,103.8499736,-17422.723416744586,7170.455856545908,4041.8063395537733,1281.8377,5.9716416146056535,14.586281985616578,0.9909077678666829
0.8673333333333333,1991,46.8250388,103.8499736,-17410.88724718854,7203.6797005462995,3916.9464656583696,1281.8377,6.254175866729481,14.604002917716059,0.9903354502524019
0.8710833333333333,1992,46.8250388,103.8499736,-17433.247368836182,7216.79822944869,3882.3036328829753,1281.8377,6.146001580862378,14.620419571959689,0.9897164300469918
0.38,1993,46.8250388,103.8499736,-17445.264046593893,7228.243987852555,3844.625433649317,1281.8377,6.087154200357696,14.635427384478625,0.9890930277383518
1.3555833333333334,1994,46.8250388,103.8499736,-17448.937465106006,7237.066343799728,3827.8126382367755,1281.8377,6.005093499567979,14.64907598722239,0.9884623891511554
1.40575,1995,46.8250388,103.8499736,-17391.30728364536,7291.1678766933455,3662.3596485453536,1281.8377,5.937031856284066,14.661522162908078,0.9878290643785171
0.50625,1996,46.8250388,103.8499736,-17367.48267139326,7336.5949956237,3540.3880560767375,1281.8377,5.863997301747556,14.672914182668794,0.9871473748017728
1.8515833333333327,1997,46.8250388,103.8499736,-17352.726613540206,7418.326499091586,3432.969086856413,1281.8377,2.927555140690372,14.683354886576446,0.9863154558873812
2.1806666666666668,1998,46.8250388,103.8499736,-17337.469124876927,7419.065651030472,3412.365729573195,1281.8377,3.378825657059796,14.693122413864867,0.985421060669223
1.7369166666666669,1999,46.8250388,103.8499736,-17309.150578165416,7444.842607772231,3320.7610230336395,1281.8377,3.871578023163172,14.702778987654987,0.9846060431720524
0.8306666666666667,2000,46.8250388,103.8499736,-17109.839519846028,7756.563132586817,2452.304640746314,1281.8377,0.9769341770428412,14.711998094542087,0.9852140380377072
1.39975,2001,46.8250388,103.8499736,-17234.729598970393,7563.82278535918,2997.4188652011985,1120.9341,0.9769341770428412,14.720780786554963,0.9869960486695902
1.7904166666666663,2002,46.8250388,103.8499736,-17360.92937448186,7368.440049089544,3661.5980425675875,1120.9341,0.9769341770428412,14.729646169233378,0.9882694067275167
0.7103333333333333,2003,46.8250388,103.8499736,-17376.770624476027,7375.150045503815,3670.443253242461,1120.9341,0.9769341770428412,14.738361325675234,0.988992957579494
1.8535,2004,46.8250388,103.8499736,-17395.174279365623,7412.029659440848,3659.6403166750274,1120.9341,2.3687192154824595,14.746866832491923,0.9894357116373353
0.6429166666666667,2005,46.8250388,103.8499736,-17262.35816242971,7437.309130556509,3521.4095909516664,1120.9341,3.466420043721948,14.755226367738693,0.9898101354398295
1.57175,2006,46.8250388,103.8499736,-17233.513108821473,7475.780553533222,3390.4743149961273,1120.9341,2.0792040134722445,14.76378123641307,0.9902217644001906
2.695583333333333,2007,46.8250388,103.8499736,-17059.56234951626,7508.73435783518,3218.509515441976,1120.9341,2.0792040134722445,14.773190035724785,0.9907820123558472
1.7341666666666666,2008,46.8250388,103.8499736,-17114.5138445596,7528.6875247621265,3160.9148499928006,1120.9341,0.9769341770428412,14.783971259833598,0.9914840368221084
1.143333333333333,2009,46.8250388,103.8499736,-16903.450492958305,7544.110942943399,3058.544998759004,1120.9341,2.78887414199513,14.796357185825057,0.9922475523796361
0.46125,2010,46.8250388,103.8499736,-16879.910454045817,7496.8101442674315,3348.078451774242,1120.9341,2.982895230152478,14.809695229023157,0.9927928167079233
0.6240833333333333,2011,46.8250388,103.8499736,-16826.882302263493,7552.14489466606,3223.1402618098914,153.9919,3.144057446589638,14.824904308380674,0.9921293113274463
0.0921666666666666,2012,46.8250388,103.8499736,-16735.649512770917,7607.526560117756,3030.5905234438696,153.9919,2.2329884678559617,14.842393735052552,0.9906447114781398
1.5094166666666666,2013,46.8250388,103.8499736,-16396.162245073825,8048.707046522941,1701.9339071705774,153.9919,0.061189168312422396,14.861127402655429,0.9895117462288717
1.7210833333333333,2014,46.8250388,103.8499736,-16375.335113428888,7873.362334847216,2107.0295920549006,153.9919,2.174149267317815,14.881193925246748,0.9887614045640865
0.5354166666666668,2006,-29.6826112,-51.4687455,-18006.90074375373,-3412.542809030268,2649.6478447387094,0.0,2.733509999005454,13.357505062381657,0.9435264331934297
1.5036666666666667,2007,-29.6826112,-51.4687455,-17932.897766544083,-3417.7127220413126,2662.449802813472,0.0,3.0004262396376724,13.356522830263415,0.9453720977483884
1.5098333333333331,2008,-29.6826112,-51.4687455,-17898.4618103152,-3418.93658268993,2665.5721160222124,0.0,2.9153028244389563,13.355800962875197,0.9469771715402735
1.2585833333333334,2009,-29.6826112,-51.4687455,-17890.215308941424,-3419.917395472263,2675.257390496223,0.0,2.8982186679891133,13.355349530996914,0.9483752272706226
1.0673333333333332,2010,-29.6826112,-51.4687455,-17818.690129509723,-3425.158895973726,2689.6555570543846,0.0,2.790078628236926,13.355130869678657,0.9494717330861909
1.0621666666666667,2011,-29.6826112,-51.4687455,-17731.3606360647,-3431.360057128999,2695.4711389159047,0.0,2.632133414542434,13.356309173817419,0.9499208350436873
1.45125,2012,-29.6826112,-51.4687455,-17672.64098542349,-3436.557661781676,2711.985121790922,0.0,2.530556969164896,13.358304686948399,0.9506430759180856
1.5513333333333332,2013,-29.6826112,-51.4687455,-17664.608052850115,-3439.6806907051127,2735.526930581255,0.0,3.229938408226287,13.359717478867653,0.9514225996804807
1.5826666666666669,2014,-29.6826112,-51.4687455,-17623.80455092451,-3442.961287238428,2741.8129766622037,0.0,3.015476075590587,13.360269424885576,0.9515748407006402
0.363,1990,16.7417041,-62.1916844,-17606.719976000764,-2835.1552877797603,316.90165514582907,22.5058,-0.2822302937735357,9.287671714912506,0.983477143381678
0.4095,1991,16.7417041,-62.1916844,-17469.304984788097,-2594.690083667014,-354.99948163718847,22.5058,-0.6883586638281483,9.265680467009346,0.9915206331260599
0.5203333333333333,1992,16.7417041,-62.1916844,-17469.304984788097,-2594.690083667014,-354.99948163718847,22.5058,-0.3833123034670311,9.220983532074662,0.9998021369212505
0.5505833333333333,1993,16.7417041,-62.1916844,-17469.304984788097,-2594.690083667014,-354.99948163718847,22.5058,-0.6591323019726677,9.16408698745872,1.007569386038688
0.4824166666666666,1994,16.7417041,-62.1916844,-17469.29131654116,-2594.6840759284637,-354.9946212938274,22.5058,-0.5435210066041328,9.100413892597578,1.0168842863574967
0.7074166666666667,1995,16.7417041,-62.1916844,-17469.29131654116,-2594.6840759284637,-354.9946212938274,22.5058,-0.27141509998790897,9.02905827475689,1.0277102576567818
0.286,1996,16.7417041,-62.1916844,-17469.291329534826,-2594.6848276016526,-354.99411376046265,22.5058,-0.033453376259219576,8.951051374025619,1.0401903754627182
0.605,1997,16.7417041,-62.1916844,-17469.291329534826,-2594.6848276016526,-354.99411376046265,22.5058,-0.5222236687183601,8.863474306170954,1.056735525167297
0.9965833333333332,1998,16.7417041,-62.1916844,-17469.31684969363,-2594.7235677669983,-354.8822125414376,22.5058,-0.5322195164536632,8.765614549914716,1.0771224886584576
0.508,1999,16.7417041,-62.1916844,-17878.853488659985,-2607.5565616417907,-51.27845036130035,22.5058,-0.6167418493575401,8.660080678964786,1.0997451765562432
0.3415833333333333,2000,16.7417041,-62.1916844,-17878.9026715846,-2607.558011429482,-51.27764655330039,22.5058,-0.5807117512301572,8.544419177669829,1.1248966087675765
0.8276540447372328,2001,16.7417041,-62.1916844,-17878.951896101556,-2607.5594624432083,-51.27684206554545,0.0,-0.5610668402027374,8.455955881945048,1.1445508435932512
0.6405833333333333,2002,16.7417041,-62.1916844,-17954.99168965354,-2723.15205199659,282.6749702094587,0.0,0.2687285845346934,8.434028950155469,1.1469902006532897
0.7734166666666668,2003,16.7417041,-62.1916844,-17955.024863949493,-2723.1658915081525,282.6638465697387,0.0,0.250447385841555,8.439663988907,1.1371824480369515
0.4857499999999999,2004,16.7417041,-62.1916844,-17965.96517460238,-2740.0532761899008,331.4802644590462,0.0,0.32980721750242814,8.445911989411274,1.126027397260274
0.8455833333333334,2005,16.7417041,-62.1916844,-17954.749871768774,-2722.770741301365,281.52190874747174,0.0,0.3214311124981549,8.453827315794417,1.1158701532912534
0.6854999999999999,2006,16.7417041,-62.1916844,-18043.47584498945,-2871.1094414210456,700.3056592941577,0.0,0.44398044433649814,8.461891875631148,1.107349665924276
0.916,2007,16.7417041,-62.1916844,-18043.123616070185,-2871.130048581917,700.620855545756,0.0,0.803659403357374,8.469891918298224,1.0999559665345662
0.3348333333333333,2008,16.7417041,-62.1916844,-18043.04361880686,-2871.1293727130674,700.6180222906754,0.0,0.4168006177719099,8.47907586930311,1.0916992611907865
0.56575,2009,16.7417041,-62.1916844,-17976.030539801774,-2756.562059286274,378.77886548749467,0.0,0.38260581396208176,8.491054533806542,1.0825138948268491
1.1380833333333331,2010,16.7417041,-62.1916844,-18055.058154435064,-2871.172301690933,709.9983780493867,0.0,0.5720524171818866,8.504715669905124,1.0739185216295675
0.5876666666666667,2011,16.7417041,-62.1916844,-17954.394622745953,-2723.1804402662706,282.9725611665557,0.0,0.27657056769706223,8.509362612301048,1.070534223706177
0.71225,2012,16.7417041,-62.1916844,-17954.421124612683,-2723.180098912768,282.9740124843778,0.0,0.27490073808704785,8.512180649592693,1.062603648424544
0.8019166666666666,2013,16.7417041,-62.1916844,-17975.890706404247,-2756.557937352896,378.77658015768515,0.0,0.37960014191311,8.51919119407891,1.0532786885245902
0.7153333333333333,2014,16.7417041,-62.1916844,-17965.720233651118,-2740.078120652352,331.7962393401259,0.0,0.327791813379657,8.527539483470381,1.042862919530934
1.178,1990,28.3347722,-10.371337908392649,-15452.107829035882,-2744.508155983173,293.6103054242079,37.1349,6.101897749905587,17.017069833083017,0.9976582561288762
0.1945,1991,28.3347722,-10.371337908392649,-14707.999236143003,-2767.057286123562,375.81243160358173,37.1349,6.207068547302968,17.033909589184447,0.9974114790667767
0.2375,1992,28.3347722,-10.371337908392649,-14451.962234359386,-2764.894854875777,388.169545229352,37.1349,6.40211402644284,17.05028634580784,0.9970932844965292
0.1835833333333333,1993,28.3347722,-10.371337908392649,-14377.62473222376,-2739.3640301316777,345.90885027866955,37.1349,6.478455262849854,17.066147728567078,0.9967413692825697
1.0759999999999998,1994,28.3347722,-10.371337908392649,-14283.456804965721,-2695.489918426788,192.57219132401528,37.1349,6.55482118646851,17.08132916545245,0.9963481943261352
1.2851666666666668,1995,28.3347722,-10.371337908392649,-14166.685488673764,-2683.8954893459977,138.2786134591132,37.1349,6.602074055991884,17.096385946042453,0.9964269432422505
0.867,1996,28.3347722,-10.371337908392649,-14100.376744066803,-2640.345049621961,-0.78322002224909,37.1349,6.646605296975202,17.111313830811767,0.9970140678094853
1.2739166666666666,1997,28.3347722,-10.371337908392649,-13792.856638529363,-2643.3099222185797,-19.45997601963331,37.1349,6.696445061784887,17.125948419844672,0.9977077174605911
1.3050833333333334,1998,28.3347722,-10.371337908392649,-13619.458184723653,-2628.334258096058,-86.16114288482503,37.1349,6.741912714677172,17.140252506648952,0.9984947914910128
1.0315833333333335,1999,28.3347722,-10.371337908392649,-13503.695284973748,-2594.2612720330826,-224.4910846187145,37.1349,6.8032239749888275,17.154016458326744,0.9993613849941652
0.9916666666666666,2000,28.3347722,-10.371337908392649,-13221.012397765026,-2593.7383712932346,-256.020099650697,37.1349,6.814572973646298,17.1673221581122,1.0002737604528789
1.749,2001,28.3347722,-10.371337908392649,-12429.277488141102,-2624.25903099794,-298.57848496229013,95.2499,6.866229390953628,17.180393029867542,1.001173376777488
1.1564166666666666,2002,28.3347722,-10.371337908392649,-12200.109209635191,-2624.0044003677367,-319.07354945254843,95.2499,6.948288975948646,17.193160085716407,1.0020004415059602
1.4640000000000002,2003,28.3347722,-10.371337908392649,-12033.445992463812,-2615.202488528836,-358.3486115092823,95.2499,7.083095019520431,17.205352712368292,1.0027249667397142
0.8985,2004,28.3347722,-10.371337908392649,-11826.525273285324,-2602.645092214449,-366.7359137556222,95.2499,7.174117464180771,17.21781146385287,1.0029453505556711
1.2491666666666668,2005,28.3347722,-10.371337908392649,-11849.846727576181,-2594.446593335539,-431.9145709095817,95.2499,7.361126414494239,17.231002024027642,1.0031980707307873
1.3686666666666667,2006,28.3347722,-10.371337908392649,-11551.09686205413,-2584.803561184249,-531.7234971399076,95.2499,7.559831111019035,17.244096848899026,1.0040213639060378
0.9939166666666668,2007,28.3347722,-10.371337908392649,-10922.09465204433,-2635.5869114361053,-396.3734637977579,95.2499,7.760328784363924,17.25697403566375,1.0049602373446833
0.9579166666666667,2008,28.3347722,-10.371337908392649,-10489.026668620909,-2673.108169174043,-140.56286009160507,95.2499,7.98647583238407,17.269774407678625,1.0059571902566067
1.4685833333333331,2009,28.3347722,-10.371337908392649,-10265.870542584064,-2674.663144667192,-185.39066469773306,95.2499,8.046717162607397,17.28258547014068,1.0070220046069671
2.0286666666666666,2010,28.3347722,-10.371337908392649,-10461.380951636394,-2629.4793822500515,-430.569890650948,95.2499,8.07838291130727,17.29566898559173,1.0080706032271651
1.4786666666666666,2011,28.3347722,-10.371337908392649,-10125.175899614575,-2574.0900994753233,-823.3915876485495,817.5027,7.753766368978165,17.309095641026584,1.0090156807721569
1.3111666666666666,2012,28.3347722,-10.371337908392649,-9421.190526442488,-2615.191103845115,-734.1737663587654,817.5027,7.79595875096502,17.322633365692322,1.0098393769722336
1.2305,2013,28.3347722,-10.371337908392649,-9217.246022493966,-2631.189785527829,-670.3007483571215,817.5027,7.832891375022917,17.336075704121683,1.0105906028971492
1.5683333333333334,2014,28.3347722,-10.371337908392649,-9832.422796073093,-2533.5817579609366,-1021.5593064606463,817.5027,7.861474041190416,17.349156333519474,1.0113362359616218
0.399,1990,-19.302233,34.9144977,-18433.012474286043,-2749.339242824272,1858.8418552900444,48356.66,4.822213569051628,16.40353455939784,0.9493991330212859
0.0408333333333333,1991,-19.302233,34.9144977,-18343.366564845182,-2660.445609952416,1588.6688637261022,48356.66,4.793579011046848,16.422721488639866,0.9500461873573182
0.8709166666666667,1992,-19.302233,34.9144977,-18306.71501908379,-2605.4728567287552,1420.716241017577,48356.66,4.667553260819389,16.44140166342301,0.9506761423349358
0.2956666666666667,1993,-19.302233,34.9144977,-18265.943524327413,-2564.200260333165,1292.684444322746,48356.66,4.791652242554167,16.469192848149163,0.9513975264699746
0.0427499999999999,1994,-19.302233,34.9144977,-18212.463670369492,-2528.3484950206125,1183.7380646879471,48356.66,4.69999752196937,16.517735424705002,0.952266785080487
0.5446666666666666,1995,-19.302233,34.9144977,-18178.040241957115,-2498.236657814571,1092.8481582208997,48356.66,4.731655689531935,16.56245000703484,0.9531154503573883
0.1288333333333333,1996,-19.302233,34.9144977,-18116.187872351788,-2930.5616841034566,1287.8081038845394,48356.66,1.4886252922173524,16.593059022821247,0.9539153578735561
0.2255,1997,-19.302233,34.9144977,-18072.72529801609,-2934.6933872953264,1248.732532022524,48356.66,2.1034265869302966,16.620186678965663,0.9536290904275069
0.9523333333333334,1998,-19.302233,34.9144977,-18047.397167415613,-2881.638477510103,1139.1150973614835,48356.66,2.9433857931817817,16.644195665012987,0.9523540172658428
0.3450833333333333,1999,-19.302233,34.9144977,-18023.826466183862,-2887.770002593623,1121.6152990329806,48356.66,2.9433857931817817,16.668405068653424,0.9510881338388474
0.2911666666666667,2000,-19.302233,34.9144977,-17873.067729824303,-2936.856306089175,1155.923527506608,48356.66,2.7666712484757436,16.692938066034543,0.9498856965770865
0.52175,2001,-19.302233,34.9144977,-17451.004062371194,-2522.1135833319336,986.2113284964404,49295.0883,2.7810032208407995,16.718069746499264,0.9490496509979716
0.6610833333333334,2002,-19.302233,34.9144977,-17302.56543209203,-2485.1447412339044,799.3933194591457,49295.0883,2.7810032208407995,16.743763777916325,0.9485969175703078
0.6526666666666666,2003,-19.302233,34.9144977,-17073.11385999336,-2453.703026561643,1037.1131663635326,49295.0883,3.0022509805411066,16.769730755196324,0.9483741779191865
0.3810833333333334,2004,-19.302233,34.9144977,-16813.668389466846,-2512.1313306330503,1124.0943854935506,49295.0883,3.013586926347833,16.79584539709659,0.948425477640715
1.0650833333333334,2005,-19.302233,34.9144977,-16726.051779485817,-2297.5889114260935,754.6581963938419,49295.0883,2.8513536908754356,16.821743258565526,0.9485344377954334
0.6084166666666667,2006,-19.302233,34.9144977,-16650.638709694253,-2293.4158723024398,765.8687391894488,49295.0883,3.035890047528613,16.847381058303554,0.9486070445923714
0.5979166666666668,2007,-19.302233,34.9144977,-16599.10462408456,-2267.5854304491963,698.3782322980444,49295.0883,3.1822035417069876,16.873302376281348,0.9488331917838152
0.3781666666666667,2008,-19.302233,34.9144977,-16600.932652298157,-2152.2364261670464,608.5637669786049,49295.0883,3.1532102688653634,16.899508712954702,0.9488726228857246
0.646,2009,-19.302233,34.9144977,-16590.83440276314,-2310.22075887198,857.8462372466281,49295.0883,3.334662201861008,16.92620678618607,0.9487767173719353
1.0874166666666667,2010,-19.302233,34.9144977,-16497.079049365497,-2099.2573403943306,666.5358799297826,49295.0883,3.342808799710886,16.954204995543364,0.9492054151289689
0.7920833333333334,2011,-19.302233,34.9144977,-16345.649092847565,-2300.5288945965913,732.7003795078205,46081.9097,3.4524860093721506,16.98353177115696,0.9503120033502745
0.7254999999999999,2012,-19.302233,34.9144977,-16189.777224666452,-2143.5877854531354,508.9689254008987,46081.9097,3.4669226982792916,17.013677914986598,0.9518438194126888
0.4656666666666667,2013,-19.302233,34.9144977,-16081.45895571214,-2129.579357106677,448.13560921469076,46081.9097,6.429007934629576,17.04440526579134,0.9536075164403177
0.7463333333333333,2014,-19.302233,34.9144977,-15960.184120472999,-2194.4850036907683,505.755898689635,46081.9097,6.563490579834347,17.07509464288521,0.9554517085294828
0.2720833333333333,1990,17.1750495,95.9999652,-13557.613413418429,11991.459361348887,-11258.361690331822,122219.8567,4.909311803859792,17.5068757450825,1.0047719603968632
0.513,1991,17.1750495,95.9999652,-13709.37673379222,11850.660434658974,-10858.191092887899,122219.8567,4.814674747704531,17.521260231320355,1.0045888616489134
0.0322499999999999,1992,17.1750495,95.9999652,-13399.936233048582,12283.194184866396,-12120.302409497554,122219.8567,5.25284760872309,17.5348662089186,1.0043849947207124
0.2716666666666666,1993,17.1750495,95.9999652,-13139.346268959427,12675.42758782151,-13270.475891911341,122219.8567,5.938092778398949,17.548126977938384,1.0041060666502903
0.4591666666666666,1994,17.1750495,95.9999652,-12845.28180322692,12903.745907053206,-13949.093177849174,122219.8567,6.173426664311266,17.561174540754035,1.0036963006798456
0.6069166666666667,1995,17.1750495,95.9999652,-12615.45250356919,13179.429537973929,-14742.85772015704,122219.8567,6.203555037785963,17.573920389083185,1.00324671259663
0.5215833333333334,1996,17.1750495,95.9999652,-12735.82963305114,11407.207710042801,-14567.783770279313,122219.8567,6.024806959160902,17.586508287347225,1.0027065341926624
0.33175,1997,17.1750495,95.9999652,-12909.688603085317,10683.35578541129,-13827.5635281547,122219.8567,6.315584919716588,17.59906464905888,1.0020475299584033
1.2160833333333334,1998,17.1750495,95.9999652,-12888.969620212896,11654.448487179492,-13860.085652188382,122219.8567,6.2751762480558675,17.611363388875965,1.0013174670824296
0.7225,1999,17.1750495,95.9999652,-12433.30611630956,12352.99061085539,-15827.733807702069,122219.8567,6.255947527050326,17.62309784220256,1.000565370164667
0.3423333333333334,2000,17.1750495,95.9999652,-12266.632883175867,12230.971917950648,-15986.714748694625,122219.8567,6.112993225743697,17.6340649907881,0.9999047002160846
0.6535833333333333,2001,17.1750495,95.9999652,-12260.538094389705,12584.323246689817,-16221.793569794896,104007.1659,6.096573381096634,17.644474206872307,0.9992677217081801
0.6829999999999999,2002,17.1750495,95.9999652,-12182.620136725707,11910.232412883235,-16385.90487558591,104007.1659,5.991035204953828,17.654537618860576,0.998664152467392
0.62775,2003,17.1750495,95.9999652,-12121.632665608638,13579.651070768301,-16586.289110518064,104007.1659,5.923230405569796,17.66404605241679,0.9980775585146427
0.5494166666666667,2004,17.1750495,95.9999652,-11857.992533680892,16460.833773059436,-16840.54249916843,104007.1659,5.8516439905150435,17.67283333514883,0.9975215404156306
1.0139166666666666,2005,17.1750495,95.9999652,-11557.020684069737,13564.906922612936,-19148.085418658484,104007.1659,5.80509822125335,17.680954843177304,0.9970421688758585
0.78425,2006,17.1750495,95.9999652,-11041.760925288716,16177.259071713825,-20375.711318618476,104007.1659,5.703714472344096,17.68854892157211,0.9966744150434991
0.5371666666666667,2007,17.1750495,95.9999652,-10976.078708841445,16039.42299339165,-20756.486997307264,104007.1659,5.617993622805369,17.69595304706349,0.9964286472249105
0.4630833333333333,2008,17.1750495,95.9999652,-10871.713678510012,13882.602509357008,-21384.34367722673,104007.1659,5.617993622805369,17.701794866846964,0.9968833865991443
0.9313333333333332,2009,17.1750495,95.9999652,-10822.8945246444,15921.820213121566,-21118.521174838013,104007.1659,5.307536737245604,17.707654007937347,0.9972981212882632
1.2344166666666667,2010,17.1750495,95.9999652,-10722.517618439659,17568.42956501024,-20685.615756913474,104007.1659,6.480688526316212,17.715278516119522,0.9969956712274134
0.5161666666666667,2011,17.1750495,95.9999652,-10936.381290699532,13549.812610613226,-20509.793637067276,86304.4354,6.2100461083512934,17.723415515861905,0.9966370606589346
0.9326666666666666,2012,17.1750495,95.9999652,-11003.458204847935,13669.499319165576,-19181.77090211952,86304.4354,5.6922448380328445,17.731887770060922,0.99620258618942
0.8685,2013,17.1750495,95.9999652,-10900.445227793125,15104.650700727994,-18647.796311871614,86304.4354,6.88055590709438,17.740416895719186,0.9957803127232521
1.04775,2014,17.1750495,95.9999652,-10780.676397384437,14786.343440287028,-18748.50981249845,86304.4354,6.899432742552468,17.7487554967226,0.995335661413432
0.6123333333333333,1990,-23.2335499,17.3231107,-17966.705457381464,-3312.4930949768004,1656.2283188804106,10557.7953,4.956843864421611,14.129599139300394,0.9393398081358122
0.0845,1991,-23.2335499,17.3231107,-17968.967268057295,-3311.558877383025,1662.3732677871526,10557.7953,5.382624047476026,14.16307603642344,0.9406741554549617
0.8313333333333334,1992,-23.2335499,17.3231107,-17972.06163106998,-3312.6554209418823,1674.0248143074027,10557.7953,5.5585254619990625,14.195101806083986,0.9415742605295178
0.6935000000000001,1993,-23.2335499,17.3231107,-17978.48043686341,-3314.796995096058,1690.246009284595,10557.7953,5.546465286729628,14.22751093129736,0.9416252793802581
0.3808333333333333,1994,-23.2335499,17.3231107,-17978.60025791156,-3314.130322966832,1690.244987653865,10557.7953,5.743774364735079,14.259202295544632,0.9412656436651176
0.8286666666666668,1995,-23.2335499,17.3231107,-17972.213944198968,-3314.515058817681,1694.97230645491,10557.7953,5.983198477090896,14.288864817573405,0.940816913736366
0.2466666666666666,1996,-23.2335499,17.3231107,-17966.011720164526,-3315.589119497344,1702.4382997350028,10557.7953,6.159061772704941,14.316325845076785,0.9403364526423974
0.1083333333333333,1997,-23.2335499,17.3231107,-17971.282477217064,-3314.6403132280975,1705.1068170134597,10557.7953,6.037701931897449,14.342156183006889,0.9398259104302519
1.22475,1998,-23.2335499,17.3231107,-17952.691229525477,-3310.821742691029,1680.4252137375347,10557.7953,6.05437549446563,14.367067100103213,0.9393370996517812
0.7715,1999,-23.2335499,17.3231107,-17943.28312052494,-3307.977398337841,1667.1304271920305,10557.7953,5.927343538799798,14.391156038289315,0.9388686758114336
0.0833333333333333,2000,-23.2335499,17.3231107,-17841.585053114282,-3280.313865680434,1397.3160041175236,10557.7953,5.943935212758472,14.413874969614314,0.9384796209015629
0.4180833333333333,2001,-23.2335499,17.3231107,-17930.630582842878,-3306.2578174207188,1653.4507281369968,10557.9143,6.245807108185699,14.434150763702595,0.9385945309220324
0.9353333333333332,2002,-23.2335499,17.3231107,-17919.80598882718,-3309.7966003223387,1663.3249124877511,10557.9143,6.084947604194279,14.451306659066619,0.9392559352665736
1.33525,2003,-23.2335499,17.3231107,-17897.397263366787,-3308.699056573885,1654.7573009750759,10557.9143,6.147873460918723,14.465450088088478,0.9399066215641394
0.7951666666666667,2004,-23.2335499,17.3231107,-17874.01032922142,-3312.345547336963,1675.6111867729603,10557.9143,6.205525576913547,14.477892298588129,0.9402014826078692
0.7940833333333334,2005,-23.2335499,17.3231107,-18172.888898506488,-3307.158562509153,1928.7214872321952,10557.9143,6.221119453463828,14.489915189146844,0.940267643029281
-0.101,2006,-23.2335499,17.3231107,-18164.59618368884,-3296.7745860403284,1813.4211152549706,10557.9143,6.300263640015606,14.501914050890857,0.9401136200496318
0.9918333333333332,2007,-23.2335499,17.3231107,-18167.05780069185,-3299.8892968072855,1846.7136598808524,10557.9143,6.338285019848863,14.514387293232577,0.9396792549442009
0.6502500000000001,2008,-23.2335499,17.3231107,-18258.382003450068,-3325.151370224657,2133.243029598171,10557.9143,6.58491168901719,14.52774981932437,0.9390745371687081
0.5989166666666667,2009,-23.2335499,17.3231107,-18169.62983117556,-3294.4346283960786,1818.3690891468514,10557.9143,6.655259767783027,14.54205334556483,0.9384063201270324
1.1086666666666667,2010,-23.2335499,17.3231107,-18167.806713696573,-3295.252126950936,1827.826715689666,10557.9143,6.728960615382107,14.557100223212526,0.937870573541453
-0.5079166666666667,2011,-23.2335499,17.3231107,-17990.753431245255,-3286.17849698685,1633.7761219456775,10557.7061,6.6193376027068584,14.572730526224808,0.9373989206083844
-0.1393333333333333,2012,-23.2335499,17.3231107,-17901.171979139548,-3284.026569647174,1594.9806672718573,10557.7061,6.715339870236354,14.589070685343092,0.9368207626580978
0.8120833333333334,2013,-23.2335499,17.3231107,-17969.629413807714,-3339.061906249236,2104.8353834937966,10557.7061,6.550703121050009,14.606015819945844,0.9362196591495955
0.4285833333333333,2014,-23.2335499,17.3231107,-17975.5191577359,-3350.594270858761,2215.046369249175,10557.7061,6.984932685598456,14.623325259333722,0.9357425247836206
-0.18075,1990,-0.5252306,166.9324426,-18578.793427528486,-3279.821861216986,2342.1215049367297,0.0,2.4392291362913476,9.169310022418191,1.096090849530465
-0.00075,1991,-0.5252306,166.9324426,-18578.833755019845,-3279.812321095345,2342.115003676851,0.0,2.1723169416300347,9.200492035921368,1.0745862141210978
-0.46325,1992,-0.5252306,166.9324426,-18578.898027551033,-3279.79446258674,2342.110237728899,0.0,2.069858268452774,9.223157875686796,1.0604149715215623
0.045,1993,-0.5252306,166.9324426,-18578.938595097297,-3279.7831559132783,2342.0783218822594,0.0,2.0515948978581777,9.232688775639945,1.0583735909822867
0.4298843590556732,1994,-0.5252306,166.9324426,-18578.988720457233,-3279.7750806337513,2342.0759292360067,0.0,1.9123681386482532,9.237371711027214,1.060156406657309
0.4344070423822839,1995,-0.5252306,166.9324426,-18579.00842787752,-3279.7676477844534,2342.0851376898822,0.0,1.965054296295757,9.241451367001236,1.0603155582184942
0.4534478417460187,1996,-0.5252306,166.9324426,-18579.04628553965,-3279.760983898993,2342.0938563387513,0.0,1.9809462949307366,9.244258590179644,1.0624003189792663
0.4933383815823538,1997,-0.5252306,166.9324426,-18579.03551706995,-3279.7628374278884,2342.1064770892203,0.0,2.103963407986573,9.245900547374733,1.063321385902031
0.5611779165804882,1998,-0.5252306,166.9324426,-18594.46509028208,-3279.7045429679088,2330.6525982075823,0.0,2.757671765594339,9.247347097605278,1.0634320938556372
0.5338256920025038,1999,-0.5252306,166.9324426,-18594.45510227138,-3279.7066865151423,2330.662577325372,0.0,1.9749140123259015,9.247925132303454,1.0642147117296223
0.5488853968858,2000,-0.5252306,166.9324426,-18594.499717494247,-3279.7021632790293,2330.6797179526466,0.0,1.6209513773919912,9.247347097605278,1.0658968743778618
0.554708224378292,2001,-0.5252306,166.9324426,-18594.522640086507,-3279.706570966184,2330.704872299613,0.0,1.2230398670431617,9.245900547374733,1.0670257330939557
0.5606080439741089,2002,-0.5252306,166.9324426,-18582.66214479622,-3261.9321240072086,2279.323781833681,0.0,0.9963211317796435,9.24483841238375,1.0656555577728997
0.5653930161932068,2003,-0.5252306,166.9324426,-18594.40102374233,-3279.7223691081354,2330.7141425353234,0.0,2.179626185593598,9.244258590179644,1.0624003189792663
0.5653930161932068,2004,-0.5252306,166.9324426,-18594.4029288115,-3279.7225105573552,2330.726840989025,0.0,2.088351727809592,9.24329147211587,1.059175134488942
0.5637859748567515,2005,-0.5252306,166.9324426,-18594.41987265011,-3279.723912348978,2330.7514071178884,0.0,2.061824773651669,9.241645221804594,1.0553784860557769
0.567814213662792,2006,-0.5252306,166.9324426,-18594.57410515308,-3279.731310166616,2330.8043495897405,0.0,1.8317331039929141,9.2393164802127,1.0497809637594584
0.5695835551366774,2007,-0.5252306,166.9324426,-18594.547334482057,-3279.726757025944,2330.787438346444,0.0,1.7666638587782868,9.236592743120248,1.045427375971309
0.5695835551366774,2008,-0.5252306,166.9324426,-18594.553722112905,-3279.7235738149884,2330.777971298613,0.0,1.6510595871249198,9.234447447319416,1.0422647527910687
0.5695835551366774,2009,-0.5252306,166.9324426,-18594.546929802145,-3279.7213993439887,2330.784607328433,0.0,1.5153030416834243,9.233373071086755,1.0400717703349283
0.5695835551366774,2010,-0.5252306,166.9324426,-18594.61198845524,-3279.717937109016,2330.7714037859705,0.0,1.4281558152148082,9.234154550075438,1.0400398406374503
0.5695835551366774,2011,-0.5252306,166.9324426,-18594.575343605826,-3279.715079291662,2330.7762789564354,0.0,1.2706590175209662,9.23815007261545,1.0421052631578946
0.5695835551366774,2012,-0.5252306,166.9324426,-18594.62561897293,-3279.712678285428,2330.76685529842,0.0,1.141448253787422,9.25378292981902,1.0434357268636274
0.5695835551366774,2013,-0.5252306,166.9324426,-18582.917328695163,-3261.9204681211463,2279.378411698784,0.0,1.016642725800859,9.277438115508676,1.0420087836547642
0.7921755055589641,2014,-0.5252306,166.9324426,-18582.924181256938,-3261.9184744870877,2279.373649725887,0.0,0.8166471765455579,9.300181075975972,1.041044776119403
0.0655833333333333,1990,28.3780464,83.9999901,-17350.28043078761,-1003.1864268514203,-1232.847603098449,0.0,3.049727913315003,16.79188313611327,1.0332392888829924
-0.0125833333333333,1991,28.3780464,83.9999901,-17337.56444456507,-1015.3604872993023,-1199.9424025272779,0.0,3.3367157477953615,16.81776044565204,1.0340455552012364
-0.0422499999999999,1992,28.3780464,83.9999901,-17345.056858616757,-1094.6167743320107,-971.2832200854872,0.0,3.3367157477953615,16.845747296405243,1.0346556577255877
-0.0925833333333333,1993,28.3780464,83.9999901,-17249.95074789459,-974.680321462198,-1323.1164159053342,0.0,3.3367157477953615,16.872684013975945,1.0345657968160593
0.10375,1994,28.3780464,83.9999901,-17247.205832671945,-1009.9603056199154,-1230.866830790236,0.0,5.018901038513288,16.89717967306808,1.0339808892261424
0.3388333333333333,1995,28.3780464,83.9999901,-17178.367763980925,-932.5365252654024,-1497.3208722473305,0.0,3.4551488067546283,16.920347025858174,1.0327084999305134
0.1694999999999999,1996,28.3780464,83.9999901,-17171.66165927174,-932.1437023225088,-1554.6065604904131,0.0,3.4551488067546283,16.941567776479488,1.0305544301419376
-0.4755,1997,28.3780464,83.9999901,-17188.495071636687,-926.8662533283053,-1582.9889549838688,0.0,3.655395056796586,16.961790657426263,1.0282278811632846
0.3899166666666667,1998,28.3780464,83.9999901,-17156.116612928978,-903.2235813867287,-1617.8265215833637,0.0,5.43200787151352,16.98112597599988,1.0256134055250636
0.6976666666666667,1999,28.3780464,83.9999901,-17122.008708473782,-769.154758467411,-1673.261176119466,0.0,5.43200787151352,16.999511543873247,1.0226855489637439
0.0664999999999999,2000,28.3780464,83.9999901,-17101.851104859546,-753.9442841368585,-1703.3606145604872,0.0,5.447358730307179,17.016609343447236,1.0193885798624387
0.3990833333333333,2001,28.3780464,83.9999901,-17109.788812405874,-758.1298893802585,-1652.3421460267284,0.0,5.318076365441531,17.03262771728639,1.0158262420304374
0.6001666666666666,2002,28.3780464,83.9999901,-17086.619230346216,-754.8803514525802,-1707.467565949314,0.0,5.352022101075299,17.047586003279385,1.011454059377497
0.24925,2003,28.3780464,83.9999901,-16900.53768455134,-732.4137340443409,-1702.4794770725011,0.0,5.3007204767643215,17.06133630918667,1.0060765204950854
0.4425833333333333,2004,28.3780464,83.9999901,-17041.370433456115,-710.5925107128747,-1798.3875077757773,0.0,5.400819801782328,17.073759584358815,1.000073606868867
0.6223333333333333,2005,28.3780464,83.9999901,-17031.84239343665,-718.1110311800675,-1791.77120365376,0.0,5.384744572943245,17.084513177123256,0.9933504201337181
0.8754166666666666,2006,28.3780464,83.9999901,-17016.26028166552,-723.1796788947782,-1819.029393612161,0.0,5.384744572943245,17.093370921624185,0.9859280455073749
0.6507499999999999,2007,28.3780464,83.9999901,-17046.2610133191,-788.3542869518569,-1663.9289916611176,0.0,5.1894596316304105,17.100685415859168,0.9780440494788408
0.4634999999999999,2008,28.3780464,83.9999901,-16990.009218289688,-700.4560680487853,-1888.7734695709405,0.0,5.588435594162657,17.106950512445774,0.9700012714865657
1.01325,2009,28.3780464,83.9999901,-16619.660023877877,-710.1265696276052,-1843.011168037188,0.0,5.852823838415342,17.11234477829724,0.9618474404285455
1.1095833333333334,2010,28.3780464,83.9999901,-16593.200945355056,-740.5462088594064,-1743.2679507309697,0.0,5.921130598207138,17.117313517313654,0.9538604755016495
0.22925,2011,28.3780464,83.9999901,-16332.534076835456,-766.3466435036789,-1730.4740016046806,0.0,5.958156698466116,17.121165696230765,0.9453290348274154
0.3594166666666666,2012,28.3780464,83.9999901,-16098.852308276098,-737.9785470398124,-1771.9564454822882,0.0,5.958156698466116,17.123520950922497,0.935788282127497
0.2325833333333333,2013,28.3780464,83.9999901,-16019.572041160363,-806.7488913585951,-1569.6168223247919,0.0,6.083603795728751,17.125380169491667,0.9260184334396897
0.2459166666666666,2014,28.3780464,83.9999901,-15921.74013007528,-775.6165800455798,-1675.4277763083956,0.0,6.1096825992420865,17.12831764873549,0.91732695688321
1.46125,1990,52.24764975,5.541246849406163,8665.734085462196,-1399.409173458331,6247.246527197924,30.1418,9.281081647447046,16.51985710901397,0.9768872469521019
0.2601666666666666,1991,52.24764975,5.541246849406163,9238.130214316872,-1402.2749242826442,6227.0916397913015,30.1418,9.37120772437102,16.526661480191585,0.9767727039891662
1.213666666666667,1992,52.24764975,5.541246849406163,8911.211285958641,-1331.5999959240453,5955.342544069679,30.1418,9.34177525345623,16.53355630341896,0.9767669279273355
0.3449166666666667,1993,52.24764975,5.541246849406163,9115.19777504235,-1309.1443714811599,5840.501747127329,30.1418,9.37573734592795,16.540161271596915,0.9768316276759533
1.4139166666666665,1994,52.24764975,5.541246849406163,10215.433519821607,-1388.1267663788371,6012.12184856784,30.1418,9.321510067627088,16.546592024904587,0.9770125513010344
1.0709166666666663,1995,52.24764975,5.541246849406163,9820.675632988652,-1346.4543332508604,5878.316553071588,30.1418,9.339953027620808,16.552903874618906,0.9772656287601752
-0.7284166666666666,1996,52.24764975,5.541246849406163,11174.356673236198,-1890.1599951782825,7424.3944004549285,30.1418,9.409004746121061,16.558838838448594,0.9774912436677101
0.9551666666666666,1997,52.24764975,5.541246849406163,10576.9478105166,-1846.0180619744092,7300.345399478649,30.1418,9.275841592070375,16.564696624324167,0.9777830220910723
1.01325,1998,52.24764975,5.541246849406163,11701.057358361608,-1990.9823911631554,7742.962057216691,30.1418,9.264260213965613,16.570609344074878,0.9781020474381829
1.6174166666666665,1999,52.24764975,5.541246849406163,11289.310060592472,-1931.7425327257288,7516.356762182472,30.1418,9.250330846479471,16.576310439076128,0.9784608143045377
1.6585833333333333,2000,52.24764975,5.541246849406163,11535.761152398387,-1893.4828721459655,7442.206348312597,30.1418,9.262774982314832,16.581775263194867,0.9788243078063141
1.049,2001,52.24764975,5.541246849406163,7169.823172348775,-1519.3244761843632,6288.061025325669,44.616,9.239283955883517,16.586950871034603,0.9791141856754045
1.55175,2002,52.24764975,5.541246849406163,6446.990354545135,-1446.0417012386483,5979.810950541151,44.616,9.156815642419554,16.59165800293206,0.9794033846638974
1.3129166666666667,2003,52.24764975,5.541246849406163,7536.230823696368,-1600.775406751767,6340.10535848729,44.616,9.14736996470515,16.59604134584189,0.9796108750346607
1.0813333333333333,2004,52.24764975,5.541246849406163,7931.089075746269,-1650.7005863560241,6437.811422853936,44.616,9.15075028047368,16.600277078902774,0.9796679895389276
1.28725,2005,52.24764975,5.541246849406163,7827.764334528359,-1632.6003179562892,6354.91461085865,44.616,9.163229089196365,16.604331263370252,0.9796466302563073
1.7500833333333334,2006,52.24764975,5.541246849406163,9904.852183616853,-1906.5875424816034,7183.83306801295,44.616,9.026698095415705,16.60824970240473,0.9796706861914934
1.85875,2007,52.24764975,5.541246849406163,9771.294098190356,-1836.3169751063647,6906.301927319086,44.616,9.012745188940196,16.612257176688516,0.9796689165237986
1.31825,2008,52.24764975,5.541246849406163,5217.896743593053,-1367.943358344706,5613.13703369783,44.616,9.014970073447762,16.61649053219195,0.9797711967830584
1.1978333333333333,2009,52.24764975,5.541246849406163,4966.472167240048,-1358.1404978835342,5650.281783937734,44.616,8.999768959096764,16.621062898407626,0.9799885483953624
-0.2320833333333333,2010,52.24764975,5.541246849406163,6026.430346943136,-1470.910890929946,5958.282033278586,44.616,9.148804548891937,16.62594386664069,0.9802185696885571
1.708,2011,52.24764975,5.541246849406163,5107.768911125941,-1381.835569585439,5687.3633997318275,183.3223,9.016159996524213,16.63100741721513,0.9806858641065653
1.0165,2012,52.24764975,5.541246849406163,7048.050883526337,-1568.483837248726,6167.845453165714,183.3223,9.010890458833757,16.636014001761595,0.9813181025389692
0.5517500000000001,2013,52.24764975,5.541246849406163,6415.399890848547,-1493.6188451440678,5922.342794502786,183.3223,9.007824462931845,16.640890417889047,0.9819734296298331
2.4611666666666667,2014,52.24764975,5.541246849406163,5083.307925771219,-1352.543988339178,5367.263868953681,183.3223,8.889546835647138,16.64601912977267,0.9826802237655728
0.3320833333333333,1990,12.1845,-68.6607922625,-18201.60966777815,-3176.71280265577,1601.821877775545,0.0,4.3543534909602934,12.342306632853452,0.9452389641914429
0.3036666666666667,1991,12.1845,-68.6607922625,-18198.997229899007,-3175.167457332456,1598.8944451943316,0.0,4.429270365636377,12.353060591257941,0.9431485535509088
0.34,1992,12.1845,-68.6607922625,-18176.32068286141,-3177.4403471278283,1601.3454469135897,0.0,4.25391339445895,12.359480192159486,0.9403158963433916
0.6105,1993,12.1845,-68.6607922625,-18205.723024538016,-3180.928310887257,1603.848380624091,0.0,3.6056771769200737,12.359523080243038,0.9367083350637485
0.526,1994,12.1845,-68.6607922625,-18160.645439445358,-3178.641224133215,1604.0706121548947,0.0,3.9086854419543786,12.355479232781725,0.9325200342850486
0.71875,1995,12.1845,-68.6607922625,-18159.434295045692,-3178.6038003811996,1604.2480910095892,0.0,4.453019671163151,12.350060429056686,0.9281254173901429
0.3465,1996,12.1845,-68.6607922625,-18207.72152439897,-3180.6072743582035,1602.9731158649217,0.0,4.1622851024248835,12.34337940248968,0.9235077129443326
0.5989166666666667,1997,12.1845,-68.6607922625,-18212.22206608976,-3180.6501894959592,1598.3551275787377,0.0,3.7636830771036407,12.335599781810311,0.9185417404055216
1.07175,1998,12.1845,-68.6607922625,-18152.27711836496,-3178.8146964202633,1605.6263175071283,0.0,4.836276351380491,12.326815740330085,0.9134213449325499
0.3873333333333333,1999,12.1845,-68.6607922625,-18150.836624887565,-3179.066429550416,1606.0404911717756,0.0,4.884191108735472,12.318342735007988,0.9082962356512988
0.29575,2000,12.1845,-68.6607922625,-18149.861466247028,-3179.3981314105126,1606.4021778037345,0.0,4.938210827129037,12.312969979677288,0.9034928671615751
0.684,2001,12.1845,-68.6607922625,-18149.29738604792,-3179.441806765619,1606.5731153947268,0.0,5.070459595741921,12.314613099819624,0.9006411349452648
0.8326666666666668,2002,12.1845,-68.6607922625,-18149.012481744037,-3179.4277303278886,1606.5736093935554,0.0,5.141655369334642,12.325347900606493,0.9001104636945468
0.94175,2003,12.1845,-68.6607922625,-18160.535423910977,-3179.446158775506,1615.1968967154787,0.0,5.206170278889042,12.341302594790278,0.8997992001194842
0.5876666666666667,2004,12.1845,-68.6607922625,-18159.19371227552,-3179.539230052413,1615.563525543217,0.0,5.305715929557705,12.358205576785524,0.8988917973432493
0.77725,2005,12.1845,-68.6607922625,-18156.062221243134,-3179.764939645463,1616.359018532829,0.0,5.315031405532672,12.375718368994459,0.8975009808710135
0.67975,2006,12.1845,-68.6607922625,-18148.619375059785,-3179.192783666253,1618.141012397607,0.0,5.395089658763058,12.393804540016404,0.8957019066847881
0.8433333333333333,2007,12.1845,-68.6607922625,-18143.88545609115,-3179.383220268436,1619.425485277101,0.0,5.563450870054322,12.411744450932344,0.8939504906986964
0.5394166666666667,2008,12.1845,-68.6607922625,-18132.54283789313,-3179.198270464054,1610.8430826642348,0.0,4.973175695935874,12.429244196452391,0.8922148890436257
0.9899166666666668,2009,12.1845,-68.6607922625,-18135.388753803352,-3179.1210561516446,1610.1422040927612,0.0,4.876217413419188,12.44600251494444,0.8905943244690344
1.1724166666666669,2010,12.1845,-68.6607922625,-18146.6584947761,-3179.225694936806,1618.869078075815,0.0,5.432155274691878,12.461032642864037,0.889091401509329
0.7633333333333333,1990,-20.63784275,161.2117626122578,-17419.54794852432,-3545.884422777531,3135.2104645401905,0.0,2.175739869468727,12.085395425760455,1.0430357863193684
0.31775,1991,-20.63784275,161.2117626122578,-17419.474188130465,-3545.777076453509,3134.768091284524,0.0,2.1899649566069592,12.110227822829803,1.0429567172568859
0.4266666666666667,1992,-20.63784275,161.2117626122578,-17419.92300838631,-3545.634724931729,3134.766227231756,0.0,2.2065916798389624,12.134914932463712,1.0430743243243243
0.297,1993,-20.63784275,161.2117626122578,-17420.175386682764,-3545.6717129208196,3135.301598883869,0.0,2.2200835314822442,12.158886693923419,1.0431588416723783
0.1656666666666666,1994,-20.63784275,161.2117626122578,-17419.966049854516,-3545.938095418126,3136.889206563998,0.0,2.236220906342902,12.182107768076342,1.0430661058446857
1.1745,1995,-20.63784275,161.2117626122578,-17419.251405740997,-3545.8999857610643,3136.4131219036008,0.0,2.249310890534551,12.204571519403906,1.0429249529421394
1.2023333333333337,1996,-20.63784275,161.2117626122578,-17419.229990133626,-3545.8810687169835,3136.5971391241114,0.0,2.264997445662607,12.226296752618717,1.0427188741754998
0.6084999999999999,1997,-20.63784275,161.2117626122578,-17420.198123635717,-3545.333298245504,3136.439266715393,0.0,2.277718465263918,12.247315351538939,1.0407022284886225
1.9045,1998,-20.63784275,161.2117626122578,-17420.966617464805,-3545.8227783770785,3138.726880693214,0.0,2.292969006275083,12.267901248153107,1.036741688126442
1.1161666666666668,1999,-20.63784275,161.2117626122578,-17418.981429597443,-3545.7689621438085,3136.232546391164,0.0,2.3053412911877627,12.288191657729318,1.032759411660066
0.8414166666666666,2000,-20.63784275,161.2117626122578,-17419.152312232403,-3545.749418858217,3136.4289436955846,0.0,2.3201695757510485,12.308344897406608,1.0289686501140245
1.114,2001,-20.63784275,161.2117626122578,-17420.881118610516,-3545.394883679684,3136.573036642337,0.0,2.332221562122352,12.328232754476069,1.0253542333234749
0.952,2002,-20.63784275,161.2117626122578,-16873.89823261017,-3601.0477005351613,3295.39037415268,0.0,2.3441204330228835,12.347567867516677,1.0219306713470822
0.8106666666666666,2003,-20.63784275,161.2117626122578,-16872.259485080747,-3601.168740511363,3295.1521843529104,0.0,2.3583981578132587,12.36599520738065,1.0187870967741937
0.8595,2004,-20.63784275,161.2117626122578,-16871.66790317281,-3600.8915280325837,3294.6934092760143,0.0,2.369991373177064,12.382753322434043,1.016203977493537
0.82275,2005,-20.63784275,161.2117626122578,-16839.745630061127,-3604.2059643016446,3299.0382262720195,0.0,2.3841558633541338,12.39727135026173,1.017513893633508
0.5963333333333333,2006,-20.63784275,161.2117626122578,-16841.54499980274,-3604.298934863027,3301.013918254827,0.0,2.395465049469074,12.411601973245126,1.0208057390603276
1.2343333333333335,2007,-20.63784275,161.2117626122578,-16839.157086285726,-3604.425040486702,3300.093542380557,0.0,2.4090240269497722,12.426680985911183,1.0223919937065602
1.155,2008,-20.63784275,161.2117626122578,-16841.450986638487,-3604.0124047305217,3300.384943681104,0.0,2.420056969134216,12.441445117856953,1.0238794034147707
0.8555,2009,-20.63784275,161.2117626122578,-16845.521341129566,-3603.590799278171,3301.609772531699,0.0,2.2503966612484594,12.456737974302678,1.0245489639959033
1.34975,2010,-20.63784275,161.2117626122578,-16845.54513617549,-3603.4580853348325,3301.3709474126094,0.0,2.6678113698425356,12.473910364815262,1.0232252172768994
0.98425,2011,-20.63784275,161.2117626122578,-16839.210080766225,-3603.9846056704655,3299.8245820507186,30.9357,2.6678113698425356,12.492390037228617,1.020907007452153
0.8395833333333332,2012,-20.63784275,161.2117626122578,-16840.713333459767,-3604.001003287876,3301.2394615963963,30.9357,2.7165473313561566,12.510991556455403,1.018638531536693
0.997,2013,-20.63784275,161.2117626122578,-16838.47220100127,-3603.8689408984596,3299.222415136706,30.9357,2.7165473313561566,12.529586280986994,1.0164514481651712
1.090833333333333,2014,-20.63784275,161.2117626122578,-16840.422928796022,-3603.603887817445,3299.5821056304903,30.9357,2.693281681397032,12.545394389873891,1.0140799609806481
0.622,1990,-41.5000831,172.8344077,-14918.100106423059,-1776.3935569785497,-234.8032060051111,1012.7981,7.1882992859529224,15.038517753392046,0.9700901834983682
-0.1149999999999999,1991,-41.5000831,172.8344077,-14744.827298618153,-1799.4542161340598,-123.90814825350563,1012.7981,7.079394734744423,15.0630022289794,0.9691043502310089
-0.7090000000000001,1992,-41.5000831,172.8344077,-14858.660444939036,-1791.5680643618591,-110.25059756642739,1012.7981,7.165265705692152,15.077534227776693,0.9695081530329327
-0.3915833333333333,1993,-41.5000831,172.8344077,-14658.848795501335,-1818.4749220218364,-13.709393768410708,1012.7981,7.181150402279474,15.089123784071207,0.9703956182824452
-0.0249166666666666,1994,-41.5000831,172.8344077,-14758.456572180692,-1787.6782756528958,-137.40766632706132,1012.7981,7.215154901581728,15.10223068611298,0.9711579499775713
0.205,1995,-41.5000831,172.8344077,-14232.53951453262,-1805.696117657926,-57.82064716057078,1012.7981,7.268423280046444,15.116762420762068,0.9721480990010677
0.1071666666666666,1996,-41.5000831,172.8344077,-13884.916935538915,-1881.3961572081835,187.42509292810576,1012.7981,7.303220285665265,15.131505301318928,0.9726842193537396
-0.0933333333333333,1997,-41.5000831,172.8344077,-13777.233754366294,-1885.092695645531,174.59283609630978,1012.7981,7.373915469169452,15.144136875404987,0.9715116956026163
1.0570833333333334,1998,-41.5000831,172.8344077,-13707.464824598961,-1905.913509346541,290.4062313848879,1012.7981,7.410937002437965,15.153151033128434,0.9690561918883036
0.9013333333333334,1999,-41.5000831,172.8344077,-13489.897439744096,-1917.1137123068058,281.3875556973137,1012.7981,7.4472629323873685,15.15928721683052,0.9665387786048865
0.4039999999999999,2000,-41.5000831,172.8344077,-13290.672697096255,-1952.7680343423358,438.85825562485843,1012.7981,7.407709563296719,15.164950563896104,0.9643146110466858
0.5744166666666667,2001,-41.5000831,172.8344077,-13451.014057244673,-1926.546477769638,350.43190086142243,147.5992,7.415989287412309,15.173811226419403,0.9628650240060719
0.32425,2002,-41.5000831,172.8344077,-13290.061793689447,-1929.0912489749635,332.15646065286603,147.5992,7.505392764835983,15.188867338339591,0.9625378607519566
0.2830833333333333,2003,-41.5000831,172.8344077,-14123.072096170465,-1830.447871913521,12.470326177251538,147.5992,7.554187458232051,15.206777783870585,0.9624516946653726
-0.1668333333333333,2004,-41.5000831,172.8344077,-13897.071675636755,-1849.7121556116417,60.753151799557344,147.5992,7.513183796120728,15.221952829900383,0.9616801757981475
0.7573333333333334,2005,-41.5000831,172.8344077,-14257.274684992683,-1809.3692101236247,-68.00575278882904,147.5992,7.566821133087194,15.234461103945742,0.9603279371257784
0.0761666666666666,2006,-41.5000831,172.8344077,-14138.088249419769,-1813.8141477836878,-63.664964539296975,147.5992,7.572528704854236,15.245816541329194,0.9589949272074896
0.4523333333333333,2007,-41.5000831,172.8344077,-13861.903315967711,-1845.0471460469466,50.42613010339025,147.5992,7.538180474170595,15.255699651794934,0.9580077133044065
0.5459999999999999,2008,-41.5000831,172.8344077,-13779.612998015213,-1864.1404807214521,157.3460930220444,147.5992,7.451030512866629,15.264835585229566,0.9575582800548821
0.0113333333333333,2009,-41.5000831,172.8344077,-13587.09538800368,-1883.6612368768415,226.81725179932064,147.5992,7.3596058209422,15.274796750727601,0.9574450372483869
0.7503333333333333,2010,-41.5000831,172.8344077,-13249.740527847098,-1913.6889014784472,277.25464815634984,147.5992,7.283458599581975,15.284844209438894,0.9571971837645422
0.56875,2011,-41.5000831,172.8344077,-13223.403879165682,-1912.8070556385067,304.9642066617657,302.5991,7.342137883415534,15.292848966417546,0.9568278199971862
0.1893333333333333,2012,-41.5000831,172.8344077,-12856.143043389446,-1934.3730838492804,352.0646157459486,302.5991,7.382765790347901,15.299449871185208,0.9567237067269233
0.9880833333333332,2013,-41.5000831,172.8344077,-12546.900909424254,-1963.4106662418606,437.87863331298485,302.5991,7.353344153906317,15.308559362772748,0.957786552084543
0.4926666666666666,2014,-41.5000831,172.8344077,-11733.538846475807,-2038.163770597714,639.3313974704246,302.5991,7.468942574309865,15.322737434363212,0.9600618821339002
0.4149166666666666,1990,12.6090157,-85.2936911,-18203.09566089343,-3039.693457495494,1523.5582459746881,19489.9865,4.402985456065095,15.257197051745276,0.9754663546655091
0.51125,1991,12.6090157,-85.2936911,-18212.100215754766,-3052.280229049574,1602.0701208250512,19489.9865,3.9279239132598107,15.280451806900409,0.975627940188172
0.5004166666666666,1992,12.6090157,-85.2936911,-18181.821224107593,-3046.4488376858417,1567.4987950553423,19489.9865,3.6138056310609823,15.303271563455587,0.9758559515494492
0.30575,1993,12.6090157,-85.2936911,-18184.071780161958,-3039.60791977073,1526.5864785937395,19489.9865,3.524664970329014,15.325501325140612,0.9760599625016098
0.7809166666666667,1994,12.6090157,-85.2936911,-18156.962695948223,-3038.3187543439094,1521.6741290430348,19489.9865,3.7132964189608617,15.347043143564807,0.976250436887023
0.8866666666666667,1995,12.6090157,-85.2936911,-18157.84044865354,-3040.9301508422373,1557.9931309639087,19489.9865,3.7132964189608617,15.367727960512859,0.9764633247944816
0.0108333333333333,1996,12.6090157,-85.2936911,-18142.304090917638,-3041.649697420262,1566.59114594224,19489.9865,3.79545772800314,15.386704815767919,0.976355481742583
0.8492500000000001,1997,12.6090157,-85.2936911,-18121.705362861318,-3030.358323565041,1526.684632245157,19489.9865,3.8713197538576676,15.403921545956202,0.9758844228021045
1.0304166666666668,1998,12.6090157,-85.2936911,-18122.5070692036,-3005.254233880394,1517.5859753427867,19489.9865,3.2930700790138103,15.419845874268807,0.9754937292777858
0.12575,1999,12.6090157,-85.2936911,-18121.34050682892,-3026.697048428807,1499.1649773817157,19489.9865,3.1362417625335057,15.434874444519275,0.9750631448933792
0.1698333333333333,2000,12.6090157,-85.2936911,-18041.790932289197,-3024.783882799159,1486.1539922474283,19489.9865,3.152265826368757,15.449294291156091,0.9744565085435943
0.5749166666666666,2001,12.6090157,-85.2936911,-18045.674769497004,-3032.910948673538,1485.2895593975998,23825.763,3.152265826368757,15.462776868577002,0.9737914399028758
0.8168333333333333,2002,12.6090157,-85.2936911,-18029.108784351432,-3031.660604457252,1480.900234950548,23825.763,3.2930700790138103,15.475452593472143,0.973082221795349
0.6095833333333334,2003,12.6090157,-85.2936911,-17890.18849979576,-3031.697468363181,1494.026708292429,23825.763,3.4156031189697567,15.487559259654223,0.9723423246838564
0.6583333333333333,2004,12.6090157,-85.2936911,-18034.029489693443,-3030.88256913576,1478.4171598063215,23825.763,3.524664970329014,15.499354769476765,0.9715892015832095
0.8261666666666666,2005,12.6090157,-85.2936911,-18011.90792419464,-3015.029689943782,1442.7027040575142,23825.763,3.519756412452716,15.511984147092765,0.9712067569223075
0.7625833333333333,2006,12.6090157,-85.2936911,-18014.689867181285,-3020.1321390827934,1439.5324324898077,23825.763,3.6148695540740645,15.525664195699273,0.9711914602073065
0.7950833333333334,2007,12.6090157,-85.2936911,-17989.550933767503,-3023.3371505504483,1437.6267973511924,23825.763,3.1305996483567697,15.539607163709631,0.9711854736737756
0.5670000000000001,2008,12.6090157,-85.2936911,-17991.174190577785,-3019.8445165085545,1429.9636860837077,23825.763,3.5048063642811753,15.55382406660337,0.9711839941499492
0.9014166666666666,2009,12.6090157,-85.2936911,-17990.85262133119,-3016.705079660385,1419.4430350155549,23825.763,3.6005617697307497,15.56829337758645,0.9711839355026253
0.70525,2010,12.6090157,-85.2936911,-17944.300328896323,-3013.2195402063335,1401.6713818377873,23825.763,3.5960127865006104,15.582931910094338,0.9711928850708009
0.7895833333333333,2011,12.6090157,-85.2936911,-17916.018480907165,-3005.890531756679,1363.2906300526333,11895.4722,3.5914457712720957,15.59764956525976,0.9712127600078151
0.72775,2012,12.6090157,-85.2936911,-17938.14800415251,-2996.2040322508096,1322.8069550332657,11895.4722,3.586777512421399,15.61235822698707,0.9712420484079165
1.2373333333333332,2013,12.6090157,-85.2936911,-17912.601397479633,-2992.767459003737,1300.8233288670422,11895.4722,3.675991763440275,15.626971015336498,0.9712795323340422
0.6933333333333334,2014,12.6090157,-85.2936911,-17886.178319152263,-2991.087854661764,1281.453752115363,11895.4722,3.7572738131947316,15.641458065604544,0.9713296074343559
0.7331666666666666,1990,17.7356214,9.3238432,-18314.438647158247,-3120.534973550908,1484.919501954949,5702.8536,5.682884763975023,15.940241858823773,0.9987597664807906
0.5130833333333333,1991,17.7356214,9.3238432,-18297.186956184534,-3107.140625168716,1427.8220356480722,5702.8536,5.8942097577755455,15.971292693713128,1.0008302574261463
-0.2755,1992,17.7356214,9.3238432,-18278.13007383189,-3095.5823980840055,1375.2710329551076,5702.8536,5.314009498498079,16.002420342483575,1.0026790387475877
0.4871666666666667,1993,17.7356214,9.3238432,-18257.287127360938,-3072.53947369712,1286.409443878794,5702.8536,6.506697633724151,16.033961258749027,1.0043472582664732
0.0161666666666667,1994,17.7356214,9.3238432,-18241.25620531328,-3060.2974065819303,1231.2976251327145,5702.8536,5.821822306967131,16.0660992673562,1.0058703465412433
0.7367500000000001,1995,17.7356214,9.3238432,-18224.486629344345,-3050.374494167217,1180.123778281159,5702.8536,6.685278980005565,16.09931214018644,1.007411160472938
0.8980833333333332,1996,17.7356214,9.3238432,-18199.979264412603,-3029.7785694326158,1097.7033011665076,5702.8536,6.679084254294911,16.132978056536256,1.0090152893940159
0.6519166666666666,1997,17.7356214,9.3238432,-18175.818918435645,-3015.8918046289887,1031.1235324958914,5702.8536,7.39574444443707,16.166333376847536,1.0105786136699484
0.7608333333333334,1998,17.7356214,9.3238432,-18164.927428364783,-3004.919703116767,977.8102920039892,5702.8536,6.197477117498486,16.20012899139174,1.0120370936739456
0.5981666666666666,1999,17.7356214,9.3238432,-18144.792254155618,-2992.0929999550817,907.8908190540146,5702.8536,7.207964725194387,16.23423021752472,1.0134137111482628
0.4585833333333333,2000,17.7356214,9.3238432,-18120.59536057455,-2968.7607577724457,815.0804371480112,5702.8536,4.762571804355114,16.268467629047525,1.0147956448095286
0.3469166666666667,2001,17.7356214,9.3238432,-18085.998810746616,-2948.91286731331,718.9244428398068,1304.2069,6.345583973491491,16.303033033495012,1.0161860542435333
0.4819166666666666,2002,17.7356214,9.3238432,-18060.52880098631,-2932.775065204503,642.6701386287077,1304.2069,6.682295397044284,16.337754578015353,1.017559945649947
0.7131666666666666,2003,17.7356214,9.3238432,-18034.84520696064,-2914.9421384486914,559.3972806562238,1304.2069,6.284942080884336,16.37279903025223,1.0189511579854729
0.691,2004,17.7356214,9.3238432,-18010.112020629782,-2897.7705259212385,477.67646560056806,1304.2069,5.409290511890665,16.408290862828128,1.0202040292289047
1.1831666666666667,2005,17.7356214,9.3238432,-17987.247078756474,-2887.284900652803,413.715786048579,1304.2069,5.72725886827723,16.444172759247202,1.0212384924005276
0.9198333333333334,2006,17.7356214,9.3238432,-17963.930097336157,-2871.899943633568,336.91415872521304,1304.2069,5.617441854477098,16.480317015032206,1.022171836270903
1.0483333333333331,2007,17.7356214,9.3238432,-17947.477847278402,-2854.4816623316747,248.1087067155527,1304.2069,7.800140071357489,16.516728941924168,1.0230069109812279
0.3564166666666666,2008,17.7356214,9.3238432,-17914.647756394435,-2836.8346697520424,154.43318113312205,1304.2069,7.989104921868168,16.553454521383866,1.0237796309128917
1.2995,2009,17.7356214,9.3238432,-17893.62378224314,-2818.4270795356197,58.29922787616604,1304.2069,7.86276763794838,16.59046616442236,1.0245419257108594
1.436,2010,17.7356214,9.3238432,-17891.286967845106,-2808.8115566323304,58.593410560001594,1304.2069,7.979862580033326,16.627773195933994,1.0252736712791328
0.87875,2011,17.7356214,9.3238432,-17860.228108916566,-2799.689327312995,-10.320052375960163,1277.5334,7.448775824952558,16.66524039771805,1.0259416851885435
0.7035,2012,17.7356214,9.3238432,-17823.614938057595,-2782.0170898548063,-108.74281066225527,1277.5334,7.058441232141336,16.70334615808494,1.0265791444517247
0.8136666666666666,2013,17.7356214,9.3238432,-17803.658955378574,-2758.1241418447835,-230.55858869151518,1277.5334,6.267456910364769,16.741528217494963,1.0271675371486741
0.9576666666666668,2014,17.7356214,9.3238432,-17735.306106260316,-2737.814835269533,-358.8294002833353,1277.5334,5.2191218748856425,16.779340005197543,1.0276707991123137
0.8114166666666667,1990,9.6000359,7.9999721,-9713.304830422361,2520.7138230106393,-15956.320852666706,45992.6758,2.356448082884197,18.371640236449657,1.009052846193802
0.3259166666666666,1991,9.6000359,7.9999721,-9405.50632291016,2868.83906751243,-16958.82886450798,45992.6758,2.356448082884197,18.397262249079176,1.0092182640426224
-0.074,1992,9.6000359,7.9999721,-9302.748634103024,2946.7904402989484,-17234.301934312505,45992.6758,2.643568567235416,18.422499538941537,1.0091606671007258
0.5804166666666667,1993,9.6000359,7.9999721,-9561.005362710566,2951.8327605479826,-17284.65382878488,45992.6758,2.643568567235416,18.448057215184587,1.0092351281643794
0.2738333333333333,1994,9.6000359,7.9999721,-10103.143376765327,3148.7567768650756,-17927.95821916381,45992.6758,2.643568567235416,18.473805519154563,1.0094641505634472
0.5686666666666667,1995,9.6000359,7.9999721,-10050.07467518135,3271.668745658581,-18326.69810466423,45992.6758,2.643568567235416,18.49937740765351,1.0096215800269184
0.709,1996,9.6000359,7.9999721,-9924.576741335804,3730.1525648439774,-18761.884516479,45992.6758,2.643568567235416,18.52464592458289,1.0095373723152323
0.629,1997,9.6000359,7.9999721,-9455.510294600104,3887.0059311510636,-19561.882463940845,45992.6758,2.643568567235416,18.54987557225921,1.0095500939669937
1.0629166666666665,1998,9.6000359,7.9999721,-9175.097389862301,3961.4399560797324,-19585.776604831248,45992.6758,2.643568567235416,18.57503592858138,1.0098292589822848
0.6959166666666667,1999,9.6000359,7.9999721,-8979.07011887648,4035.6180287132474,-20055.720021910012,45992.6758,2.8663750142439444,18.60046212723559,1.0102010144484896
0.50125,2000,9.6000359,7.9999721,-9134.90650310955,4159.983963878813,-20380.34522780648,45992.6758,2.8663750142439444,18.626490806577205,1.0105518472278907
0.3498333333333334,2001,9.6000359,7.9999721,-8319.537807621246,3665.8220103397866,-20017.963746524692,45992.9575,2.8663750142439444,18.653003469448915,1.0109800045880932
0.7326666666666667,2002,9.6000359,7.9999721,-8103.991657201449,3768.3590776909373,-20370.183057802104,45992.9575,3.3367157477953615,18.679832353365555,1.011401686694325
0.738,2003,9.6000359,7.9999721,-7822.454142149661,3804.601872167638,-20477.20535934377,45992.9575,3.3367157477953615,18.706760032632197,1.0116954150745003
0.7774166666666668,2004,9.6000359,7.9999721,-7543.788770478729,3939.5038945904193,-20963.227672695346,45992.9575,3.4551488067546283,18.733715074795015,1.0119658823570432
1.2221666666666666,2005,9.6000359,7.9999721,-7963.117582113401,4189.002830651143,-21696.256713359442,45992.9575,3.4551488067546283,18.760652001852534,1.0121833935409774
1.0284166666666668,2006,9.6000359,7.9999721,-7498.407319569314,4353.757912245878,-22278.33339692595,45992.9575,3.5602758997257102,18.78761126720072,1.0124464572009468
0.9604166666666668,2007,9.6000359,7.9999721,-6936.40606709649,4202.761095691473,-21907.1374274363,45992.9575,2.643568567235416,18.81470754331714,1.0128646777622732
0.6269166666666667,2008,9.6000359,7.9999721,-4806.234905684006,4040.3044839879585,-21466.74633725186,45992.9575,3.3367157477953615,18.84190439803926,1.0134177859110638
1.280333333333333,2009,9.6000359,7.9999721,-4967.9393044762965,3757.5643907012413,-20680.26002233922,45992.9575,2.643568567235416,18.869178246645614,1.0141001505895768
1.34825,2010,9.6000359,7.9999721,-4470.736026649212,4201.177611788006,-21997.993496247174,45992.9575,3.3367157477953615,18.89662204776685,1.0147717264054354
0.76975,2011,9.6000359,7.9999721,-3623.343696228584,4165.212759482561,-22214.266081532878,45992.9575,2.643568567235416,18.924262671383,1.0154147847388784
0.6065,2012,9.6000359,7.9999721,-1397.4296853738558,4418.28710964808,-22999.842305928916,45992.9575,2.643568567235416,18.951755554115707,1.0160222124305724
0.9740833333333332,2013,9.6000359,7.9999721,145.31361798166694,4411.333477321703,-22924.786792038736,45992.9575,2.643568567235416,18.978730300272865,1.0165703366437229
1.0003333333333333,2014,9.6000359,7.9999721,417.0358879618188,4554.889245001664,-23395.62789097586,45992.9575,2.643568567235416,19.005011533077706,1.017093754521492
0.5884545454545455,1990,-19.0536414,-169.861341,-18417.67453683176,-3052.5237603215783,1653.4754299076944,2.3173,-2.7257051363409306,7.837554360881084,1.0568181818181819
0.6609166666666666,1991,-19.0536414,-169.861341,-18417.672914589923,-3052.523420105922,1653.4740904056825,2.3173,-2.7257051363409306,7.822845290279774,1.058532563891179
0.3384166666666666,1992,-19.0536414,-169.861341,-18417.67154446195,-3052.5231215501412,1653.472794193276,2.3173,-2.7257051363409306,7.80710329012598,1.0620805369127517
0.711,1993,-19.0536414,-169.861341,-18417.668514279398,-3052.5230816182584,1653.4733435963417,2.3173,-2.7257051363409306,7.789868559054706,1.0596760443307758
0.4533929845120741,1994,-19.0536414,-169.861341,-18417.666066225145,-3052.521831387573,1653.4671310706335,2.3173,-2.7257051363409306,7.772752716468742,1.059843885516045
0.4623920132071091,1995,-19.0536414,-169.861341,-18417.66708184084,-3052.5224274534135,1653.4667034474862,2.3173,-2.772588722239781,7.757478766584179,1.0589788732394365
0.4472034709806734,1996,-19.0536414,-169.861341,-18417.665598938383,-3052.522310154986,1653.4664209407485,2.3173,-2.772588722239781,7.740229524763182,1.0581915846016114
0.5208021384054924,1997,-19.0536414,-169.861341,-18417.66487612752,-3052.5223037145306,1653.466555499832,2.3173,-2.772588722239781,7.722234744709607,1.0545950864422202
0.5880766529199213,1998,-19.0536414,-169.861341,-18417.662153305588,-3052.5221089399597,1653.4672010052584,2.3173,-2.727233020518984,7.699389406256737,1.0530232558139534
0.5717501621903515,1999,-19.0536414,-169.861341,-18417.662412448855,-3052.5220488767545,1653.467138763102,2.3173,-2.7135653817903203,7.669495251007694,1.055662188099808
0.5717501621903515,2000,-19.0536414,-169.861341,-18417.66267465229,-3052.5219846156538,1653.4670857889137,2.3173,-2.698595042331455,7.636752112435779,1.0524752475247525
0.5826216213227926,2001,-19.0536414,-169.861341,-18417.658956360905,-3052.5202512719216,1653.4604406120004,1.3906,-2.6664285264113907,7.60688453121963,1.0467955239064088
0.5910162330079018,2002,-19.0536414,-169.861341,-18417.657504988754,-3052.520689969205,1653.4606995298725,1.3906,-2.727233020518984,7.583247524303362,1.04474505723205
0.5963126045368096,2003,-19.0536414,-169.861341,-18417.660006304952,-3052.520862267835,1653.4600220735977,1.3906,-2.7410900551804103,7.564757012905729,1.0391120507399578
0.5963126045368096,2004,-19.0536414,-169.861341,-18417.661804880667,-3052.52166176893,1653.459496944822,1.3906,-2.9187712324178627,7.544861068658458,1.0289699570815452
0.6173503263674944,2005,-19.0536414,-169.861341,-18417.66608662532,-3052.520523935422,1653.4505533151303,1.3906,-2.946942109384559,7.526178913346146,1.015200868621064
0.5969450546223113,2006,-19.0536414,-169.861341,-18417.664219879687,-3052.5199208688828,1653.4510302672938,1.3906,-2.820099704910833,7.513709247839705,1.0098684210526316
0.6234492298554529,2007,-19.0536414,-169.861341,-18417.664306117702,-3052.519953934976,1653.4431586761696,1.3906,-3.228926160721702,7.507690077819904,1.0088202866593163
0.5852148956520257,2008,-19.0536414,-169.861341,-18417.714486092216,-3052.6064764011876,1653.7092006724604,1.3906,-2.766209115275742,7.507141079727608,1.0121546961325967
0.617982776452996,2009,-19.0536414,-169.861341,-18417.72528941746,-3052.6107896529024,1653.7070017183657,1.3906,-3.009831197933493,7.504391559161238,1.008849557522124
0.6199406845115586,2010,-19.0536414,-169.861341,-18417.72611230906,-3052.6107913443943,1653.7045902583425,1.3906,-3.116770601931047,7.502186486602924,1.0066445182724253
0.6086917143614928,2011,-19.0536414,-169.861341,-18417.72422740546,-3052.6099891927115,1653.7035452117302,0.0,-3.0533613863906273,7.501634457883413,1.0055370985603544
0.6219497302345086,2012,-19.0536414,-169.861341,-18417.722537893456,-3052.6095030164106,1653.7026701890513,0.0,-3.036554268074246,7.503289630675082,0.9955995599559956
0.6270247780813986,2013,-19.0536414,-169.861341,-18417.722030803707,-3052.6090507080007,1653.7017996773088,0.0,-3.0386397745652673,7.509883061154913,0.9891067538126361
0.9176962463484944,2014,-19.0536414,-169.861341,-18417.723089321826,-3052.6084934792534,1653.6999254891796,0.0,-3.0386397745652673,7.513709247839705,0.9816216216216216
0.2089166666666666,1992,41.6171214,21.7168387,-18210.600140073315,-3418.1318706573657,2726.210518196363,2316.95062,5.0771138072318776,14.51762838171932,1.0290356052653804
0.2442499999999999,1993,41.6171214,21.7168387,-18250.761401704385,-3410.2048707281087,2713.153162218367,151.11706,5.084591826212085,14.507102529813833,1.0238619848095725
1.3076666666666668,1994,41.6171214,21.7168387,-18052.44628227227,-3406.7985858195593,2531.231079675424,225.55208,5.990922400172887,14.4998485513189,1.0194101672401605
0.0393333333333333,1995,41.6171214,21.7168387,-18056.319959415145,-3403.56543752264,2518.5153870916783,91.22008,6.090026479683532,14.500607421501039,1.0203587423853293
-0.208,1996,41.6171214,21.7168387,-18246.606372029404,-3395.7947749094596,2656.1432367893144,45.61004,5.760816028849656,14.50576606165368,1.022959111215708
-0.1769166666666666,1997,41.6171214,21.7168387,-18179.616236259888,-3398.9902645771367,2669.353686834578,8271.198339999999,5.411695157792181,14.510772500837286,1.0229095005086963
0.4825833333333333,1998,41.6171214,21.7168387,-18106.507868885186,-3404.779253068109,2677.767829492128,10374.101920000001,5.049824596499814,14.515059702154085,1.0230411272814988
0.9345,1999,41.6171214,21.7168387,-18097.544330738176,-3405.0325667981647,2685.0762319435553,250.97779999999997,4.808619472134734,14.52047711370454,1.0198262001263527
1.1043333333333332,2000,41.6171214,21.7168387,-18048.128613831526,-3407.124010238202,2688.531636341057,2291.5249,4.994806679939341,14.527447598242443,1.0134315381803451
0.9956666666666668,2001,41.6171214,21.7168387,-17764.111301541627,-3414.8009261886473,2548.228959496684,10994.54866,4.732090020349952,14.535000208862689,1.007146369095155
0.8198333333333334,2002,41.6171214,21.7168387,-17749.760119858147,-3414.5182319317546,2552.009012912942,3266.2578000000003,4.132264750572312,14.540513415491379,1.0035175186986443
0.6050833333333334,2003,41.6171214,21.7168387,-17889.241873279876,-3419.0222929873685,2725.4995489070902,3037.92382,4.055056113441481,14.543610703937375,1.0027539605104496
0.4906666666666666,2004,41.6171214,21.7168387,-17829.89227029218,-3422.2954750790286,2723.25686159304,1040.48864,5.09675243804534,14.545892827784364,1.002166251613115
0.0828333333333333,2005,41.6171214,21.7168387,-17624.127895380603,-3439.2637150829087,2745.972732507822,1040.48864,4.405862783042481,14.54723497546031,1.0015618380002311
0.34825,2006,41.6171214,21.7168387,-17598.139412789435,-3441.1795963169293,2757.071547999305,1040.48864,4.239474678828276,14.548395625612311,1.000894168005515
1.38475,2007,41.6171214,21.7168387,-17340.944188520094,-3463.6669943170414,2818.317618661713,9143.249980000002,3.7791291238359896,14.549553490324339,1.0002870600253073
1.364,2008,41.6171214,21.7168387,-17319.90833997607,-3463.601290175044,2816.7872922918727,10791.662360000002,3.783521228767118,14.550867729331802,0.9998149941047344
1.0815,2009,41.6171214,21.7168387,-17733.6148459954,-3424.3454498501083,2735.0673531415146,10328.491880000001,3.3667819048461207,14.552572704871825,0.9993350815744886
1.2101666666666666,2010,41.6171214,21.7168387,-17565.62534790594,-3441.1108364317747,2790.959504700734,10214.344200000001,3.9878463626102,14.554505005186988,0.9988076816233095
0.7129166666666666,2011,41.6171214,21.7168387,-17399.237548896523,-3454.3837576561705,2827.4074596482187,10214.344200000001,3.67985384557327,14.55606599591921,0.9983114739726863
1.3255,2012,41.6171214,21.7168387,-17711.080948981238,-3423.4099945178777,2742.2929546165274,10214.344200000001,3.7369431640031516,14.557199300366081,0.9979178423212822
1.4703333333333333,2013,41.6171214,21.7168387,-17587.6887759888,-3435.8968020833627,2781.4613780793707,10214.344200000001,3.6905455653794066,14.558502584416539,0.9975142909267818
1.4240000000000002,2014,41.6171214,21.7168387,-17600.10577453651,-3432.7896100575217,2772.438278881333,10214.344200000001,3.7103057625262137,14.559964257824321,0.9970565273852989
0.3168200290425775,1991,15.1753648,145.7379338,-5572.668804713087,-4282.342791404219,4466.869585466903,146.9274,5.479039311311231,10.785228246650878,1.1032876115828434
0.3137665820388318,1992,15.1753648,145.7379338,-18171.556279196888,-3053.4535687592584,1232.435302084091,146.9274,2.582350914448853,10.781619407309512,1.0925217391304347
0.3121011507735597,1993,15.1753648,145.7379338,-18171.561037242107,-3053.458687802576,1232.450443235038,146.9274,2.5748844559062323,10.77787236932699,1.0807151536191633
0.6462150715001508,1994,15.1753648,145.7379338,-18171.563745378513,-3053.4616014082585,1232.4590611233245,146.9274,2.465570913481258,10.774341491401676,1.0681759155051511
0.6532812792722115,1995,15.1753648,145.7379338,-18171.552716594717,-3053.454575794551,1232.450873716337,146.9274,2.470892238402422,10.793783324133198,1.0472768532526475
0.3491607984464605,1996,15.1753648,145.7379338,-18171.541639564544,-3053.442658337977,1232.4156241593876,146.9274,2.446209133076921,10.88494785639338,1.0076367466706795
0.6589629061873868,1997,15.1753648,145.7379338,-18171.51775377583,-3053.4213053633357,1232.3637715300385,146.9274,2.519138980083735,11.015624634135149,0.9668510074059701
0.8273999246132044,1998,15.1753648,145.7379338,-18195.35912883344,-3102.2124774790436,1364.380187112961,146.9274,2.8244278051576712,11.134589024250317,0.9369980771405949
0.7913357589993766,1999,15.1753648,145.7379338,-18171.423268488288,-3053.3776686598317,1232.2448133633707,146.9274,2.5665634387465914,11.241589071054534,0.913986593356933
0.7913357589993766,2000,15.1753648,145.7379338,-18162.77567832884,-3040.264102123981,1194.37771563711,146.9274,2.278743118508475,11.294010460735981,0.9070667268022883
0.7939535159622142,2001,15.1753648,145.7379338,-18162.767845457674,-3040.2577595774983,1194.3591406296484,146.2219,2.252522619782618,11.283248114805021,0.916495864580068
0.8053338171612839,2002,15.1753648,145.7379338,-18162.753588592648,-3040.2523176657946,1194.360908577218,146.2219,2.2667610047735693,11.25364942701863,0.9299899949974988
0.8053338171612839,2003,15.1753648,145.7379338,-18162.754374968994,-3040.25555544659,1194.3706974098395,146.2219,2.2905327544698713,11.220190648881797,0.9438380786162703
0.808641840216923,2004,15.1753648,145.7379338,-18162.75620725991,-3040.260614847732,1194.385921393036,146.2219,2.3287205665986717,11.183003726910572,0.9580598600179744
0.808641840216923,2005,15.1753648,145.7379338,-18171.386662972833,-3053.3625948394297,1232.2316027136299,146.2219,2.35104186826224,11.14223852419794,0.9731862100508833
0.8094228538210052,2006,15.1753648,145.7379338,-18162.756703573243,-3040.2670293481015,1194.417658055396,146.2219,2.3427668826268775,11.098303561076646,0.9897289156626506
0.8061148307653664,2007,15.1753648,145.7379338,-18171.39187513619,-3053.3689909190416,1232.2629401355262,146.2219,2.4967693423305124,11.051667480839056,1.0081217950759627
0.8061148307653664,2008,15.1753648,145.7379338,-18171.388530273784,-3053.3674482748424,1232.2806016069565,146.2219,2.4153511200385727,11.002633032365896,1.0293421675343115
0.8079400157009985,2009,15.1753648,145.7379338,-18171.384820852123,-3053.367205371211,1232.292502557,146.2219,2.438967417846555,10.951806047149772,1.0539616256884696
0.820409835478977,2010,15.1753648,145.7379338,-18171.382417200457,-3053.3655883092183,1232.300056799745,146.2219,2.7728386909949885,10.89834914021031,1.0818706697459584
0.8286146079864676,2011,15.1753648,145.7379338,-18195.22898326116,-3102.168610648165,1364.3863541525513,148.1625,2.9581809661671636,10.868949328416733,1.1008
0.8079400157009985,2012,15.1753648,145.7379338,-18171.38400103543,-3053.3607892115533,1232.2951913217598,148.1625,2.6326511394407466,10.865860022197287,1.1082343466881417
0.8079400157009985,2013,15.1753648,145.7379338,-18171.395328798873,-3053.3633431697626,1232.2800520042993,148.1625,2.368691134928709,10.861687687487493,1.1155562768806297
1.003830795495424,2014,15.1753648,145.7379338,-18162.764307180045,-3040.262494334603,1194.4382731772137,148.1625,2.3340256188283646,10.856245209366943,1.122677036430618
1.8291666666666664,1990,64.5731537,11.52803643954819,-1383.428620467941,-2661.7159783184406,7814.986051277138,0.0,7.351609921576946,15.260459366086023,0.9780138043854876
0.9590833333333334,1991,64.5731537,11.52803643954819,-2755.4062119014534,-2521.690204363673,7421.693679589381,0.0,7.634712116995619,15.26522257791521,0.9780317551668284
1.13025,1992,64.5731537,11.52803643954819,-5572.176878719852,-2233.99906086535,6601.90337410534,0.0,7.589348974323392,15.27099417128716,0.9785069518005725
0.3433333333333333,1993,64.5731537,11.52803643954819,-5001.9591932376925,-2293.977621064422,6758.882859681307,0.0,7.5364993958963975,15.276944162865886,0.9785010027543052
0.4199166666666666,1994,64.5731537,11.52803643954819,-4868.474355821534,-2308.2132003795687,6779.504449755753,0.0,7.59039540324606,15.282633471746783,0.9782728191279477
0.4772499999999999,1995,64.5731537,11.52803643954819,-4914.594118226708,-2322.9103984098733,6766.46161011518,0.0,7.572122459955007,15.287829392578038,0.9781678451274707
0.0175833333333333,1996,64.5731537,11.52803643954819,-4792.088519907072,-2329.130363898871,6758.0340253316745,0.0,7.674447255284592,15.292903971798843,0.9781592573714086
1.001,1997,64.5731537,11.52803643954819,-4100.663223690675,-2404.67510789195,6971.24653214671,0.0,7.68178012623261,15.298326410408924,0.9785128636281162
0.36725,1998,64.5731537,11.52803643954819,-3495.974604255062,-2463.4905723817483,7140.783523888427,0.0,7.709162382852252,15.304288174395547,0.9791119602147887
1.0376666666666667,1999,64.5731537,11.52803643954819,-3450.2487147500865,-2451.8057309436253,7163.487125383287,0.0,7.675496302926973,15.31113970186986,0.9799442775808891
1.6604166666666669,2000,64.5731537,11.52803643954819,-2775.3252462993482,-2508.762964387238,7401.481297958361,0.0,7.610104292518811,15.31763092990494,0.9812489026642209
0.4633333333333334,2001,64.5731537,11.52803643954819,-2627.3094909271686,-2500.2457419005145,7421.762494741288,0.0,7.663702501650309,15.32269800241367,0.9822115407838269
1.239,2002,64.5731537,11.52803643954819,-4237.3203107166055,-2178.619346376126,6482.397077556514,0.0,7.675362644661535,15.32809345795433,0.9824774295454108
1.3916666666666666,2003,64.5731537,11.52803643954819,-3622.7706167982883,-2172.5262127457913,6475.511308317436,0.0,7.6825232291130225,15.33396565403649,0.9827646937468104
1.4213333333333331,2004,64.5731537,11.52803643954819,-2979.9693479705275,-2216.6912733995314,6635.522993138217,0.0,7.669769629795631,15.33988631970495,0.9832487739318654
1.5920833333333333,2005,64.5731537,11.52803643954819,-3368.989218982692,-2188.687468567695,6595.617494189245,0.0,7.64854925603002,15.346703429286977,0.984012265315983
1.88375,2006,64.5731537,11.52803643954819,-3893.4398560306786,-2123.0843549411643,6431.000214893916,0.0,7.604257674507862,15.3547592407031,0.9859664117609965
1.522166666666667,2007,64.5731537,11.52803643954819,-3524.8770398753013,-2175.8562020735003,6605.59279575214,0.0,7.57339985637356,15.365108440709024,0.9899866350437351
1.51,2008,64.5731537,11.52803643954819,-2529.232415757444,-2295.7149163724102,6945.979179203574,0.0,7.551802862503238,15.377574642750673,0.994354008674752
1.1329166666666668,2009,64.5731537,11.52803643954819,-7083.088506085314,-1850.3227018959512,5706.5792833211035,0.0,7.641311456790704,15.390191173366713,0.9971212697677496
-0.6023333333333334,2010,64.5731537,11.52803643954819,-7406.018885586583,-1806.9586219955777,5639.276805891873,0.0,7.67578708716371,15.402649894813173,0.9993126743102517
2.02625,2011,64.5731537,11.52803643954819,-7023.703851005613,-1844.8308524402162,5824.150781462649,186.494,7.663537858390695,15.415617471719436,1.0026723525920607
0.5534166666666667,2012,64.5731537,11.52803643954819,-7502.372939108026,-1812.1784401770403,5750.375041581712,186.494,7.720637632981462,15.42875242617594,1.0064682794456628
1.3264166666666666,2013,64.5731537,11.52803643954819,-7890.99556561074,-1800.0827665592672,5755.462591842615,186.494,7.606434380215078,15.4409535037973,1.0091598507248434
2.239916666666667,2014,64.5731537,11.52803643954819,-7893.303942529658,-1811.522331949068,5827.383891480928,186.494,7.493119901996324,15.452159470163647,1.011286154173775
0.1015833333333333,1990,21.0000287,57.0036901,-18100.281440349823,-3407.703519782206,2695.8314682583796,0.0,6.041122192050002,14.405806848896747,1.3197305058992006
-0.3165,1991,21.0000287,57.0036901,-18088.85169261032,-3405.0451315322716,2687.4190430832077,0.0,5.976345376287703,14.454828072368826,1.356336115897918
-0.5115000000000001,1992,21.0000287,57.0036901,-18078.619070846988,-3401.140760776026,2675.617522286918,0.0,5.699088675998506,14.501243823247707,1.390647315676277
0.1870833333333333,1993,21.0000287,57.0036901,-18078.999426043254,-3398.897191666246,2681.526107678688,0.0,5.226774317549364,14.543961173768455,1.421201352313084
0.1318333333333333,1994,21.0000287,57.0036901,-17993.00799424065,-3403.383000883947,2692.3044108170197,0.0,5.442335282882305,14.573356403088148,1.4266298939467175
-0.0326666666666666,1995,21.0000287,57.0036901,-17991.142577232153,-3402.35563268435,2688.8571757721593,0.0,5.854577588005024,14.59146830444924,1.41072373684193
-0.2095,1996,21.0000287,57.0036901,-17944.772351187057,-3406.1265859175455,2698.8204162028687,0.0,6.3047444077209445,14.60848406878846,1.3957950287934504
-0.1231666666666666,1997,21.0000287,57.0036901,-17929.412390381425,-3403.8933484519825,2690.1483886448787,0.0,6.289530841417129,14.624477960232133,1.3816795512372475
0.8973333333333334,1998,21.0000287,57.0036901,-17860.090143933394,-3405.347446934447,2691.960178741359,0.0,5.626266167388364,14.63956625691949,1.3682276679513417
0.4198333333333333,1999,21.0000287,57.0036901,-17891.506722698956,-3404.6607834239917,2689.3461973833564,0.0,5.405217576268377,14.653882990676998,1.3553783821771006
0.5836666666666667,2000,21.0000287,57.0036901,-17891.139580669344,-3404.549611845567,2688.6649114611428,0.0,5.706450179831118,14.667477359008045,1.3431142464762125
0.7949166666666666,2001,21.0000287,57.0036901,-17764.33638098718,-3407.717859105762,2699.0856023759898,0.0,4.993066258475945,14.680362300627378,1.3314018331906472
0.79,2002,21.0000287,57.0036901,-17588.680898916733,-3417.3813213704566,2727.542531677356,0.0,6.668691368606689,14.692502717654213,1.3202147951087104
0.7994166666666667,2003,21.0000287,57.0036901,-17256.51421278278,-3448.8829859175053,2818.3922931459406,0.0,6.7581453742139805,14.704059623604769,1.3101871161126972
0.8036666666666666,2004,21.0000287,57.0036901,-17158.994635894127,-3456.5024275480796,2843.8222614529946,0.0,6.538257009375843,14.719265038372694,1.3123158421201502
0.8528333333333333,2005,21.0000287,57.0036901,-15653.753001792407,-3609.7387381527856,3290.002776096867,0.0,5.539470644754964,14.737859700550388,1.3253654428073107
0.7103333333333334,2006,21.0000287,57.0036901,-14319.522239695829,-3735.489487782159,3624.9271475340756,0.0,5.97884895409703,14.755771690477008,1.3380511629308431
0.76825,2007,21.0000287,57.0036901,-13824.745226544932,-3778.0050741585223,3761.063410819281,0.0,6.638588469580951,14.773211911083978,1.350365674576687
0.4115,2008,21.0000287,57.0036901,-13384.280288918033,-3816.062998286471,3880.550847669329,0.0,6.347448857614339,14.79045804726744,1.3622710710839154
0.8613333333333334,2009,21.0000287,57.0036901,-12764.142758012817,-3874.0886119086795,4041.498561256758,0.0,7.823926411704599,14.807849692424435,1.3736814039681953
1.0169166666666667,2010,21.0000287,57.0036901,-11725.548989867886,-3972.221751737639,4304.852812252862,0.0,5.1829683537531634,14.87396556169931,1.4568503988023993
0.8623333333333333,2011,21.0000287,57.0036901,-9978.125876642876,-4142.7978734023545,4808.8284687823125,0.0,5.747407576796855,14.9808056296963,1.6002237889248807
0.8350833333333334,2012,21.0000287,57.0036901,-10122.068954137849,-4121.08220174169,4771.678344684173,0.0,6.459529704981522,15.078387634565365,1.7292937651833113
0.40975,2013,21.0000287,57.0036901,-8916.061183833477,-4203.068814763778,4806.998701976533,0.0,5.803645124709796,15.154891492740093,1.8123420365804594
0.494,2014,21.0000287,57.0036901,-8360.476496153691,-4260.068685630712,5012.925688241994,0.0,6.176864776588709,15.204119238978736,1.8276218109393227
0.395,1990,45.0015763,-1.1998453,-17611.924629939273,-3392.5912345644238,1671.2500478061036,498.9154,1.933224308676702,12.245038518522152,1.0620457137190737
0.3163333333333333,1990,30.3308401,71.247499,-3744.78711242648,1800.439495597608,-15023.634904716104,8046.7602,6.928209360702464,18.564036819685224,1.076918701280014
-0.2213333333333333,1991,30.3308401,71.247499,-3629.709806737194,2012.8848552796667,-15752.239409088274,8046.7602,6.847914824626017,18.59634325342246,1.0754273193446409
-0.37125,1992,30.3308401,71.247499,-3774.6517860792706,2155.982372819042,-16237.216434820304,8046.7602,6.909276521306072,18.62260212153094,1.0746465290650644
0.375,1993,30.3308401,71.247499,-3102.0174284956042,2487.332444460903,-17335.961599691902,8046.7602,6.928857551569468,18.648187681834433,1.0742254194810654
0.0626666666666666,1994,30.3308401,71.247499,-3006.2130191178394,2635.8190528501946,-17833.74047203724,8046.7602,6.999510602310107,18.67722146136123,1.0737199468170706
-0.1284999999999999,1995,30.3308401,71.247499,-2824.809943368928,2893.0675795030884,-18732.898530681607,8046.7602,6.8677157907239845,18.706742574520884,1.0731192689125884
-0.1566666666666666,1996,30.3308401,71.247499,-2125.760395147522,3065.64022304072,-19347.693863818546,8046.7602,6.800199132467806,18.737203950989677,1.0723491803068763
-0.4128333333333333,1997,30.3308401,71.247499,-1819.3780702464448,3246.003156429818,-20093.619525782164,8046.7602,6.869674212185182,18.766610035613674,1.071513590828546
0.6100833333333333,1998,30.3308401,71.247499,-171.32722309694816,3299.1328637265055,-20137.544713422918,8046.7602,6.777178260749765,18.795522404285,1.0705737994292988
0.7665833333333333,1999,30.3308401,71.247499,-225.22992802813684,3516.170994746327,-20896.634387222344,8046.7602,6.793784131340398,18.824106854717588,1.0696538245264877
0.6966666666666668,2000,30.3308401,71.247499,-174.0346631758213,3495.82299661925,-20844.325275253505,8046.7602,6.950289151402944,18.85486237735632,1.0686399798262944
0.8700000000000001,2001,30.3308401,71.247499,341.15939372082244,3343.575011036452,-20486.563639907163,7065.3035,6.804618622049776,18.88578317567806,1.0676268425429036
0.9146666666666668,2002,30.3308401,71.247499,1094.730055184008,3489.488368103388,-21065.826055702644,7065.3035,6.541654335276093,18.91087177939856,1.0670256024558769
0.4615833333333333,2003,30.3308401,71.247499,2435.0019536593827,3683.4556515349705,-21818.88117078159,7065.3035,6.4756416317057175,18.932765660476292,1.06659923088484
1.0743333333333334,2004,30.3308401,71.247499,2723.077873750824,3830.0389700306196,-22306.72105784265,7065.3035,6.225299936469155,18.955117146557072,1.065986583339522
0.1054166666666666,2005,30.3308401,71.247499,3758.126153536701,3891.0972428843197,-22623.6440254789,7065.3035,5.687173980680496,18.976702068107514,1.0652838105466902
1.016,2006,30.3308401,71.247499,5503.533199841501,3857.503780412305,-22772.336863441324,7065.3035,5.851132654842237,18.99768719952519,1.0643439859806836
0.6553333333333333,2007,30.3308401,71.247499,7349.6325082907115,3791.358396179302,-22666.958571386032,7065.3035,5.959690816222025,19.01910243374403,1.063091962522924
0.4755,2008,30.3308401,71.247499,7824.797358370257,4231.928843160017,-23978.42482141015,7065.3035,5.521218488478618,19.040891331410805,1.0616423928651624
1.012,2009,30.3308401,71.247499,10044.40566160742,4081.8493144544323,-23740.751419649878,7065.3035,5.338442478301893,19.063182962017475,1.0600626704822762
1.1685,2010,30.3308401,71.247499,10122.292591105488,3727.867403260984,-22798.525584046296,7065.3035,5.011524232207006,19.085708750209008,1.058438070245345
0.8699166666666667,2011,30.3308401,71.247499,9868.027994778507,4088.966584613331,-23923.74124769837,5453.1763,4.479915305492993,19.106817095985853,1.0568719106890774
0.31375,2012,30.3308401,71.247499,9242.572913319862,4042.3096309357234,-23642.319877349368,5453.1763,4.784172908204826,19.12479685028288,1.0554832966479506
0.7466666666666666,2013,30.3308401,71.247499,9165.18260236903,4603.343965211019,-25552.940968246916,5453.1763,5.134359166503019,19.140165826773472,1.0542195139185129
0.3355833333333333,2014,30.3308401,71.247499,10056.680876484783,4653.583094663742,-25650.60983748972,5453.1763,4.898411278417027,19.15425765650768,1.0530219912278629
-0.14,1991,42.5717989,2.9600905,-17461.973843483593,-3044.0143489504844,249.02804946665066,0.0,1.2397356227694578,9.657587014099303,1.1644063105452533
0.04475,1992,42.5717989,2.9600905,-17703.80758557238,-2753.32107766607,-329.0241201864583,0.0,1.7762735116926072,9.680656452403964,1.1607938436614014
0.1003333333333333,1993,42.5717989,2.9600905,-17703.753893003923,-2753.314977921682,-329.10791424794513,0.0,1.8980095890707143,9.70381635740706,1.15696602580985
0.2288333333333333,1994,42.5717989,2.9600905,-17702.439536160487,-2753.4434105748464,-328.7527989827506,0.0,1.7839624849258306,9.727406483331627,1.1542710340398201
0.3010833333333333,1995,42.5717989,2.9600905,-17782.948505721597,-2875.0607974244067,22.58527289170465,0.0,2.0118583903560396,9.753187781764911,1.1540868694454876
0.3445,1996,42.5717989,2.9600905,-17782.812100454885,-2875.066189581764,22.613820258967234,0.0,2.17219162906045,9.783069799056989,1.160472767149994
0.376,1997,42.5717989,2.9600905,-17782.14556175026,-2875.13091010112,22.841946441694805,0.0,2.347606258641566,9.81454704323948,1.1734172704596746
0.6363333333333333,1998,42.5717989,2.9600905,-17821.499537850017,-2933.571133581356,191.66352934695504,0.0,3.2122418687601604,9.844374288043621,1.1862460860489388
0.3841666666666667,1999,42.5717989,2.9600905,-17791.1832879914,-2888.174537183383,60.54212484356999,0.0,2.42757763316093,9.87194528452625,1.1971655328798185
0.3595,2000,42.5717989,2.9600905,-17782.632407747467,-2875.0619760646405,22.677441648364958,0.0,2.179411303297376,9.88969284151394,1.2018082375265096
0.4356666666666666,2001,42.5717989,2.9600905,-17703.026353316625,-2753.3511244498586,-328.87047979558076,0.0,1.9125897092895725,9.894850359140465,1.1972517730496455
0.6043333333333333,2002,42.5717989,2.9600905,-17704.648470810276,-2753.1732666724342,-329.3640808397262,0.0,1.6390743815624067,9.895959286115337,1.1894992278844032
0.3354999999999999,2003,42.5717989,2.9600905,-17822.94450217024,-2933.394813068893,191.19189916300138,0.0,3.224348820666541,9.897469480210566,1.1814989575331942
0.6191666666666666,2004,42.5717989,2.9600905,-17822.8635324341,-2933.404665794089,191.22887283875522,0.0,3.17412529039676,9.898876939978445,1.1724137931034482
0.322,2005,42.5717989,2.9600905,-17822.386207291038,-2933.4344797347026,191.34363582605673,0.0,3.1079085093317786,9.89500164888583,1.1637752318603383
0.449,2006,42.5717989,2.9600905,-17822.30427658997,-2933.4420088082006,191.39991942442438,0.0,3.046163946852678,9.884202791124261,1.1570093457943926
0.5293333333333333,2007,42.5717989,2.9600905,-17822.8255475961,-2933.387874594473,191.2454697189668,0.0,2.9927127192851066,9.871274230171476,1.149866785079929
0.5173333333333333,2008,42.5717989,2.9600905,-17823.235051549902,-2933.36824340492,191.15361757271558,0.0,2.901449066232859,9.857548320594683,1.1434021543985637
0.5841666666666666,2009,42.5717989,2.9600905,-17792.623823466318,-2888.021404901994,60.17453277831928,0.0,2.7765433922141582,9.842994172107165,1.1361624872347669
0.652,2010,42.5717989,2.9600905,-17823.07573864319,-2933.3986614640457,191.27242082201468,0.0,2.810600772562029,9.827685839119846,1.1285878300803673
0.58075,2011,42.5717989,2.9600905,-17793.430591623266,-2887.941595193341,60.00654896617605,0.0,2.7042898063385157,9.811317437563998,1.1203208556149733
0.7801666666666667,2012,42.5717989,2.9600905,-17793.35174425717,-2887.9296378806025,60.031237815099864,0.0,2.689030467264955,9.795122527858004,1.1122881355932204
0.9164166666666668,2013,42.5717989,2.9600905,-17794.369381544755,-2887.82265481888,59.70545736266269,0.0,2.604347569653831,9.787234595711878,1.1156131178707225
0.9591818181818182,2014,42.5717989,2.9600905,-17794.427506226777,-2887.8171041693495,59.63790157477901,0.0,2.4449436612164703,9.786728991925932,1.1304920387884592
0.0964999999999999,1990,31.7621153,-95.6307891,-18079.432672283674,-2989.4645213617537,1217.7494608390061,7681.10744,2.195189173974149,14.569098343410577,1.008292703215183
0.0394166666666666,1991,31.7621153,-95.6307891,-18075.57083809568,-2988.2831507457727,1215.1158555809382,12946.33216,2.1993556383451733,14.610434239266594,1.0095236453036558
-1.042166666666667,1992,31.7621153,-95.6307891,-18043.24616050692,-2927.000785324372,1046.0102144770956,513.5265,2.2363384471751195,14.652757216696736,1.0106941165820607
-0.0439999999999999,1993,31.7621153,-95.6307891,-17988.419709888163,-2852.648746031443,824.4226295823482,394.65811999999994,2.249342531598326,14.69540490451379,1.011766100045649
0.47325,1994,31.7621153,-95.6307891,-17878.2702432141,-3223.0198745827947,2035.5765031677386,1402.0654000000002,2.282494624275498,14.737848568137494,1.0128461629570824
-0.0373333333333333,1995,31.7621153,-95.6307891,-17876.784829184868,-3222.3352286817085,2035.699004723488,350.97236,2.302595092944046,14.779884537534612,1.0139355407344508
0.5183333333333332,1996,31.7621153,-95.6307891,-17891.661011190878,-3218.879126893072,2017.769961677195,1204.71838,1.8256615764591375,14.821276296266031,1.0149536980738547
-0.20125,1997,31.7621153,-95.6307891,-17858.580629186363,-3220.4204139722883,2024.3668296047408,2619.11502,2.4149132779674654,14.861851179056991,1.0159529462077501
0.9666666666666668,1998,31.7621153,-95.6307891,-17855.649155998897,-3220.3453075447146,2026.0443805676775,1332.05306,2.560052773352209,14.897626866348222,1.016104690050305
0.8790833333333333,1999,31.7621153,-95.6307891,-17845.38603618256,-3220.1970094444673,2027.990393192814,3973.68804,2.653579935657579,14.928842972026576,1.0154290707604314
0.177,2000,31.7621153,-95.6307891,-17819.695307641592,-3220.293703195868,2036.682133925548,1215.3592,1.9831784079591261,14.9597187080956,1.01471016622244
0.8577499999999999,2001,31.7621153,-95.6307891,-17798.85208771424,-3220.1545579690487,2041.1831649414676,126.2896,2.0682162734392815,14.988016843514078,1.0129486180787088
0.7345,2002,31.7621153,-95.6307891,-17785.38735230223,-3219.838366004039,2044.8226084354824,854.4562400000001,1.9504996013891205,15.012303146124134,1.0099779657558208
0.5325833333333333,2003,31.7621153,-95.6307891,-14832.664854922648,-3520.33756798462,2920.98530653272,10.84508,2.1056208534631384,15.034625144704195,1.006724283617712
0.4573333333333333,2004,31.7621153,-95.6307891,-14011.224841530517,-3605.896445958145,3174.226349190604,5526.31468,2.5956725301043773,15.056815273548967,1.0036046208633718
0.4335833333333332,2005,31.7621153,-95.6307891,-12762.637612328857,-3732.390398701216,3547.7251586939074,1173.92,2.454627838402071,15.079974233986025,1.0011465984622356
0.33725,2006,31.7621153,-95.6307891,-12759.68464145175,-3731.971336120257,3547.7118690600523,3919.9038,2.551918671798495,15.104100575555735,0.9993331272090161
0.62125,2007,31.7621153,-95.6307891,-12753.504129063265,-3732.153204749634,3550.0996909446503,202.55962,2.4655369287743727,15.128663902355248,0.9979069121338372
0.8289166666666666,2008,31.7621153,-95.6307891,-12762.238700279107,-3732.3580439804346,3549.677544765381,322.39912,2.4655369287743727,15.152829725297808,0.9968622241142664
0.8786666666666667,2009,31.7621153,-95.6307891,-12753.854466728988,-3732.0548128627192,3552.139775523182,3372.7576,2.5187765342956157,15.176332740210944,0.9959552632252451
2.3465000000000003,2010,31.7621153,-95.6307891,-12758.426504929514,-3731.680753242331,3551.5726400395347,2157.4074800000003,2.5187765342956157,15.199872553267348,0.9950656546777834
0.4331666666666667,2011,31.7621153,-95.6307891,-12747.464507571656,-3731.2054194163907,3548.065825202491,1895.26714,3.3491283478700895,15.223504031229306,0.9942379125934614
1.1155,2012,31.7621153,-95.6307891,-12738.134140059701,-3731.342062932552,3553.514322738531,2816.20352,3.6459458567287495,15.246816763910081,0.9934334521851649
0.956,2013,31.7621153,-95.6307891,-12744.701543671712,-3730.5848757690883,3549.3676785395905,9045.14928,3.829136925868043,15.269882638613941,0.9927620442943156
1.08375,2014,31.7621153,-95.6307891,-12728.821969214947,-3728.66288999847,3553.4031236741043,837.1833200000001,3.730527507353721,15.292667723961209,0.991909993620213
0.4220833333333333,1990,8.559559,-81.1308434,-18137.11448711,-2689.717498627134,1560.8902572068207,5821.6213,4.017596698362082,14.711585521211122,1.015756012996448
0.5124166666666666,1991,8.559559,-81.1308434,-18155.726150554834,-2716.5602436776862,1638.9664702083985,5821.6213,4.131425166462248,14.732618555785617,1.0148526332742793
0.443,1992,8.559559,-81.1308434,-18192.601536708742,-2740.907207999996,1710.453779617855,5821.6213,4.177364372386534,14.753320873693303,1.0139965229457981
0.5145833333333334,1993,8.559559,-81.1308434,-18094.564268696387,-2780.838938476422,1827.56643747555,5821.6213,4.234318076417262,14.773902465857065,1.01322280103182
0.3864166666666666,1994,8.559559,-81.1308434,-18098.14305616943,-2809.342575571414,1911.4828000422415,5821.6213,4.304679769117083,14.794356846200257,1.0125423567319698
0.6386666666666666,1995,8.559559,-81.1308434,-18123.502350413568,-2837.377575280228,1992.6358537066328,5821.6213,4.379113646039186,14.814695435986797,1.0119447010343186
0.2593333333333333,1996,8.559559,-81.1308434,-18111.332464813102,-2837.796234664203,1998.3400641952903,5821.6213,4.386153109055589,14.834937493547567,1.0114199871546916
0.714,1997,8.559559,-81.1308434,-18076.342620175426,-2830.4607304066644,1983.179579731522,5821.6213,4.380666960736072,14.855077477140286,1.0109464630210219
0.8929999999999999,1998,8.559559,-81.1308434,-18014.306472676795,-2805.2431933938406,1911.4366039859033,5821.6213,4.471515357174207,14.875096807862148,1.0105062541374865
-0.0439166666666666,1999,8.559559,-81.1308434,-18023.379357196976,-2804.7910130884757,1911.1296048290474,5821.6213,4.5069761518703535,14.894980801104017,1.0100985748210416
0.1329166666666666,2000,8.559559,-81.1308434,-17945.248388155556,-2812.579157072993,1937.0705521415302,5821.6213,4.657379260920606,14.91469968023189,1.0097100053963073
0.6028333333333333,2001,8.559559,-81.1308434,-17974.51509679823,-2805.7514062510245,1908.3655733017308,4272.2812,4.767900243196842,14.934259731783673,1.009349542796001
0.9109166666666668,2002,8.559559,-81.1308434,-18012.147800427185,-2803.87548415336,1902.7731467726728,4272.2812,4.499321773550208,14.953661137557633,1.0090242203663244
0.8779166666666667,2003,8.559559,-81.1308434,-17939.909566526465,-2804.575739168119,1924.1291661366809,4272.2812,4.864500622280074,14.972897287330591,1.0087151856617391
0.7234166666666667,2004,8.559559,-81.1308434,-17897.91690403215,-2817.973883219522,1953.115712116865,4272.2812,4.526762058327122,14.992105279550534,1.0084075035281543
0.7000000000000001,2005,8.559559,-81.1308434,-17890.889638809553,-2820.4147101741323,1955.9574768979464,4272.2812,4.585115426909365,15.011209629161268,1.0080812400305659
0.8141666666666666,2006,8.559559,-81.1308434,-17874.463773886513,-2820.0619015858956,1957.2817125506265,4272.2812,4.71940203474874,15.029999770515108,1.0077046267693315
0.6030833333333333,2007,8.559559,-81.1308434,-17883.09184249683,-2821.9102025376324,1965.9229503886493,4272.2812,3.718265911407856,15.048540970994088,1.0072548922119438
0.4490833333333333,2008,8.559559,-81.1308434,-17603.423387144427,-2849.1214493460534,2040.6035871296624,4272.2812,3.991643470123508,15.066922900489166,1.006725300138192
1.0181666666666669,2009,8.559559,-81.1308434,-17646.226580963496,-2843.237264071839,2028.3431210274234,4272.2812,4.013253805537013,15.0850862542841,1.0061424105889794
0.8504166666666667,2010,8.559559,-81.1308434,-17707.615277636676,-2836.7738944983475,2008.4413163254235,4272.2812,4.083795785669354,15.102983532200632,1.0055457192526673
0.6395,2011,8.559559,-81.1308434,-17607.763786120016,-2844.8738170607476,2031.6780915044164,3895.6082,3.9965920690637247,15.120777601841677,1.0049723795945456
0.9514166666666668,2012,8.559559,-81.1308434,-17426.86909764289,-2865.1469479708862,2090.515500990394,3895.6082,4.1183654045098725,15.138562091506369,1.004462829594112
0.9675833333333334,2013,8.559559,-81.1308434,-17401.404572933363,-2867.241986371323,2095.5302889640407,3895.6082,4.186551446934883,15.15616822748941,1.00403685716668
1.039,2014,8.559559,-81.1308434,-17463.774267265566,-2863.496987828241,2092.9686956692294,3895.6082,4.328963353731273,15.173609127521388,1.0036809107884075
0.4509166666666666,1990,-5.6816069,144.2489081,-17383.167935699465,4707.695814493878,4359.845075982437,4137.0502,5.575118076120808,15.16746525420953,1.1306320882600525
0.2550833333333333,1991,-5.6816069,144.2489081,-17381.644301771525,4708.017272219253,4358.641526412463,4137.0502,5.56172262745221,15.199551381775295,1.1257682681229784
0.5503333333333333,1992,-5.6816069,144.2489081,-17363.703294554845,4709.513590303252,4341.820894123652,4137.0502,5.56172262745221,15.235395147303727,1.1212107071671522
0.38825,1993,-5.6816069,144.2489081,-17358.082538764098,4710.788264176625,4336.2610116835785,4137.0502,5.5342764470423305,15.272167385580879,1.1168847632309367
0.3303333333333333,1994,-5.6816069,144.2489081,-17340.54653365964,4712.044746921696,4322.647154106773,4137.0502,5.5342764470423305,15.308795255861702,1.1128236136133665
0.664,1995,-5.6816069,144.2489081,-17285.01496469,5562.785792038863,4559.5466416935615,4137.0502,5.5342764470423305,15.345133970016906,1.1089977957216441
0.541,1996,-5.6816069,144.2489081,-17279.245110502412,5539.002913710403,4562.790647058902,4137.0502,5.5342764470423305,15.381183608221075,1.1053910807940657
0.1217499999999999,1997,-5.6816069,144.2489081,-17263.500954630297,6269.050434857682,4219.71545125761,4137.0502,5.811519663786829,15.417005004444059,1.1020131770975468
0.9675,1998,-5.6816069,144.2489081,-17269.536093495088,5831.492776737783,4640.47865993487,4137.0502,5.779416400997019,15.452335595867645,1.0988969292342956
0.3180833333333333,1999,-5.6816069,144.2489081,-17734.432215301422,6318.774105578573,5170.722350464932,4137.0502,5.768509727982733,15.487244729544392,1.0959893935938536
0.3913333333333333,2000,-5.6816069,144.2489081,-17706.82147209954,6816.7997624016,5304.401604126808,4137.0502,3.827064066200955,15.521766058945595,1.0932769075895437
0.5118333333333333,2001,-5.6816069,144.2489081,-17684.901839031518,6966.166815989272,5371.370223413656,3367.7618,3.827064066200955,15.55571160994352,1.0916722031148485
0.6534166666666666,2002,-5.6816069,144.2489081,-17659.21580079637,7091.4389126922615,5387.729175383243,3367.7618,3.8270618888538563,15.58920720555619,1.091001158947565
0.5445,2003,-5.6816069,144.2489081,-17678.011062413487,7013.310185172222,5395.077074644622,3367.7618,3.8270618888538563,15.62231954628015,1.0903137951897572
0.1723636363636363,2004,-5.6816069,144.2489081,-17661.67733922864,7078.238356713196,5399.160527791371,3367.7618,3.818070503561889,15.654974840676974,1.0895934813575192
0.67075,2005,-5.6816069,144.2489081,-17648.041800339273,6959.917960224453,5391.154885581313,3367.7618,3.2122781077198646,15.687130872176002,1.0888951174285073
0.2981666666666667,2006,-5.6816069,144.2489081,-17643.190380892862,6856.041999401172,5354.928375374556,3367.7618,3.203425074404503,15.718843899906414,1.0883406636648005
0.4065,2007,-5.6816069,144.2489081,-17639.409661775797,6769.393593755726,5342.180030898966,3367.7618,5.899143096599457,15.750080361972723,1.0879167158146492
0.3275833333333333,2008,-5.6816069,144.2489081,-17637.657388613436,6545.1803447180955,5277.2227750569855,3367.7618,5.899143096599457,15.780941361792141,1.0873888787999217
0.3077499999999999,2009,-5.6816069,144.2489081,-17629.836187890527,6464.306848825546,5250.851595988729,3367.7618,5.926747610055238,15.81141952822384,1.086678572360265
0.9968333333333332,2010,-5.6816069,144.2489081,-17617.90431909099,6454.777791868995,5245.042750405837,3367.7618,5.953610539586938,15.841454931140655,1.0859615066693111
0.4065,2011,-5.6816069,144.2489081,-17622.773560081027,6439.116141147395,5231.976364343227,10500.4913,5.977080845875085,15.87048482728772,1.0849829644136924
0.3101666666666666,2012,-5.6816069,144.2489081,-17609.38489778639,6430.510245503696,5226.42887096116,10500.4913,5.8365046232644255,15.898264731814596,1.083648416381567
0.7703333333333333,2013,-5.6816069,144.2489081,-17601.762022728923,6405.618534080818,5220.587849324634,10500.4913,5.846697990013538,15.925193557173017,1.082180666509768
0.4314166666666666,2014,-5.6816069,144.2489081,-17594.405016556455,6367.776287448388,5208.654842569751,10500.4913,5.846697990013538,15.951350391331065,1.080643139236872
0.02325,1990,-23.3165935,-58.1693445,-17954.857314471123,-2992.8699004668556,1054.6611763858584,42365.8074,5.076832688542353,15.21649523605659,1.0229440370621028
0.6758333333333333,1991,-23.3165935,-58.1693445,-17980.368960635,-3016.2339039240687,1162.6241237763975,42365.8074,6.375636183162979,15.242946142645406,1.0231148807778707
-0.4287499999999999,1992,-23.3165935,-58.1693445,-17884.065118931616,-3014.8493618358557,1146.9929235907298,42365.8074,4.794364239649644,15.26877431138392,1.0232163316124137
0.2388333333333333,1993,-23.3165935,-58.1693445,-17864.088360580045,-2994.568563284941,1045.8039550843832,42365.8074,6.188760796434536,15.293974034543295,1.0232338337832279
0.9661666666666668,1994,-23.3165935,-58.1693445,-17780.25876229923,-2989.6077979979436,1001.7047960187427,42365.8074,5.935517757778046,15.318543409392953,1.0231765293084352
0.422,1995,-23.3165935,-58.1693445,-17728.639611101364,-2975.6963942627085,923.2650910595972,42365.8074,5.7323502358169085,15.342418020859496,1.0230479586137742
0.0765,1996,-23.3165935,-58.1693445,-17731.745042045724,-2950.5408291037033,907.7205127079277,42365.8074,5.172446726710456,15.365549784315554,1.0228345456059804
0.93975,1997,-23.3165935,-58.1693445,-17723.582639667697,-2932.118476942673,885.3953586193746,42365.8074,3.9467223587754248,15.387929443753622,1.0225765273461718
0.0681666666666666,1998,-23.3165935,-58.1693445,-17756.36858204761,-2937.067840584774,880.8553690345386,42365.8074,5.517915038656536,15.409520062241155,1.0222580022426406
0.0728333333333333,1999,-23.3165935,-58.1693445,-17756.80838779609,-2829.6220245318373,816.1024404171484,42365.8074,6.823074805144032,15.430141164993433,1.021845532115004
0.0404166666666666,2000,-23.3165935,-58.1693445,-17757.200714371294,-2961.2207623782347,898.1208859339374,42365.8074,6.129569291000995,15.449410617409205,1.021378688929444
0.6144166666666667,2001,-23.3165935,-58.1693445,-17785.906828649113,-2964.75454777489,851.0619010499215,56636.9443,7.238653595849044,15.466385955465457,1.0208783065623461
1.18075,2002,-23.3165935,-58.1693445,-17804.206720560207,-2935.423636141246,893.1296801058697,56636.9443,6.872771003441425,15.48066922908499,1.0202741589694007
0.5989166666666667,2003,-23.3165935,-58.1693445,-17723.516014363253,-2944.228519278576,818.3166613024677,56636.9443,6.426148432018052,15.493215158277824,1.0194625760752005
0.4079166666666667,2004,-23.3165935,-58.1693445,-17753.328751385532,-2966.7016011788514,878.238866114202,56636.9443,6.420968558250018,15.504927914532354,1.0185271521500538
0.5633333333333334,2005,-23.3165935,-58.1693445,-17723.144308165316,-2943.5825100211987,829.988707087544,56636.9443,5.721227160794128,15.51604578854972,1.0176296946300825
0.99725,2006,-23.3165935,-58.1693445,-17696.61489739492,-2950.286187761078,801.6644551486486,56636.9443,6.24952687921153,15.52654322446801,1.0167838365022572
0.1560833333333333,2007,-23.3165935,-58.1693445,-17684.546236211838,-2874.6893146569796,690.70090205525,56636.9443,6.026770347364953,15.536515605085716,1.0160006462576203
0.318,2008,-23.3165935,-58.1693445,-17662.452814122214,-2953.072917142103,760.6717000464392,56636.9443,6.023066551851087,15.546307150257414,1.0152933343567208
0.8741666666666666,2009,-23.3165935,-58.1693445,-17583.160972633123,-2927.609950698985,622.9243870772966,56636.9443,3.9008649856121456,15.556428385180451,1.0146369709019945
0.3605,2010,-23.3165935,-58.1693445,-17564.744239577292,-2894.077176963006,495.8724422783302,56636.9443,5.599014005926222,15.567942228305576,1.0140258080734021
0.502,2011,-23.3165935,-58.1693445,-17601.20392693558,-2865.8934076729024,408.8487661309846,69740.528,4.238016820352192,15.580915442624649,1.0134701340708325
0.97325,2012,-23.3165935,-58.1693445,-17487.896823419855,-2865.621791656549,347.8570728105765,69740.528,4.246496961100933,15.59440799812381,1.0129613663604626
0.3134166666666666,2013,-23.3165935,-58.1693445,-17499.344888648033,-2830.763265334051,234.10661301344274,69740.528,4.631652805316171,15.608211583788764,1.0124871238264
1.0318333333333334,2014,-23.3165935,-58.1693445,-17445.146407243315,-2812.2093820315326,111.56307275599985,69740.528,4.131038367482378,15.62227702348304,1.012023472810507
0.2985,1990,-6.8699697,-75.0458515,-15322.710424635176,-1677.2314388874993,-2773.434241880167,83135.0989,7.154902893696,16.911499801211797,0.9952938566721384
0.5556666666666666,1991,-6.8699697,-75.0458515,-15249.86943953048,-1680.9562951575829,-2765.748632717183,83135.0989,7.252843434601287,16.932708278767066,0.9949221063678392
0.7855,1992,-6.8699697,-75.0458515,-15281.81383541881,-1633.2784747121664,-2886.3807523410787,83135.0989,7.330602243546405,16.953056927654337,0.9945730749119557
0.4805,1993,-6.8699697,-75.0458515,-15030.3774297589,-1610.3024481048835,-2985.3995479353334,83135.0989,7.435680114401096,16.973101528110252,0.9942438543158286
0.5501666666666667,1994,-6.8699697,-75.0458515,-14838.846170657487,-1509.6587126115865,-3270.23454021108,83135.0989,7.473178116179322,16.992866561554422,0.9941638304828481
0.7479166666666667,1995,-6.8699697,-75.0458515,-14461.19027964898,-1550.0076459724598,-3175.428632258077,83135.0989,7.544079854018092,17.01210216373284,0.9942616880686261
0.1389166666666666,1996,-6.8699697,-75.0458515,-14396.308151155587,-1510.3958001878866,-3319.6198415795893,83135.0989,7.572855443475737,17.03067161160559,0.9942983793430129
0.97725,1997,-6.8699697,-75.0458515,-14173.48414812443,-1472.5079106067722,-3427.2764729918213,83135.0989,7.302030547029557,17.048896086110773,0.9942851805525843
1.2289166666666669,1998,-6.8699697,-75.0458515,-14075.046538332737,-1419.036396802006,-3623.2420443547853,83135.0989,5.979148515189368,17.066591273325578,0.9942600451141561
0.2063333333333333,1999,-6.8699697,-75.0458515,-14154.118860361019,-1324.7482587307863,-3974.230860919573,83135.0989,6.491207787491067,17.08326183860257,0.9942999791243088
0.3280833333333333,2000,-6.8699697,-75.0458515,-14052.45141908301,-1357.8257138181862,-3912.5239661928304,83135.0989,6.4769943626476865,17.098466298826782,0.9944847652358678
0.5163333333333333,2001,-6.8699697,-75.0458515,-13990.351754574209,-1333.057625702846,-3976.1882491421297,77951.3444,6.868833041280626,17.11189941973905,0.9948518395638913
0.7668333333333334,2002,-6.8699697,-75.0458515,-13893.184031343606,-1304.3963198683791,-4077.7945792031715,77951.3444,6.8686833147651845,17.123660308327764,0.9954018418912213
0.7615833333333333,2003,-6.8699697,-75.0458515,-13776.625702137793,-1299.6875307919358,-4090.8716510738745,77951.3444,6.811821194589815,17.134171697901486,0.9960888040770204
0.6890000000000001,2004,-6.8699697,-75.0458515,-13399.111122276685,-1334.114194840647,-3911.399414956401,77951.3444,7.150294158971429,17.143919015095484,0.9968674553031802
0.7874166666666667,2005,-6.8699697,-75.0458515,-12997.066617370327,-1241.1884847181693,-4162.837414995999,77951.3444,6.97342306850608,17.152960820802974,0.9977220917918582
0.8205833333333333,2006,-6.8699697,-75.0458515,-12724.225779433487,-1284.298653002221,-4082.4611752183055,77951.3444,6.892459187980294,17.161233248705646,0.9986227773209022
0.5179166666666667,2007,-6.8699697,-75.0458515,-12552.994260713747,-1288.8560072729351,-4047.8164032206423,77951.3444,6.886578015306145,17.16893080716706,0.999511664336032
0.62925,2008,-6.8699697,-75.0458515,-12174.949968463918,-1249.0344473292896,-4165.192914260813,77951.3444,6.784644601612197,17.17610067899365,0.997910066049348
0.9123333333333332,2009,-6.8699697,-75.0458515,-11760.473016295786,-1236.9621044661737,-4205.727192379146,77951.3444,6.818320604541189,17.183127922459885,0.9940094467790913
1.0004166666666665,2010,-6.8699697,-75.0458515,-11682.864259837135,-1237.2668780407218,-4189.318340967794,77951.3444,6.2332840127843046,17.19069152870156,0.9905607361436766
0.8015,2011,-6.8699697,-75.0458515,-11534.623537008336,-1276.7047204620085,-4118.09652948125,97774.5114,6.352102253920101,17.199145315648522,0.9877122508778505
0.79975,2012,-6.8699697,-75.0458515,-10980.774149180317,-1270.2888309803955,-4113.620575284814,97774.5114,6.3991132693944515,17.20832587473443,0.9854033133936023
0.6795833333333333,2013,-6.8699697,-75.0458515,-10357.960239252398,-1307.606814728458,-3994.1203751687262,97774.5114,6.316501109227691,17.21800073693709,0.9835532221834755
0.8805833333333334,2014,-6.8699697,-75.0458515,-10010.190690180361,-1366.7872095367002,-3816.690983260165,97774.5114,6.3666185467298755,17.228437248216053,0.9823313348679218
0.46925,1990,12.7503486,122.7312101,-6366.424214324363,4056.457530434927,-19462.63149789037,22116.248,6.784410115834302,17.935504965540154,1.0163815261294118
0.3335833333333333,1991,12.7503486,122.7312101,-4974.085741913,4162.559132235032,-19714.0465221571,22116.248,6.606045273545713,17.959276053633,1.0169699705772064
0.3878333333333333,1992,12.7503486,122.7312101,-4300.812160799692,3677.991386571951,-18311.06526099351,22116.248,6.699248584335908,17.982850375881643,1.0176193504820985
0.4116666666666667,1993,12.7503486,122.7312101,-3276.9234822095063,3769.089509877664,-18668.691539579188,22116.248,6.77557040796179,18.006426943178067,1.018315691469282
0.5045000000000001,1994,12.7503486,122.7312101,-1867.0374970482908,4391.588076343705,-20455.092833140247,22116.248,6.803694140989615,18.0298620958687,1.0190592727364
0.4861666666666666,1995,12.7503486,122.7312101,-1002.1888497410093,4581.620587680206,-21066.710667676794,22116.248,6.844108306963181,18.05324046113163,1.0197455406142708
0.4235833333333333,1996,12.7503486,122.7312101,-476.6995809944546,4950.602320595849,-22121.776149357942,22116.248,6.911780367434033,18.07741504996525,1.0202714372336033
0.5731666666666667,1997,12.7503486,122.7312101,-100.86509386523483,4748.030466516226,-21566.015746779256,22116.248,6.914499485608365,18.102111014856327,1.0206775697006667
1.3324166666666668,1998,12.7503486,122.7312101,-2802.4738683121695,3711.2283878405947,-18301.365560560444,22116.248,7.086461223988949,18.12620119424358,1.0210002263765834
0.5291666666666667,1999,12.7503486,122.7312101,-2075.7195335523575,5291.260547256305,-22933.693623720465,22116.248,7.097000478615546,18.149515697966617,1.0212041631326085
0.6835,2000,12.7503486,122.7312101,-2293.54779009539,5409.795182741479,-23246.35139088018,22116.248,6.931751453994195,18.171683638603472,1.0215362568432287
0.7836666666666666,2001,12.7503486,122.7312101,-3224.849216418373,5591.196414093547,-23788.137982224267,23371.7715,6.847653620396591,18.19285229813739,1.0221548199552484
0.8025833333333333,2002,12.7503486,122.7312101,-1129.3031443275618,5391.498051217858,-23340.3858333416,23371.7715,6.920826280029425,18.213479092594394,1.0228136234922947
0.6968333333333333,2003,12.7503486,122.7312101,-975.4799348788024,5307.343206412461,-22982.06063209948,23371.7715,7.084645948501842,18.23366221764724,1.0233649677194798
0.738,2004,12.7503486,122.7312101,-372.3218937048714,5521.185382794792,-23652.369164407843,23371.7715,7.0464712832503436,18.253533484948605,1.023857368882354
0.7665000000000001,2005,12.7503486,122.7312101,630.6565185996182,5322.104134392246,-23110.892297954353,23371.7715,6.33800644975301,18.272891040152476,1.024383256147702
0.9051666666666668,2006,12.7503486,122.7312101,-231.3400324675207,5615.8806216892835,-23982.26462109914,23371.7715,6.771161716984633,18.291731238432956,1.0249080373464492
0.8394166666666667,2007,12.7503486,122.7312101,540.8477766811038,5810.602437220756,-24657.330277972073,23371.7715,6.601498289289676,18.310434724744116,1.0249754818038086
0.545,2008,12.7503486,122.7312101,1097.2410331803253,6149.1200032856605,-25644.568912940274,23371.7715,6.812595777825215,18.329139051471582,1.0240752341445976
0.7169166666666666,2009,12.7503486,122.7312101,1872.2689019532868,6246.085121731996,-25913.417422813476,23371.7715,7.138316689822521,18.34753946901168,1.0226079716391248
1.0875833333333331,2010,12.7503486,122.7312101,2260.124312880231,5882.398136053193,-24851.121011893876,23371.7715,6.643980339981035,18.36555590804929,1.0219607032421147
0.6250833333333333,2011,12.7503486,122.7312101,2359.836563754933,6248.618882008149,-25915.87765830396,0.0,6.498268444563245,18.383372496071004,1.0225776751000997
0.9503333333333334,2012,12.7503486,122.7312101,3752.4502908536792,6437.2076931922265,-26456.039706523552,0.0,6.470804457330704,18.40080775778106,1.0235992789361508
1.0433333333333332,2013,12.7503486,122.7312101,4362.804564759641,6529.508190307794,-26755.302214225085,0.0,6.515691914979776,18.41767730815115,1.0245757442115166
0.9416666666666668,2014,12.7503486,122.7312101,5082.974607504356,6443.966179745113,-26506.192703205346,0.0,6.4243677637736365,18.433845704323232,1.0254790265933826
1.60175,1990,52.215933,19.134422,12694.318710003878,9543.862843053894,4510.62915290978,0.0,9.503526867258207,17.454786210745816,0.9502902205467109
0.3558333333333334,1991,52.215933,19.134422,12456.474928016154,9512.258115377454,4694.106235248789,0.0,9.806768012550146,17.4574918344729,0.9493729912470877
1.1859166666666667,1992,52.215933,19.134422,14414.995712783433,9184.59686539526,5966.168571062194,0.0,9.880535032231649,17.459713619734543,0.9483709862698698
0.24875,1993,52.215933,19.134422,14250.013619527066,9057.804505936225,6454.151526647822,0.0,10.002125529983717,17.46146413929066,0.9475194844467485
1.3180833333333333,1994,52.215933,19.134422,16304.472655716503,8697.495961266291,7703.041952937959,0.0,10.026899754663996,17.462928750770477,0.9467559622142622
0.6668333333333334,1995,52.215933,19.134422,19794.053448635008,8243.647481809692,8877.0180464569,0.0,10.001565208434304,17.463619526648007,0.9459174297538455
-0.8115833333333332,1996,52.215933,19.134422,20445.061121468854,8155.645327192086,8556.23065138313,0.0,10.006953397939304,17.463604657511706,0.9451393053675773
0.4024166666666666,1997,52.215933,19.134422,22211.67580940638,7971.071374530896,9134.898641526725,0.0,9.999092447998436,17.46346720518489,0.9443833584314051
0.7669166666666666,1998,52.215933,19.134422,20209.33558893455,8154.737184026689,8883.865144662424,0.0,9.87696134806814,17.463046814046667,0.9435174108412445
1.42075,1999,52.215933,19.134422,17637.30793959051,8370.877605679289,8495.870918735302,0.0,9.93883657362233,17.462394308197194,0.9424172763768971
2.000083333333333,2000,52.215933,19.134422,18538.644020384294,9083.401127360923,6385.995766302338,0.0,9.791321666116385,17.466283857573615,0.9436390347656322
0.8247499999999999,2001,52.215933,19.134422,16825.536046432764,9329.74816137314,5672.595924091168,0.0,9.816010165162343,17.470390059009546,0.9451923998013294
1.6049166666666668,2002,52.215933,19.134422,15753.369083266596,9362.78012596815,5427.559410610981,0.0,9.715778390626362,17.469992052729868,0.9445538547523193
0.8539166666666667,2003,52.215933,19.134422,16448.897312795965,9298.863308119202,5898.2667818889395,0.0,9.701489727382366,17.469320476851085,0.9439262915725529
0.7957500000000001,2004,52.215933,19.134422,17182.236654075346,9229.957905445199,5924.928919694952,0.0,9.711681263541129,17.468660290317487,0.9432732588852443
0.7414999999999999,2005,52.215933,19.134422,19247.190717526842,9071.880987804994,6384.400725624648,0.0,9.759047880372073,17.468138572266458,0.942545958695927
1.187,2006,52.215933,19.134422,20831.21780585888,8776.462180007355,7283.572123170845,0.0,9.656892610652934,17.467393477604684,0.9416175094230748
1.8590833333333328,2007,52.215933,19.134422,22578.13315047961,8507.702039284348,8006.656354815597,0.0,9.584185248356292,17.466736793762745,0.9405700615738315
1.8184166666666663,2008,52.215933,19.134422,22709.375716847713,8518.18144283182,8034.214454818092,0.0,9.62151717724183,17.46676296037167,0.9397864239409341
1.08675,2009,52.215933,19.134422,19815.148371964704,9271.00042112453,5948.324829843712,0.0,9.60638010714999,17.467603743259225,0.9394001661468395
0.0589166666666666,2010,52.215933,19.134422,20781.798922732527,9242.724956123002,6100.027618112704,0.0,9.659940661534172,17.468694256954144,0.9391895279799525
1.4101666666666668,2011,52.215933,19.134422,23455.202088465736,8503.764055135141,8250.809753769652,0.0,9.609792303789723,17.469302766365782,0.9389195013120052
0.9814166666666668,2012,52.215933,19.134422,24079.52080744461,8497.444266537996,8227.383395360086,0.0,9.631841342281398,17.46943289486851,0.9386158018837147
1.0413333333333334,2013,52.215933,19.134422,25474.221049286887,8422.910578987838,8459.003803660651,0.0,9.600437386891429,17.468953308521698,0.9383740069168698
2.262833333333333,2014,52.215933,19.134422,28582.720679524315,8109.50411202444,9177.937530763427,0.0,9.548628644320145,17.468293112734127,0.9382039840064238
1.0879166666666666,1990,39.6621648,-8.1353519,-11287.240437693954,-3335.614215766091,2660.165583855541,3028.6923,7.31656365879071,16.118829981271805,0.9293058305743627
0.5529166666666667,1991,39.6621648,-8.1353519,-11199.246988264162,-3353.14591924985,2711.79634396517,3028.6923,7.3222561083965,16.11673622736063,0.9287614354904782
0.4511666666666667,1992,39.6621648,-8.1353519,-11264.06929401065,-3387.0014190669094,2796.5238266376386,3028.6923,7.319458025842725,16.11596768845123,0.9280903665649429
-0.2132499999999999,1993,39.6621648,-8.1353519,-11547.31206073983,-3400.4066840464016,2849.5543753831735,3028.6923,7.311296070112771,16.11730563898102,0.9276749300665573
0.7356666666666666,1994,39.6621648,-8.1353519,-11394.814803207515,-3393.434349970025,2825.210981566325,3028.6923,7.326933333389847,16.11990451397873,0.9277542321920806
1.7273333333333334,1995,39.6621648,-8.1353519,-11005.32527202017,-3459.8571033829726,2990.8309670910335,3028.6923,7.317702527275763,16.123207463354376,0.928213568102371
0.6685,1996,39.6621648,-8.1353519,-10991.365413963003,-3417.5167502682093,2882.2085101173247,3028.6923,7.330820983852714,16.12682196568256,0.9287457472604078
1.627,1997,39.6621648,-8.1353519,-10517.518948738298,-3444.1610961888437,2928.636150294231,3028.6923,7.438832194085425,16.13106607021538,0.9292579634234036
1.042,1998,39.6621648,-8.1353519,-10394.415064072839,-3415.273562608214,2844.084355852188,3028.6923,7.558819827001516,16.135878200054044,0.9297957654666933
0.7393333333333333,1999,39.6621648,-8.1353519,-10006.918332005196,-3421.640466314111,2840.16265205833,3028.6923,7.6264417379999765,16.14116440922526,0.9304936060010851
0.7774166666666668,2000,39.6621648,-8.1353519,-9814.712588944334,-3414.335601790563,2827.3735072367213,3028.6923,7.72968508836465,16.147715228052064,0.9314884551825342
0.9093333333333334,2001,39.6621648,-8.1353519,-10161.437498306954,-3409.5399791687496,2852.0980312449383,445.1113,7.334295929376529,16.15460307107437,0.9323433348554621
0.966,2002,39.6621648,-8.1353519,-9511.491522294293,-3448.6892153462,2908.469139886442,445.1113,7.239542773601055,16.160284454968767,0.931423262000994
1.3060833333333333,2003,39.6621648,-8.1353519,-9519.714968567874,-3398.042811850414,2813.098613016784,445.1113,7.184956013621505,16.164343825102208,0.9294889131251797
1.007,2004,39.6621648,-8.1353519,-8771.555699706025,-3461.545253679308,2988.2199941726267,445.1113,7.4668699127893765,16.167030757004124,0.9279435477134507
1.064,2005,39.6621648,-8.1353519,-8499.557886434694,-3485.5104649375776,3047.9749326033657,445.1113,7.41757793994905,16.16910382970427,0.9265570400709306
1.5503333333333331,2006,39.6621648,-8.1353519,-8513.97809241874,-3481.0906828961,3041.012835853255,445.1113,7.126457703073826,16.171062414315255,0.9252339315453861
0.7743333333333333,2007,39.6621648,-8.1353519,-8038.825205917535,-3514.5561850304207,3152.335508900157,445.1113,7.191497324712641,16.173109361008844,0.9237567471361372
0.6233333333333334,2008,39.6621648,-8.1353519,-8235.975985758461,-3465.820778233348,3032.053251571862,445.1113,7.065693121305117,16.17456671751813,0.921648530408237
1.5019166666666666,2009,39.6621648,-8.1353519,-4344.7259447245715,-3865.5502780942616,4202.98076096806,445.1113,7.046544748658962,16.175547527289496,0.9190653905201494
1.1075833333333334,2010,39.6621648,-8.1353519,903.1841350262429,-4404.114431901468,5798.390380117048,445.1113,7.14957431279951,16.175269714675807,0.916668446655895
1.6205833333333333,2011,39.6621648,-8.1353519,1268.2081659474952,-4445.404400964381,5896.568764200677,0.0,7.057882446758314,16.17304073942199,0.913987794480885
0.8324999999999999,2012,39.6621648,-8.1353519,2460.2187843295496,-4582.6785944593885,6284.954488664732,0.0,7.008183430506625,16.16898703459056,0.9110179765350995
0.86725,2013,39.6621648,-8.1353519,4257.390439973867,-4802.614956275238,6947.547780045305,0.0,7.0421595030784205,16.163502479047985,0.907960038448972
1.3253333333333333,2014,39.6621648,-8.1353519,5753.226022651484,-4949.146187702873,7366.646683867618,0.0,7.093805542168826,16.158121136349383,0.9047207125830403
0.4905,1990,18.2247706,-66.4858295,-8244.681480777926,-4055.8971412094197,4043.9595849535012,0.0,6.459529704981522,15.080703101107037,0.9391318003880699
0.3598333333333333,1991,18.2247706,-66.4858295,-8222.14709353975,-4053.9804983146614,4041.6951473533977,0.0,6.362200278229002,15.090440303728398,0.9381180088531283
0.3549166666666667,1992,18.2247706,-66.4858295,-8230.531856640131,-4056.5283445721193,4054.1361545299524,0.0,6.274145032450085,15.099946320107822,0.9371080344886754
0.5670833333333333,1993,18.2247706,-66.4858295,-8216.536354458194,-4054.7564359480784,4047.685803190517,0.0,5.797652951919332,15.108871312990022,0.9359693560500237
0.7215833333333334,1994,18.2247706,-66.4858295,-8220.640389840433,-4056.377638631094,4043.8716571386644,0.0,6.315360352333315,15.117267479386545,0.9346261195518477
0.7454166666666667,1995,18.2247706,-66.4858295,-8183.101216280724,-4065.4110912576584,4052.3700823889926,0.0,5.984954653657027,15.125179511616755,0.9332666464205617
0.3105,1996,18.2247706,-66.4858295,-8186.893070351287,-4070.495781692781,4053.4196550866377,0.0,6.181792177925326,15.13267212709451,0.9320507896809911
0.836,1997,18.2247706,-66.4858295,-8177.913754295385,-4072.156883735865,4052.6060646634887,0.0,5.624371811644793,15.139801315659485,0.9309742294887295
1.209833333333333,1998,18.2247706,-66.4858295,-8195.499553055966,-4072.20530237395,4046.504629900936,0.0,6.481316115123317,15.146619322665474,0.9300356358544931
0.56075,1999,18.2247706,-66.4858295,-8193.367438143934,-4072.5176403207656,4052.1709046407705,0.0,6.153140143600422,15.153169930374398,0.9292151318814191
0.345,2000,18.2247706,-66.4858295,-8194.84501964945,-4072.504014544473,4055.734461008586,0.0,6.56274740927082,15.157619984547928,0.9284950151297174
0.7635000000000001,2001,18.2247706,-66.4858295,-8184.960710862425,-4074.767728508551,4054.7449635014054,0.0,6.586085940836505,15.158931603292325,0.9278106866081602
0.9075,2002,18.2247706,-66.4858295,-8141.683089725572,-4074.712970236944,4060.7370543354236,0.0,6.6177549748398405,15.158577168468604,0.9270887464125904
1.0290833333333331,2003,18.2247706,-66.4858295,-8145.888155213188,-4080.2240759078527,4061.377108665524,0.0,6.222054862321743,15.157233456167711,0.9263325385895522
0.5336666666666666,2004,18.2247706,-66.4858295,-8163.651777417576,-4081.353187773823,4064.657746115214,0.0,5.803645124709796,15.154985025156938,0.925530562519863
0.8484166666666666,2005,18.2247706,-66.4858295,-8152.958624907453,-4080.567645894354,4068.126966223761,0.0,6.153140143600422,15.151973450445368,0.9246609705744611
0.90875,2006,18.2247706,-66.4858295,-8175.44157747257,-4082.055205603255,4065.033309869057,0.0,6.009881116229967,15.14828783812562,0.9237371723254051
1.00325,2007,18.2247706,-66.4858295,-8152.054584699761,-4081.6086625806265,4068.747514411425,0.0,6.49870422906301,15.144027490164497,0.9227760529982644
0.493,2008,18.2247706,-66.4858295,-8171.597960309962,-4082.6459968000045,4066.8311591822658,0.0,5.067319173140153,15.13929607010113,0.9217579065750935
0.7506666666666666,2009,18.2247706,-66.4858295,-8175.068704568831,-4082.673908919891,4063.6612418675395,0.0,5.636969938794799,15.134312706759086,0.9207057872271786
1.0298333333333334,2010,18.2247706,-66.4858295,-8131.940647614754,-4082.4438988084053,4068.634028533185,0.0,6.488594258580478,15.128675468022484,0.9195308357568908
0.5965833333333334,2011,18.2247706,-66.4858295,-8147.168091791395,-4082.9770600769293,4066.463118236541,0.0,5.843601516850409,15.12157431875991,0.9182257777888629
0.7935,2012,18.2247706,-66.4858295,-8152.250708262932,-4082.9449830622284,4064.4858841361697,0.0,5.737158061369892,15.11242382744643,0.9168629999161566
0.7768333333333333,2013,18.2247706,-66.4858295,-8166.288331764184,-4084.331646936412,4064.4449779051197,0.0,6.1975569503329675,15.100607392815718,0.9153945560677966
0.855,2014,18.2247706,-66.4858295,-8177.366974756673,-4089.853002104825,4064.195053000656,0.0,5.715185545151498,15.085273911813031,0.9137513398909595
0.5843333333333334,1990,25.3336984,51.2295295,-16804.597702324107,-3527.455804230773,3046.6244463689327,0.0,5.874465454088257,12.998327332370094,2.077481570255996
-0.1795,1991,25.3336984,51.2295295,-16876.97365174868,-3515.7353339768574,3010.7941313418305,0.0,6.061213299511627,13.03131331041983,2.061322209852864
-0.6333333333333333,1992,25.3336984,51.2295295,-16583.299003490592,-3539.696771896249,3068.8266045681003,0.0,5.8560971844070835,13.063233138441426,2.046450595338134
0.0965833333333333,1993,25.3336984,51.2295295,-16781.114642841596,-3517.951200314898,3005.7586798773254,0.0,5.97751469883718,13.094046204022549,2.0324810641510376
0.5225000000000001,1994,25.3336984,51.2295295,-16486.625181087755,-3543.1401863287338,3068.9496988563565,0.0,5.895486544359547,13.123728445275091,2.0194731573170586
0.0941666666666666,1995,25.3336984,51.2295295,-16593.169343327623,-3527.592389895954,3016.5990936806256,0.0,5.86524407871572,13.15218039873164,2.0073559031122477
0.6121666666666666,1996,25.3336984,51.2295295,-16483.87460405496,-3533.4073853675222,3012.7573886346077,0.0,5.835319671860803,13.179246419999762,1.9958396304912631
0.02325,1997,25.3336984,51.2295295,-15679.541915626545,-3610.546769857285,3224.8184583377965,0.0,6.121226876980869,13.218745709520627,1.9981213754798661
1.4045833333333333,1998,25.3336984,51.2295295,-14606.714812020557,-3708.864082675093,3492.247548531919,0.0,5.988624518040555,13.27250087230953,2.014720838522208
1.5409166666666667,1999,25.3336984,51.2295295,-14852.81708354033,-3680.531185461897,3393.4739831150096,0.0,5.783479891954646,13.326612752655555,2.0310767132224297
0.9145833333333332,2000,25.3336984,51.2295295,-14661.28948495415,-3698.586916393077,3447.659850068668,0.0,5.792905980641266,13.378457254789227,2.045120260981888
1.2426666666666668,2001,25.3336984,51.2295295,-14139.22054004563,-3749.5654695362814,3592.0992882797536,0.0,5.748961045501668,13.428127480126761,2.05731528813025
1.2154166666666668,2002,25.3336984,51.2295295,-14236.54829732292,-3740.065950768753,3589.464498543027,0.0,5.923691467087127,13.477497534941103,2.065330823254335
1.18825,2003,25.3336984,51.2295295,-14184.443416928698,-3742.754715276183,3604.7358594996535,0.0,5.870843738780774,13.525861218377479,2.0710396862191627
1.075,2004,25.3336984,51.2295295,-13753.860921703934,-3781.2509761980527,3703.966896671799,0.0,6.005162303030177,13.564409821135438,2.0479280041686745
1.0743333333333334,2005,25.3336984,51.2295295,-13186.747345483987,-3827.3331926850765,3818.3936283614685,0.0,6.530737676242171,13.651472828614875,2.1511665899336134
1.25275,2006,25.3336984,51.2295295,-13036.451264771877,-3833.3598432271365,3826.4037993608035,0.0,6.6180983244004015,13.830458282011396,2.5310856315921297
1.2615,2007,25.3336984,51.2295295,-12677.242642989764,-3866.6961738952446,3920.7014649764537,0.0,6.885685932618265,14.024063380412999,2.9670308791658213
1.0408333333333333,2008,25.3336984,51.2295295,-11630.282740365094,-3963.126461393932,4208.58820305215,0.0,7.1853073154347475,14.183120100680785,3.2431341441917856
1.286166666666667,2009,25.3336984,51.2295295,-11148.696870016041,-3997.466265381741,4309.393404174398,0.0,7.2801870790716405,14.291914908815999,3.27456060481377
2.0191666666666666,2010,25.3336984,51.2295295,-10208.126775578547,-4088.6627193081445,4573.495192383103,0.0,7.176924261826501,14.354050371097719,3.1235870692621837
1.2304166666666667,2011,25.3336984,51.2295295,-8320.021061176438,-4273.97185777529,5082.833630100377,0.0,7.155192846384516,14.405611764469464,2.980160647354569
1.6052499999999998,2012,25.3336984,51.2295295,-4127.5941784504885,-4687.701941469925,6197.4285685145,0.0,6.890810625784539,14.46033896323359,2.885430705272365
1.1186666666666667,2013,25.3336984,51.2295295,-3523.402527926534,-4691.856716311471,5883.256868990246,0.0,6.872227163789653,14.526252538204833,2.8536485163791814
1.61025,2014,25.3336984,51.2295295,-3356.8695217098725,-4694.814379509726,5875.19114033126,0.0,6.978313364881657,14.610521397298387,2.9358960459127
1.1730833333333333,1990,36.638392,127.6961188,12922.456749550169,-2907.170057197957,748.1466733238851,1794.3095,8.491332836279854,17.60242463630204,1.0082609458773244
0.3780833333333333,1991,36.638392,127.6961188,17901.86980823795,-3410.532057288598,2167.650085423766,1794.3095,8.599544880569939,17.610716853193164,1.0091778565879348
0.5732499999999999,1992,36.638392,127.6961188,23656.555219231876,-3985.619890939216,3787.974375387563,1794.3095,8.703528565390934,17.61556703153303,1.009256239548914
-0.0841666666666666,1993,36.638392,127.6961188,28704.814568977756,-4486.831769205126,5284.587280837022,1794.3095,8.811920031121923,17.620679955849685,1.0095128925322079
1.3622500000000002,1994,36.638392,127.6961188,32698.141293399294,-4877.432435999701,6346.079511595441,1794.3095,8.955315184479288,17.62585027842692,1.0098971652640054
0.2273333333333333,1995,36.638392,127.6961188,35536.31710384351,-5162.6794208254505,7160.525696773388,1794.3095,9.017989994248794,17.63087765249806,1.0101860803299167
0.1464166666666666,1996,36.638392,127.6961188,40048.24090756674,-5526.451550228439,8216.82016241434,1794.3095,9.11164248938112,17.636736856527477,1.0103249577584545
0.7423333333333333,1997,36.638392,127.6961188,44799.14988370669,-5890.850038507545,9282.672534160185,1794.3095,9.202901995721698,17.643334076604184,1.0102815122338242
1.5337500000000002,1998,36.638392,127.6961188,41619.98833911302,-5980.7554806281905,9558.74203834106,1794.3095,9.02224758965107,17.649577621907028,1.01018399143636
0.8990833333333333,1999,36.638392,127.6961188,46276.24670109387,-6189.479284499832,10216.765045560931,1794.3095,9.096599203209573,17.65540242985122,1.0101803514696797
0.448,2000,36.638392,127.6961188,43856.66837166085,-5924.352379897214,9357.272784183873,1794.3095,9.183617443939585,17.66114994911692,1.010156213045512
0.8068333333333334,2001,36.638392,127.6961188,41658.98843526953,-5519.999420198587,8144.791783707574,3574.0268,9.220910263337343,17.667035742286437,1.0091084112285178
0.7629166666666666,2002,36.638392,127.6961188,44678.18188512313,-5925.225047029129,9266.945071725788,3574.0268,9.16159953309024,17.6724577136274,1.0071086781836263
0.5889166666666666,2003,36.638392,127.6961188,44068.68430715117,-5894.922632188312,9207.975345793526,3574.0268,9.040810937980366,17.677076529767664,1.0050885411302266
1.2913333333333334,2004,36.638392,127.6961188,41851.58214965999,-5668.188207248242,8694.355267789999,3574.0268,8.952695692724639,17.681013804900353,1.0029702133034921
0.4815,2005,36.638392,127.6961188,40480.27282365807,-5636.323081539381,8620.290128315763,3574.0268,8.892999664966444,17.684408335131227,1.0008824183409983
0.8483333333333333,2006,36.638392,127.6961188,38679.2019149745,-5506.993129728525,8221.172775508941,3574.0268,8.860133607049798,17.687739124089763,0.999203220371063
1.2648333333333333,2007,36.638392,127.6961188,42092.94312026469,-5790.627206830684,9023.491843985752,3574.0268,8.859678186548894,17.691296894347634,0.9978389882824185
0.89325,2008,36.638392,127.6961188,43015.81803680548,-5737.1017964275,8601.989666789364,3574.0268,8.67956141455838,17.694982003515893,0.996449724937936
0.8486666666666668,2009,36.638392,127.6961188,39952.568799999135,-5560.214844585133,7982.757062817027,3574.0268,8.746804596992948,17.698887535845277,0.9950370045385966
0.4999166666666666,2010,36.638392,127.6961188,40641.211636133405,-5474.599715341932,7682.439823300215,3574.0268,8.817651084411551,17.70350808921572,0.9939485126034324
0.28175,2011,36.638392,127.6961188,42620.068300071136,-5655.095272680247,8082.275452335971,4560.6637,8.71701009158981,17.710791758197328,0.9947441181576243
0.2161666666666667,2012,36.638392,127.6961188,44190.186648524774,-5701.556922417372,8059.977476491608,4560.6637,8.715450234543539,17.720190347858733,0.9970343542228667
0.7645,2013,36.638392,127.6961188,44428.92035356191,-5841.507409121023,8486.10979754423,4560.6637,8.755613504515056,17.729496216128894,0.999235594579318
0.8124166666666667,2014,36.638392,127.6961188,45575.27608845721,-6245.8734383544115,9686.753054156696,4560.6637,8.546169474511881,17.738632580787172,1.0013558761130152
0.5145833333333333,1992,47.2879608,28.5670941,-17143.45928842681,-3284.2239880994202,2145.3564314126897,0.0,6.666490016839763,15.318454423647966,0.8870895490744243
-0.3185,1993,47.2879608,28.5670941,-17689.46082999245,-3237.997079328586,2209.716900858273,0.0,6.961540471012221,15.318184303416121,0.8885953951889168
1.4525833333333331,1994,47.2879608,28.5670941,-17872.680854936447,-3273.325575534337,2363.1508200735316,0.0,6.869692599049483,15.315693269178182,0.890583791831596
0.3967500000000001,1995,47.2879608,28.5670941,-17880.475008048208,-3151.837001334863,2059.571387038529,0.0,6.815946302804919,15.31093529488139,0.8923711824735036
-0.5091666666666667,1996,47.2879608,28.5670941,-17874.527350877845,-3151.2651341703213,2039.1089823918405,0.0,6.6811425921697944,15.303954159111242,0.8940956412065243
-0.3498333333333334,1997,47.2879608,28.5670941,-17720.52258551165,-3111.496248062348,1936.509947223504,0.0,6.300671109188034,15.295702510746384,0.8959912143297906
0.4951666666666667,1998,47.2879608,28.5670941,-17949.116459041088,-3078.2506933001573,1947.2461444071776,0.0,5.992038132576381,15.286498487028512,0.897597238295118
1.43775,1999,47.2879608,28.5670941,-18016.538510925795,-3082.803892141066,1969.3728820550964,0.0,5.651396653854389,15.275040975515541,0.898795059532318
1.5834166666666667,2000,47.2879608,28.5670941,-18046.68901709826,-3086.5325577665344,1988.1138047329541,0.0,5.381723795179076,15.262799590071017,0.89949916452959
1.0641666666666667,2001,47.2879608,28.5670941,-18000.75127703253,-3034.923657397844,1842.4895313314164,599.1975,5.431961502816756,15.25071459992072,0.8998191316964579
1.365,2002,47.2879608,28.5670941,-17970.624518468394,-3024.0055132073935,1817.551307332803,599.1975,5.6131715361019205,15.238050537953113,0.9000186903215285
0.3919166666666666,2003,47.2879608,28.5670941,-17897.530298164074,-3072.6340793754594,1937.77521073447,599.1975,5.5551625828952576,15.225028648515641,0.9001881630845749
0.8396666666666667,2004,47.2879608,28.5670941,-17784.308122796272,-2971.923840867062,1642.0975729293684,599.1975,5.476398277834676,15.213485435471055,0.8999347909060308
0.8058333333333333,2005,47.2879608,28.5670941,-17700.10054527984,-2984.56513658588,1679.8002179093064,599.1975,5.347096578276538,15.202150609326408,0.900057789277596
0.371,2006,47.2879608,28.5670941,-17627.881470543558,-3002.1243450984502,1732.8774499612261,599.1975,5.337931271622011,15.187388500089515,0.9009687701445417
2.12275,2007,47.2879608,28.5670941,-17399.37005765938,-3011.3249662976064,1771.5855980513068,599.1975,5.2023151473396725,15.170531720604844,0.9019366492572972
1.6980000000000002,2008,47.2879608,28.5670941,-17302.408328303303,-2989.577336183797,1719.8529529641169,599.1975,5.491527757557465,15.153775240672122,0.9030148864981264
1.57775,2009,47.2879608,28.5670941,-17769.288950234368,-2976.406770259134,1692.7244056568788,599.1975,5.456245474331067,15.13713092210349,0.9040048424133662
1.3006666666666666,2010,47.2879608,28.5670941,-17724.76764585696,-2953.8794207096716,1613.6692454257768,599.1975,5.444378989419542,15.117930525703324,0.9048084387320359
0.8400833333333333,2011,47.2879608,28.5670941,-17635.06120554394,-2948.0027759642257,1600.0023234815062,0.0,5.393783897765206,15.095089597201813,0.9054030992057477
1.6393333333333333,2012,47.2879608,28.5670941,-17615.63943077088,-2962.5541591356623,1634.7788846653611,0.0,5.250569883597562,15.070325990142852,0.9057609859208503
1.6136666666666668,2013,47.2879608,28.5670941,-17551.069268962747,-2914.0934099903952,1493.0044332368348,0.0,5.326472757283711,15.044136266775151,0.9060017450371323
1.4295833333333334,2014,47.2879608,28.5670941,-17536.78968403564,-2912.0941374950144,1481.7380590048308,0.0,5.3217413699158485,15.020983037215425,0.9063830564844764
1.098833333333333,1990,45.9852129,24.6859225,435.0789301592954,-4024.5918757006607,3931.785033324163,110.0,8.725203108781391,16.94385904299224,0.9539346403752379
-0.2670833333333333,1991,45.9852129,24.6859225,-4182.850530758549,-3540.0714744077436,2372.371791552042,110.0,8.534316959260531,16.944132605849788,0.9534179260667184
0.4851666666666666,1992,45.9852129,24.6859225,-4080.6621109382713,-3618.0588926561127,2581.900724590848,110.0,8.065423807256865,16.942313329874825,0.9526138614827986
-0.1245833333333333,1993,45.9852129,24.6859225,-4483.9281864290715,-3609.192130273165,2775.7761868409784,110.0,7.827197639254004,16.938829036485018,0.9515457572347513
1.5669166666666667,1994,45.9852129,24.6859225,-5252.058509152263,-3536.00079432257,2645.1330318148466,110.0,7.435498430969111,16.93490967910991,0.9502629343746788
0.28375,1995,45.9852129,24.6859225,-3694.5775070478076,-3682.594474198233,3006.7887315425887,110.0,7.639818655180765,16.93049740615211,0.9486787840967033
-0.3635833333333333,1996,45.9852129,24.6859225,-3564.543018624378,-3677.016264663605,3074.270815356456,110.0,7.474460562664005,16.92536887742023,0.9468893313952907
-0.3141666666666666,1997,45.9852129,24.6859225,-5509.6008853559615,-3457.448251241168,2502.681662738643,110.0,7.6121386464961525,16.919627843771636,0.945021413570529
0.3699166666666666,1998,45.9852129,24.6859225,-7428.199161044407,-3296.8969448610824,2277.611748455154,110.0,7.470396599659716,16.913855465204193,0.9430637083133828
1.0533333333333337,1999,45.9852129,24.6859225,-7804.418135589281,-3264.4851697249096,2303.1851216057776,110.0,6.937734090094984,16.908324486787546,0.9412075630176603
1.4735000000000005,2000,45.9852129,24.6859225,-7220.7730850224325,-3333.8495047001693,2527.4533667401474,110.0,6.861111055633786,16.902904408714477,0.9395416179124044
0.91325,2001,45.9852129,24.6859225,-7623.868709471668,-3280.440896759344,2359.0802813293576,0.0,6.466768946166834,16.89730997118945,0.9378631061281384
1.3686666666666667,2002,45.9852129,24.6859225,-8081.442390277388,-3219.893253156075,2204.323810666058,0.0,6.433757443504477,16.890679139984346,0.9369643747036324
0.4309166666666668,2003,45.9852129,24.6859225,-6901.945120194604,-3312.9354053277366,2462.4450385915407,0.0,6.216092196603484,16.882694231678702,0.9371895828525602
0.6725833333333333,2004,45.9852129,24.6859225,-5880.458565404878,-3434.811137906781,2752.099088250612,0.0,6.318651126574372,16.87371449943552,0.9378006126531611
0.2398333333333333,2005,45.9852129,24.6859225,-5434.600490735828,-3427.1124388812614,2739.762890700462,0.0,6.2313780927161515,16.864416848737385,0.9384988309597159
0.6095,2006,45.9852129,24.6859225,-5608.6286504600275,-3407.3525558332685,2803.2520485986743,0.0,6.443572117899548,16.855709424413913,0.9390982369187801
1.88825,2007,45.9852129,24.6859225,-5112.78212346342,-3421.473509246947,2807.7923344009564,0.0,6.238096474015042,16.847778693682557,0.9394729224757962
1.5737500000000002,2008,45.9852129,24.6859225,-5189.588682418408,-3327.4183741001275,2520.7418485898215,0.0,6.450115224787863,16.840680655568455,0.9395427869234517
1.5215,2009,45.9852129,24.6859225,-7548.506670686094,-3177.3207700530397,2176.8883257107977,0.0,6.8450405869899456,16.83429106847353,0.9392989712759662
1.03575,2010,45.9852129,24.6859225,-6088.65713524955,-3316.8530381084156,2579.6147552751972,0.0,6.8660096288566805,16.827864473468303,0.9389608860296624
0.7345833333333333,2011,45.9852129,24.6859225,-5354.573008784964,-3384.707815768583,2797.1610526034824,1343.32,6.988066719774463,16.822196866412757,0.9388097448458783
1.5198333333333334,2012,45.9852129,24.6859225,-5518.606017232911,-3383.348093135306,2821.8166416933823,1343.32,7.16477420562943,16.818075336703334,0.9387504034025221
1.5121666666666669,2013,45.9852129,24.6859225,-6490.8722615647985,-3244.6586802759894,2170.6654407575406,1343.32,6.976089026628021,16.814564608303822,0.9386539850882476
1.6516666666666666,2014,45.9852129,24.6859225,-5838.181339645897,-3316.5033796943835,2354.4593766820003,1343.32,6.9444401835349,16.811034609841638,0.9386068538787822
0.52525,1992,64.6863136,97.7453061,136570.23111360375,13979.430284726022,15545.137503697448,38673.5331,10.69139320164482,18.817613555321582,0.8830961173582549
0.7680833333333333,1993,64.6863136,97.7453061,131443.36347191603,14699.36270593013,12574.290433016808,38673.5331,10.50478248524783,18.818767156317467,0.8829664314167418
0.5480833333333334,1994,64.6863136,97.7453061,115431.40353240064,16214.934492918554,9111.832397404638,38673.5331,10.516903851591369,18.81830931310765,0.882072584623713
2.2845,1995,64.6863136,97.7453061,115304.00129997516,15936.774298053815,10644.426600215287,38673.5331,10.591665127536684,18.816482316810905,0.8804917256311445
0.6956666666666668,1996,64.6863136,97.7453061,111348.1955363039,16676.123297318027,8875.791741847634,38673.5331,10.243948164290465,18.814298690761408,0.8789674067563441
1.1335833333333334,1997,64.6863136,97.7453061,109790.7468542987,16415.005738790533,9998.688682537562,38673.5331,10.230913818889693,18.81231715485806,0.8780343767948535
0.1728333333333333,1998,64.6863136,97.7453061,108937.32148049062,16624.686689061706,10560.219209666182,38673.5331,10.079421808049776,18.810509085902943,0.8776445792676367
0.5971666666666667,1999,64.6863136,97.7453061,117351.0202927026,16074.512131270702,13004.343271755073,38673.5331,10.09176765935923,18.808228884190612,0.8772517380102672
0.9379166666666666,2000,64.6863136,97.7453061,129133.19868159397,14993.662838135226,17239.52846952323,38673.5331,10.058413563145352,18.804887070285833,0.8762706110970696
0.93725,2001,64.6863136,97.7453061,131265.8010183195,14598.500862095032,18193.879974528485,0.0,10.056286700884609,18.800729099010397,0.8746524499125986
1.3183333333333334,2002,64.6863136,97.7453061,131543.30501501207,14556.488280216778,18344.382739268174,0.0,9.767819684987806,18.796305944179164,0.8727123047476718
1.5856666666666666,2003,64.6863136,97.7453061,135870.9415305824,14294.517225190264,19453.25884437711,0.0,9.797242768250234,18.7918767983815,0.870306033761781
0.9954166666666668,2004,64.6863136,97.7453061,147806.34424347195,13074.909514361998,23593.156905856016,0.0,9.735603657311755,18.787776659460697,0.8674579771415708
1.90425,2005,64.6863136,97.7453061,154642.73708410806,12226.738691037579,25776.22908687408,0.0,9.825578625898448,18.783934344002205,0.8644427537115137
0.7288333333333332,2006,64.6863136,97.7453061,159998.93661575046,11836.001424948625,26576.51639838821,0.0,9.790564272241406,18.780720709848797,0.8618999351862124
2.46475,2007,64.6863136,97.7453061,169001.54123096986,10840.917059403631,29401.282963101898,0.0,9.91611650060966,18.779177877694405,0.8605496471015252
2.1388333333333334,2008,64.6863136,97.7453061,164193.88712338332,11669.375529817087,27351.97315519833,0.0,9.929169344020385,18.778960242903914,0.8599510678994574
0.8581666666666666,2009,64.6863136,97.7453061,151817.04752949488,12681.475762632603,23998.380794668166,0.0,9.673977880406941,18.779498883605562,0.8597715204879618
0.9678333333333332,2010,64.6863136,97.7453061,163348.7745936836,11752.86189092505,26428.35520217374,0.0,9.596227502752475,18.780050247302977,0.8601071204359201
2.015416666666667,2011,64.6863136,97.7453061,171591.3456840783,11242.381334632082,27727.77128241962,15185.104,9.805468351144073,18.780901189166695,0.860898022293854
1.5590833333333334,2012,64.6863136,97.7453061,237076.30495487014,4661.709515765856,47244.50996306569,15185.104,9.63877127575494,18.782746657466827,0.8619599157902422
1.6975,2013,64.6863136,97.7453061,250308.28528406142,3270.680700712736,51197.8726515862,15185.104,9.639724395073921,18.785024271002044,0.8631023519293183
1.5608333333333333,2014,64.6863136,97.7453061,217800.96807404188,6659.368656695627,41555.16684725371,15185.104,9.824851172603342,18.78730155338776,0.8640626707164895
0.2944545454545454,1990,-1.9646631,30.0644358,-17307.884767202155,-2145.505527814161,855.9317233583237,1321.7765,3.8797353231781395,15.80611583127991,0.9913384500833945
-0.1271666666666666,1991,-1.9646631,30.0644358,-17303.437960883904,-2140.65321654857,839.484878969146,1321.7765,3.884425678236042,15.828502420072796,0.9903662792119876
0.0094,1992,-1.9646631,30.0644358,-17304.8583425834,-2139.562993476764,838.3927747089925,1321.7765,3.93610665214863,15.851157853816304,0.9890931440355964
0.039,1993,-1.9646631,30.0644358,-17307.992076200488,-2140.931951043296,844.8215337473298,1321.7765,3.991589907616511,15.882973137509218,0.987489342507849
-0.0275,1994,-1.9646631,30.0644358,-17332.380993848055,-2146.4633751253828,861.3677100181103,1321.7765,3.9223772151073195,15.722481462821632,0.9662465100522178
0.5599999999999999,1995,-1.9646631,30.0644358,-17336.685239717808,-2139.6856285849385,885.6360353064866,1321.7765,3.8268789747707044,15.553675314642593,0.9371189644894831
0.6201666666666666,1996,-1.9646631,30.0644358,-17306.748457958543,-2138.1387751857337,861.994855345245,1321.7765,3.831502516968879,15.719930185513528,0.938206912077303
1.0248000000000002,1997,-1.9646631,30.0644358,-17932.061337590418,-2136.390550592076,1336.581140145438,1321.7765,3.6919497359711544,15.852401006928135,0.9391985495592956
0.6255555555555555,1998,-1.9646631,30.0644358,-17933.695164177185,-2128.5309611744206,1316.0176137038668,1321.7765,3.6120847991348635,15.884225525091741,0.9372527230449149
-0.9724,1999,-1.9646631,30.0644358,-17918.81231764677,-2121.501973910161,1284.0065603524688,1321.7765,3.647916824705059,15.896149757165938,0.9326409730395954
0.4373999999999999,2000,-1.9646631,30.0644358,-17911.73664847033,-2117.0079824529985,1271.2619774050786,1321.7765,3.626519890656244,15.908606946435754,0.9283297501061653
0.3155,2001,-1.9646631,30.0644358,-17893.70376875677,-2115.4804810439705,1251.6678667460271,1036.6542,3.6054516484556594,15.922560214123031,0.9241265505834304
0.6211818181818182,2002,-1.9646631,30.0644358,-17878.993324826508,-2116.1591657123513,1239.0434866791302,1036.6542,3.5845239887793423,15.940439912286193,0.9212879042915991
0.8988333333333333,2003,-1.9646631,30.0644358,-17864.70079653983,-2113.3997056277262,1216.5442923762087,1036.6542,3.4608772436080044,15.96354395740247,0.922120400495965
0.7394166666666666,2004,-1.9646631,30.0644358,-18051.790901549793,-2111.1620161243377,1355.8629452770551,1036.6542,3.303963018470448,15.989335941438924,0.925067795626703
0.8490463275479901,2005,-1.9646631,30.0644358,-18028.65325080569,-2105.5639137448384,1338.9203280440272,1036.6542,3.352150684590972,16.015652985343788,0.9277572037554354
0.8539010212560207,2006,-1.9646631,30.0644358,-18014.832469851888,-2098.932003734891,1307.3114534415158,1036.6542,3.0908606186455683,16.04230105725779,0.9301711926811428
1.216,2007,-1.9646631,30.0644358,-17995.277547090445,-2089.3275351773577,1281.9738405770956,1036.6542,3.3033125569689816,16.0692381245201,0.9323684985865125
1.331,2008,-1.9646631,30.0644358,-17975.143237603097,-2081.029732573305,1249.639327764899,1036.6542,3.1362591406909,16.096054111167025,0.9343705877467401
1.0194285714285714,2009,-1.9646631,30.0644358,-17965.374079590787,-2077.2025043356857,1230.8240723248696,1036.6542,3.185228034095946,16.122459814129847,0.9361958192188853
1.55775,2010,-1.9646631,30.0644358,-17947.820510510144,-2071.8290548328073,1203.7884224879654,1036.6542,3.2404494320729187,16.14853086515519,0.9378602695852721
0.646,2011,-1.9646631,30.0644358,-17946.449170703407,-2068.9917902804686,1200.9627524639297,62.3198,3.311699278967836,16.174185866699993,0.939342749759162
0.976,2012,-1.9646631,30.0644358,-17932.855618072863,-2064.9993505819707,1186.2285431613304,62.3198,3.413353199432168,16.19878436530922,0.9411123341174541
1.2375,2013,-1.9646631,30.0644358,-17917.156317431858,-2060.3386868513107,1172.4391834455753,62.3198,3.522482426268926,16.222577280508876,0.9432993209782534
1.0516981700998729,2014,-1.9646631,30.0644358,-17902.99764258657,-2056.092904851001,1161.8760392145646,62.3198,3.662160665214018,16.246352708700517,0.9453536165916597
0.7808333333333333,1990,-15.9690718,-5.71295,-17512.874781518087,-2616.874996256996,-292.64317107871364,0.0,-1.2591332155032116,8.796036315200814,0.9654967281380131
0.4541666666666666,1991,-15.9690718,-5.71295,-17512.874781518087,-2616.874996256996,-292.64317107871364,0.0,-1.2776193444942345,8.789964651132264,0.9705970597059705
0.4630833333333333,1992,-15.9690718,-5.71295,-17508.193504487885,-2609.768714218466,-313.1697128670098,0.0,-1.1378730026214123,8.782322859397507,0.9781487101669196
0.7675833333333334,1993,-15.9690718,-5.71295,-17508.191078033815,-2609.7676476953197,-313.16885003507184,0.0,-0.9503647122079065,8.773848885262895,0.9873923739237392
0.8575833333333334,1994,-15.9690718,-5.71295,-17508.191463000076,-2609.7678169033193,-313.16898692667843,0.0,-1.1260862656688648,8.764365720529808,0.9950140230601433
0.7209166666666667,1995,-15.9690718,-5.71295,-17512.873397194933,-2616.874387791868,-292.6426788220315,0.0,-1.2935328810385796,8.755264763314685,1.0018933417481855
0.4050833333333333,1996,-15.9690718,-5.71295,-17512.87647692511,-2616.87574145586,-292.643773954876,0.0,-1.3459204669816174,8.746080217357513,1.0095907928388748
0.9649166666666668,1997,-15.9690718,-5.71295,-17512.899912822086,-2616.913565505171,-292.5311315853375,0.0,-1.5371172508544744,8.736168065858228,1.018812844631852
1.2679166666666666,1998,-15.9690718,-5.71295,-17512.87883034864,-2616.8803666311537,-292.62882786206296,0.0,-1.8845328693804098,8.725832056527565,1.026982560052649
1.3931666666666669,1999,-15.9690718,-5.71295,-17512.901374961646,-2616.9146653393345,-292.5296420663338,0.0,-1.7969730362809424,8.714895850248494,1.0296469020652899
1.4754166666666668,2000,-15.9690718,-5.71295,-17512.90271262223,-2616.915253294402,-292.5301177300942,0.0,-1.9031380572114442,8.703506769479729,1.028965981812058
1.0931666666666666,2001,-15.9690718,-5.71295,-17512.90578841842,-2616.9161480636208,-292.53322091075006,0.0,-2.137918471438812,8.690305809124883,1.030396174863388
1.09525,2002,-15.9690718,-5.71295,-17512.90552010859,-2616.916030130774,-292.5331255014493,0.0,-2.269150316907808,8.674367865788236,1.0330090340514246
1.40175,2003,-15.9690718,-5.71295,-17512.90868543227,-2616.9178785821446,-292.5322416240932,0.0,-2.4877105771207346,8.656259239539235,1.0332625619249822
1.3795,2004,-15.9690718,-5.71295,-17512.912585646118,-2616.919592881367,-292.5336285158111,0.0,-3.1100214199561185,8.637284671674058,1.0324441240086517
1.4556666666666669,2005,-15.9690718,-5.71295,-17507.79839428803,-2609.1684375324317,-314.90435537498917,0.0,-1.6094379124341003,8.618485442898109,1.0341911764705882
1.4660833333333334,2006,-15.9690718,-5.71295,-17507.802220619466,-2609.170119357391,-314.905715994582,0.0,-1.7567785003328094,8.598957493218878,1.0360225140712946
1.0410833333333334,2007,-15.9690718,-5.71295,-17502.712944806783,-2602.0795741816373,-335.1174676845982,0.0,-0.8045257685433347,8.577911926450943,1.0387567152724482
1.0984166666666668,2008,-15.9690718,-5.71295,-17507.462208329125,-2609.280061472929,-314.332375482192,0.0,-1.3390291686527764,8.567696173589344,1.0463035019455253
1.653333333333333,2009,-15.9690718,-5.71295,-17507.443493981533,-2609.247903484481,-314.4309138497007,0.0,-1.65391240253593,8.572627898304338,1.0596258768511302
1.21175,2010,-15.9690718,-5.71295,-17502.755571422444,-2602.1387004715025,-334.955092529373,0.0,-1.0802813319833862,8.579416534596369,1.0720404984423677
1.3560833333333333,2011,-15.9690718,-5.71295,-17502.75678853803,-2602.1392354422474,-334.95552532808506,0.0,-1.1705380282396987,8.585972706811063,1.0824261275272162
1.287,2012,-15.9690718,-5.71295,-17502.75319940805,-2602.13765787676,-334.95424905584497,0.0,-1.024990148797496,8.592115117933497,1.0928155339805825
1.2815,2013,-15.9690718,-5.71295,-17502.75734848898,-2602.1394815629724,-334.9557244431478,0.0,-1.1835167957585535,8.598220030058611,1.1031807602792862
1.369,2014,-15.9690718,-5.71295,-17502.781296508594,-2602.1871960020453,-334.80078091688966,0.0,-0.7262903991531995,8.604654467186231,1.1126596980255516
0.363,1990,17.250512,-62.6725973,-17946.94458716791,-2523.256663443948,34.34242248317896,3.6906399999999997,-1.2180717287054377,10.612409652211436,0.9613862341924896
0.4095,1991,17.250512,-62.6725973,-17946.83278481209,-2523.2000541092125,34.18278953324138,3.6906399999999997,-1.2180717287054377,10.610118418254732,0.9649590461881452
0.5203333333333333,1992,17.250512,-62.6725973,-17946.75079638989,-2523.1086628433513,33.91877238299677,3.6906399999999997,-1.2180717287054377,10.618885342030893,0.9683334135425189
0.5505833333333333,1993,17.250512,-62.6725973,-17946.717963291718,-2523.1147867980276,33.94652550377184,3.73548,-1.2180717287054377,10.632146654097433,0.9711785408541805
0.4824166666666666,1994,17.250512,-62.6725973,-17946.64926341549,-2523.088789648499,33.865247445548285,2.8352399999999998,-1.2180717287054377,10.645448706505872,0.9738239578927581
0.7074166666666667,1995,17.250512,-62.6725973,-17946.466933833603,-2522.873651027639,33.23406917325192,2.8352399999999998,-1.2180717287054377,10.65843513400152,0.9761285528515697
0.286,1996,17.250512,-62.6725973,-17946.305116592746,-2522.8380035197647,33.0991734994441,1.8901599999999998,-1.2180717287054377,10.671208668100814,0.978287812715171
0.605,1997,17.250512,-62.6725973,-17946.02860160972,-2522.652838885375,32.54897723929775,0.9450799999999999,-1.2180717287054377,10.684073102244907,0.9802676343842142
0.9965833333333332,1998,17.250512,-62.6725973,-17945.982306566635,-2522.7664812228363,32.87066850774742,0.9450799999999999,-1.0770465107535492,10.697158570862372,0.9821636640674016
0.508,1999,17.250512,-62.6725973,-17945.82162123281,-2522.8166957571107,33.005783296687056,0.9450799999999999,-1.0770465107535492,10.710521298473333,0.9841094192634561
0.3415833333333333,2000,17.250512,-62.6725973,-17945.463265363935,-2522.803148536939,32.93744786408968,0.9450799999999999,-1.0770465107535492,10.724632091159428,0.9863678070520383
0.6444252344515558,2001,17.250512,-62.6725973,-17945.038781108935,-2522.7707511806534,32.85438592207861,1.8901599999999998,-1.0770465107535492,10.736070535336799,0.9881106787721574
0.6405833333333333,2002,17.250512,-62.6725973,-17944.626302627843,-2522.780586855648,32.895123116306316,0.9450799999999999,-1.0770465107535492,10.742097784525766,0.9877545759216293
0.7734166666666668,2003,17.250512,-62.6725973,-17944.293920363314,-2522.927380015301,33.34280282683108,0.9450799999999999,-1.0770465107535492,10.745701081013967,0.9858004362516574
0.4857499999999999,2004,17.250512,-62.6725973,-17943.510294709766,-2522.94441172963,33.41558770078942,0.9450799999999999,-1.0770465107535492,10.748926543438332,0.9833936555248031
0.8455833333333334,2005,17.250512,-62.6725973,-17933.25422426076,-2508.8231686909803,-7.370026279306789,0.9450799999999999,-1.0770465107535492,10.752056033913902,0.9810064866239878
0.6854999999999999,2006,17.250512,-62.6725973,-17932.92467960387,-2508.8467050088448,-7.191232867890209,0.9450799999999999,-1.0770465107535492,10.755239763272712,0.9782654568474362
0.916,2007,17.250512,-62.6725973,-17932.330635527534,-2508.8623324564296,-7.162006761504246,0.9450799999999999,-1.0770465107535492,10.758221978711177,0.9754201680672269
0.3348333333333333,2008,17.250512,-62.6725973,-17931.816620379734,-2508.9583099969877,-6.922094465017953,0.9450799999999999,-1.0770465107535492,10.761195326977985,0.9726823962516734
0.56575,2009,17.250512,-62.6725973,-17931.267658645786,-2508.996455432403,-6.795073467734626,30.977719999999998,-1.0639210488781792,10.763990695266562,0.9698812747344303
1.1380833333333331,2010,17.250512,-62.6725973,-17864.457782133377,-2508.608672711271,-57.82833167743991,30.977719999999998,-1.160594081023991,10.766440796819609,0.9675009338812103
0.5876666666666667,2011,17.250512,-62.6725973,-17930.640578594925,-2509.0367618498603,-6.634137359863756,60.363200000000006,-1.160594081023991,10.770188800870221,0.9661570247933884
0.71225,2012,17.250512,-62.6725973,-17930.340418363186,-2509.1408201543263,-6.06460831320379,60.363200000000006,-1.160594081023991,10.77327350675453,0.9649238369699464
0.8019166666666666,2013,17.250512,-62.6725973,-17929.876160869062,-2509.1804538918623,-5.911939831011471,61.30828,-1.0639210488781792,10.774069368316633,0.9625292740046838
0.7153333333333333,2014,17.250512,-62.6725973,-17929.43040053988,-2509.221453525931,-5.736761257869125,61.30828,-1.0639210488781792,10.774550766473594,0.9596096280805347
0.3101666666666666,1990,13.8250489,-60.975036,-18402.90656614671,-3049.6666746983774,1651.3166923749984,10.909,-2.9759296462578115,11.86569981146014,0.9698911930009136
0.3956666666666666,1991,13.8250489,-60.975036,-18401.421573021682,-3049.6680221377687,1651.387250038629,10.909,-2.9759296462578115,11.879427959947769,0.9711705310907377
0.4085833333333333,1992,13.8250489,-60.975036,-18398.78140323964,-3049.7893314726507,1651.8746877362164,10.909,-2.9150743705365367,11.894234483200634,0.9720396508996876
0.4855,1993,13.8250489,-60.975036,-18395.906316015396,-3049.9915353294573,1652.4725011035166,10.909,-2.9150743705365367,11.908979763324206,0.9726396559048428
0.4704166666666667,1994,13.8250489,-60.975036,-18411.325994420764,-3078.970433646101,1736.53411264537,10.909,-2.8577109756566164,11.9221235966675,0.9733541292580311
0.7016666666666667,1995,13.8250489,-60.975036,-18406.653492968035,-3079.3416836082365,1737.9613902963538,10.909,-2.8577109756566164,11.93392265666113,0.974084536242776
0.3745833333333333,1996,13.8250489,-60.975036,-18402.036835223855,-3079.6739245316144,1739.1744791091905,10.909,-2.8051119139453413,11.944506562431165,0.974797029512486
0.625,1997,13.8250489,-60.975036,-18397.31411361694,-3080.0519225222724,1740.411341140253,10.909,-2.753570716404019,11.954105146902386,0.9755493143895589
1.0904166666666666,1998,13.8250489,-60.975036,-18392.737579842662,-3080.410009576505,1741.6830008049988,10.909,-2.753570716404019,11.963077090700798,0.9763749763749764
0.4660833333333333,1999,13.8250489,-60.975036,-18387.09025877972,-3080.651985019121,1742.6167051008583,10.909,-2.7045563118479543,11.971962935083912,0.9770012992204677
0.3159166666666667,2000,13.8250489,-60.975036,-18387.294868608395,-3080.621180657103,1742.9008368378745,10.909,-2.7045563118479543,11.979799201207037,0.977215535087828
0.6584166666666667,2001,13.8250489,-60.975036,-18521.775244766566,-3279.2596460364393,2319.2376858660305,11.7709,0.9853689330537581,11.986628492994441,0.9777950195817631
0.6110833333333333,2002,13.8250489,-60.975036,-18521.326451800003,-3279.00553887069,2318.051212883601,11.7709,0.4967672665149504,11.994116283606528,0.9794712438370913
0.87175,2003,13.8250489,-60.975036,-18521.85136895849,-3278.8134729773096,2317.438844515403,11.7709,1.015049503897419,12.001787648564504,0.9814790058941484
0.5071666666666667,2004,13.8250489,-60.975036,-18523.42124206087,-3278.7299171997897,2317.8215661478903,11.7709,0.9036106787167806,12.009077963023524,0.9833951236006617
0.9365,2005,13.8250489,-60.975036,-18522.8873529902,-3278.6373237566227,2317.1864887512006,11.7709,1.108859605119659,12.016037414700286,0.985235511595525
0.7776666666666667,2006,13.8250489,-60.975036,-18534.577880809466,-3296.3226626770515,2368.4256122215643,11.7709,1.401946229058113,12.02256438488165,0.9868592230112788
0.7053333333333334,2007,13.8250489,-60.975036,-18534.209673547957,-3296.1487242819917,2367.743637433519,11.7709,1.3700887567729574,12.028846087160124,0.9887218937721111
0.4096666666666667,2008,13.8250489,-60.975036,-18534.331120417755,-3296.1085114793887,2367.812240821424,11.7709,1.4966274928042371,12.035136033602782,0.9909414085105881
0.5995833333333334,2009,13.8250489,-60.975036,-18533.883317310927,-3296.0358278275953,2367.2854912407597,11.7709,1.3805529104907766,12.041710842513048,0.9931520526223058
1.1655,2010,13.8250489,-60.975036,-18533.36799549708,-3295.8975722004234,2367.076026515714,11.7709,1.833141307006824,12.049038646262968,0.9944577329210664
0.625,2011,13.8250489,-60.975036,-18532.35564162059,-3295.961778191652,2367.3329085965242,0.0,1.806631661225742,12.056098232946328,0.9946237182086786
0.6505,2012,13.8250489,-60.975036,-18532.02281983976,-3295.925251671352,2367.212717860387,0.0,1.7565812408784425,12.061763379733772,0.9941485440471802
0.70725,2013,13.8250489,-60.975036,-18531.845536682016,-3295.891605271113,2367.1125424665734,0.0,1.7538325853832069,12.066684133421253,0.9932404564410431
0.6299166666666667,2014,13.8250489,-60.975036,-18531.32328167211,-3295.859394415868,2366.9280575014473,0.0,1.7854898562144597,12.071414904527694,0.9920115780836904
-0.4406666666666666,1990,46.8374544,-56.2120555,-17622.614221078755,-2859.341198447612,386.8205052547878,1.4311,0.6034412674754522,8.751949058058614,1.0201277955271566
-0.9486666666666668,1991,46.8374544,-56.2120555,-17618.01008661776,-2857.7577074218625,370.3343955447918,1.4311,0.6129127878493393,8.756367559802975,1.0200381679389312
-1.23625,1992,46.8374544,-56.2120555,-17618.01008661776,-2857.7577074218625,370.3343955447918,1.4311,0.6338217144751306,8.760139370026627,1.0180436847103513
-0.8435833333333335,1993,46.8374544,-56.2120555,-17618.01008661776,-2857.7577074218625,370.3343955447918,1.4311,0.5725602175708275,8.763428073953845,1.0163934426229508
-0.5129999999999999,1994,46.8374544,-56.2120555,-17622.600556720372,-2859.3351924182316,386.82536421540794,1.4311,0.6113946786876863,8.765302488748196,1.015728216420258
-0.2731666666666666,1995,46.8374544,-56.2120555,-17622.600556720372,-2859.3351924182316,386.82536421540794,1.4311,0.6444820085786643,8.765926513729443,1.0150848522941547
0.44075,1996,46.8374544,-56.2120555,-17622.600556720372,-2859.3351924182316,386.82536421540794,1.4311,0.6233682859520288,8.765614549914716,1.014456316781898
-0.6017499999999999,1997,46.8374544,-56.2120555,-17617.996422259377,-2857.751701392482,370.33925450541096,1.4311,0.6550298584468173,8.762958920766726,1.012275731822474
0.7173333333333334,1998,46.8374544,-56.2120555,-17622.600556720372,-2859.3351924182316,386.82536421540794,1.4311,0.6327600305448502,8.755107121633896,1.0091859360152042
1.8224166666666664,1999,46.8374544,-56.2120555,-17622.600556720372,-2859.3351924182316,386.82536421540794,1.4311,0.5965261419555198,8.747193183526933,1.007977026164646
0.9338333333333332,2000,46.8374544,-56.2120555,-17622.600556720372,-2859.3351924182316,386.82536421540794,1.4311,0.5278597163217703,8.744169388750624,1.0089657380723662
0.7470833333333333,2001,46.8374544,-56.2120555,-17622.600556720372,-2859.3351924182316,386.82536421540794,1.4311,0.5046465726892752,8.74209519574531,1.0099518459069021
-0.2228333333333333,2002,46.8374544,-56.2120555,-17622.600556720372,-2859.3351924182316,386.82536421540794,1.4311,0.5898401106940165,8.738735461363474,1.0103092783505154
0.3455,2003,46.8374544,-56.2120555,-17622.590994780337,-2859.330989565003,386.82876438164567,1.4311,0.6968901668387796,8.732627099660395,1.0103727714748785
0.5034166666666667,2004,46.8374544,-56.2120555,-17622.590994780337,-2859.330989565003,386.82876438164567,1.4311,0.7905007258158552,8.725832056527565,1.010443864229765
0.9745833333333334,2005,46.8374544,-56.2120555,-17634.309034973798,-2877.1207098667883,438.2167114625716,1.4311,1.1196233358575736,8.718663567048953,1.0111805327195003
1.73825,2006,46.8374544,-56.2120555,-17622.58688847343,-2859.329184679681,386.8302245587705,1.4311,0.9723307427568277,8.712430973476739,1.011250827266711
0.11375,2007,46.8374544,-56.2120555,-17633.908641091275,-2877.140246452715,438.530803804358,1.4311,1.7123554464407866,8.710124927322207,1.0112769485903814
0.7247499999999999,2008,46.8374544,-56.2120555,-17633.908641091275,-2877.140246452715,438.530803804358,1.4311,1.62794558398984,8.709134991587183,1.011956160743939
0.6546666666666666,2009,46.8374544,-56.2120555,-17633.908641091275,-2877.140246452715,438.530803804358,1.4311,1.612353657514997,8.708639655987193,1.0122964440013293
1.6381666666666668,2010,46.8374544,-56.2120555,-17637.72767537258,-2877.718502294059,441.2807293151987,1.4311,1.6521525148416376,8.708144074908246,1.0112994350282485
0.8355,2011,46.8374544,-56.2120555,-17637.727663231875,-2877.71850292726,441.2807388749233,1.3689,1.6668574033015868,8.707152175339404,1.0119800332778701
2.045,2012,46.8374544,-56.2120555,-17637.727657161526,-2877.7185032438597,441.2807436547855,1.3689,1.7652957057422025,8.704004653483045,1.011011011011011
0.9715833333333332,2013,46.8374544,-56.2120555,-17637.727645020812,-2877.7185038770604,441.2807532145103,1.3689,1.7428142930448816,8.700347734514084,1.0016666666666667
0.6794166666666667,2014,46.8374544,-56.2120555,-17637.72490530107,-2877.7173026459513,441.28173006304564,1.3689,1.679094563570588,8.697679732264463,0.9903622465935527
0.2355,1990,12.90447,-61.2765569,-18676.79234490662,-3409.5726871247894,2706.5749404767353,0.0,0.6463699890010164,11.630601828270652,1.0228380298153177
0.36775,1991,12.90447,-61.2765569,-18675.74257438645,-3409.620149898606,2706.3640877026314,0.0,0.6758992871503919,11.633194297361173,1.023939845306247
0.39675,1992,12.90447,-61.2765569,-18675.154679076335,-3409.613966995289,2706.1112266909736,0.0,0.6826421959147979,11.63709693991342,1.0267981812323226
0.4699166666666667,1993,12.90447,-61.2765569,-18674.92760689397,-3409.5286622563876,2705.8858013084932,0.0,0.7513217446110175,11.64062362733977,1.0283306853276684
0.43775,1994,12.90447,-61.2765569,-18674.458925354484,-3409.459963137293,2705.564268026034,0.0,0.8010145514289523,11.64345360233495,1.030092468865252
0.7605,1995,12.90447,-61.2765569,-18674.161026808513,-3409.3642912770038,2705.258082431085,0.0,1.2801557650582234,11.645478879530062,1.03185506833713
0.44075,1996,12.90447,-61.2765569,-18673.13729928256,-3409.4943744853704,2705.201867150458,0.0,1.2945627705202978,11.646503106525254,1.0335391349216234
0.6584166666666667,1997,12.90447,-61.2765569,-18673.548057235235,-3409.3132738574104,2705.066565702521,0.0,1.1687600485701914,11.646380604687572,1.035281755360832
1.1840833333333334,1998,12.90447,-61.2765569,-18674.116182675043,-3409.2805606350244,2705.3306927208882,0.0,1.7624851265240598,11.645400049369602,1.0370238201445268
0.5639166666666667,1999,12.90447,-61.2765569,-18672.417605940776,-3409.518920775143,2705.328020398068,0.0,1.7048753568672115,11.643901094412595,1.0383370585605722
0.4531666666666667,2000,12.90447,-61.2765569,-18667.95542103279,-3410.031280294603,2704.797331063548,0.0,1.5281627789691186,11.642303243269758,1.0392761153915069
0.7575833333333334,2001,12.90447,-61.2765569,-18667.764129584815,-3410.0472044550243,2704.874050188372,3.7462,1.9788888941235387,11.640799635647817,1.0402333931777379
0.6018333333333333,2002,12.90447,-61.2765569,-18666.671657849343,-3409.994931512616,2704.854207350227,3.7462,2.145252690183571,11.639108675713432,1.0409268354111574
0.89025,2003,12.90447,-61.2765569,-18667.039246596654,-3410.036080578647,2705.024382850003,3.7462,2.277503154626228,11.63608955231983,1.0418268796822818
0.4575833333333333,2004,12.90447,-61.2765569,-18666.344374758457,-3410.060092294667,2705.1926177373252,3.7462,2.4464689633226233,11.631668040121312,1.0431832202344231
0.9686666666666668,2005,12.90447,-61.2765569,-18665.908943681643,-3410.0905744783013,2705.3867098425085,3.7462,2.3807953535306057,11.626629079982305,1.0446739785024728
0.7678333333333334,2006,12.90447,-61.2765569,-18669.887944993665,-3409.619617692502,2706.0501337479095,3.7462,2.537902244439944,11.621115972421109,1.0458651586368977
0.62875,2007,12.90447,-61.2765569,-18665.068001329906,-3410.072317804918,2705.5275853110375,3.7462,2.745622119843288,11.615698636337715,1.0468758657628872
0.5169166666666667,2008,12.90447,-61.2765569,-18665.364209613515,-3410.1213949928288,2705.6093641602884,3.7462,2.1799314652377744,11.611095188742471,1.047762246848954
0.5559166666666666,2009,12.90447,-61.2765569,-18663.920247769907,-3410.081874476179,2705.7906832475232,3.7462,2.439700056949921,11.606770936248916,1.0484707198806416
1.1881666666666666,2010,12.90447,-61.2765569,-18664.15457176611,-3410.1553337714035,2705.797854327194,3.7462,2.056991412842244,11.60192486453281,1.0492304231266756
0.6733333333333333,2011,12.90447,-61.2765569,-18664.09142429644,-3410.1854584674306,2705.85573117308,6.5558,2.066824784068375,11.596365472204067,1.049975483724965
0.6181666666666666,2012,12.90447,-61.2765569,-18667.39746122805,-3409.7176030310534,2706.491668979982,6.5558,2.1357746150199968,11.590654729465733,1.0505217226332764
0.7095833333333333,2013,12.90447,-61.2765569,-18662.905523344587,-3410.27463484371,2706.202239112664,6.5558,2.0629055730397363,11.584780902070657,1.0506899249957058
0.67225,2014,12.90447,-61.2765569,-18666.202233990196,-3409.7434414714635,2706.8687030139686,6.5558,2.2363918702592467,11.579761345156482,1.0505188055006809
0.4270833333333333,1990,-13.7693895,-172.12005,-18393.419727180273,-3259.1679993544717,2127.6577945509116,104.8736,0.7944394320418177,12.032825788811877,1.1093120963190568
0.4368333333333333,1991,-13.7693895,-172.12005,-18393.429807075747,-3259.1906322898562,2127.80943292092,104.8736,0.8752603823161632,12.035883196198768,1.1074190203745113
0.32025,1992,-13.7693895,-172.12005,-18393.534171362633,-3259.2538773818274,2128.2536421860204,104.8736,0.9651951752277581,12.042370663560535,1.1048853958769789
-0.132,1993,-13.7693895,-172.12005,-18393.336797541757,-3259.169717730786,2127.9023446442566,104.8736,1.0323656428491834,12.051533556948668,1.1019306724235214
0.2421666666666666,1994,-13.7693895,-172.12005,-18393.19767691124,-3259.111483238949,2127.666795110851,104.8736,1.0470031549348795,12.061665179399235,1.0990808556045981
0.6807500000000001,1995,-13.7693895,-172.12005,-18393.338751845444,-3259.2132518192234,2128.233396475526,104.8736,1.0936667462750953,12.071981096047088,1.0963921850653242
0.72975,1996,-13.7693895,-172.12005,-18371.515850526102,-3258.963636014907,2111.384788344111,104.8736,1.1080014059647951,12.082282226625908,1.0937807319991943
0.2816666666666667,1997,-13.7693895,-172.12005,-18383.1804109567,-3276.794428161779,2162.9395494468604,104.8736,1.1342367996410385,12.092584747549505,1.091206165522734
0.833,1998,-13.7693895,-172.12005,-18383.06145122396,-3276.617545745783,2162.669303548872,104.8736,1.1574470743890022,12.102848734594868,1.0887079965725666
0.1697499999999999,1999,-13.7693895,-172.12005,-18383.068557720107,-3276.733174378062,2162.7333157474427,104.8736,1.2095870151104042,12.112920635201851,1.0864173498832044
0.5431666666666667,2000,-13.7693895,-172.12005,-18404.546228197618,-3276.9073979156938,2179.278878840366,104.8736,1.1509200682914544,12.12273451390684,1.0842026572428556
0.78775,2001,-13.7693895,-172.12005,-18403.536220479797,-3276.521234147237,2177.426577078123,104.8029,1.2809893994744672,12.130971873020924,1.082033441813489
1.1285,2002,-13.7693895,-172.12005,-18403.461797826858,-3276.4977367684537,2177.4308610801613,104.8029,1.4510281756864587,12.136883326177175,1.0793502239454509
0.5474166666666667,2003,-13.7693895,-172.12005,-18403.403303705967,-3276.468601356062,2177.2669239776005,104.8029,1.3643810078079994,12.141208738126899,1.0760812981115357
0.1949999999999999,2004,-13.7693895,-172.12005,-18403.32327018288,-3276.439240691673,2177.1204055905323,104.8029,1.4567295253357921,12.144585464316318,1.072840894061632
0.6349166666666667,2005,-13.7693895,-172.12005,-18403.056987573596,-3276.415148154027,2177.1002735474162,104.8029,1.4739617728716505,12.14751619607015,1.06973171668404
0.3126666666666666,2006,-13.7693895,-172.12005,-18403.07265726524,-3276.4292395079965,2177.1320925740238,104.8029,1.4399536044416377,12.151500296704452,1.066903867982188
0.9990833333333334,2007,-13.7693895,-172.12005,-18403.579134652853,-3276.6236977827734,2178.1431038827254,104.8029,1.509042826378944,12.157291981315616,1.0643769846860809
0.6065,2008,-13.7693895,-172.12005,-18403.80847797278,-3276.6999148203076,2178.440694471618,104.8029,1.4055576273007369,12.164135446066648,1.0620376741785653
1.2992,2009,-13.7693895,-172.12005,-18404.20978026356,-3276.7694651391653,2178.5622625454434,104.8029,1.4437610607682192,12.17135696944168,1.0599287679413083
1.195,2010,-13.7693895,-172.12005,-18403.53332996711,-3276.437545125774,2176.8939649688373,104.8029,1.5431485260928783,12.17907137002723,1.0579088131758936
0.7134166666666667,2011,-13.7693895,-172.12005,-18381.613276603166,-3275.9057881306553,2159.3029882783494,105.1845,1.3832146235929677,12.187659152939457,1.055880720784864
0.8525,2012,-13.7693895,-172.12005,-18403.089518096975,-3276.216589065382,2175.724116779847,105.1845,1.385293860786307,12.196648376282333,1.0539711172622566
1.2003333333333333,2013,-13.7693895,-172.12005,-18402.980025222143,-3276.171658848798,2175.414236128476,105.1845,1.5374691889170085,12.205767599008214,1.052150796990629
1.0471666666666666,2014,-13.7693895,-172.12005,-18402.91117484786,-3276.2124465570237,2175.5972557053865,105.1845,1.3169442829850975,12.214814325466929,1.0503658536585365
0.81,1990,43.9458623,12.458306,-17093.286913480202,-1453.7421101051564,-3316.9675038332184,0.0,1.2801168451415073,10.04901544850107,0.9595933926302415
-0.1339166666666666,1991,43.9458623,12.458306,-17088.24532483851,-1446.1680094711253,-3338.846586454452,0.0,1.3358428176237922,10.06296686708145,0.9585872923102613
0.7291666666666666,1992,43.9458623,12.458306,-17093.218686557273,-1453.7421081563266,-3316.973148288041,0.0,1.3358428176237924,10.077776937632818,0.9575727676369018
0.6050833333333333,1993,43.9458623,12.458306,-17130.126791182753,-1503.0208012656792,-3172.5773282653017,0.0,1.5278590254410727,10.093363833734193,0.9553650844990701
1.49825,1994,43.9458623,12.458306,-17125.828889120938,-1496.5070481058026,-3191.3916846620778,0.0,1.5278590254410724,10.107896705794088,0.9505525081485015
0.27475,1995,43.9458623,12.458306,-17119.396640728824,-1489.086834952368,-3212.872528739754,0.0,1.5248599359588026,10.122060675335577,0.9474137256436341
0.1298333333333333,1996,43.9458623,12.458306,-17119.01107341742,-1489.122805064777,-3212.7687218532724,0.0,1.465770754621669,10.135987198774362,0.9466944380158914
0.9998333333333332,1997,43.9458623,12.458306,-17123.64877527604,-1496.7311268589733,-3190.789507195383,0.0,1.678594503851546,10.150191368259351,0.9473524041387705
0.9085,1998,43.9458623,12.458306,-17122.66210714244,-1496.8283092390263,-3190.5046170621085,0.0,1.678594503851546,10.165736425730918,0.9504088828869383
0.9796666666666668,1999,43.9458623,12.458306,-17121.57145514817,-1496.7916017244818,-3190.613899404529,0.0,2.516439231000962,10.181270792808661,0.9546935149541013
1.56525,2000,43.9458623,12.458306,-17121.769541359292,-1496.6568647977024,-3191.003656346412,0.0,3.1030186335825207,10.196977725270886,0.9575244489855496
1.32325,2001,43.9458623,12.458306,-17120.469223863354,-1496.6880744732111,-3190.9104345342016,0.0,2.928727781073482,10.2159232113291,0.9585154402808627
1.4485,2002,43.9458623,12.458306,-17120.136668204606,-1496.632107327714,-3191.0680289959037,0.0,3.2641244872213453,10.238887786196006,0.9582720716936218
1.5624166666666666,2003,43.9458623,12.458306,-17119.237306676154,-1496.6429403019042,-3191.031854362048,0.0,2.2620588880570716,10.261196961231647,0.9585701568170923
0.9074166666666666,2004,43.9458623,12.458306,-17118.34388477223,-1496.6590058274314,-3190.95581298092,0.0,2.6204743011631164,10.278252874394655,0.9595204418401023
0.2019999999999999,2005,43.9458623,12.458306,-17112.89649040576,-1489.064617959305,-3212.880481117676,0.0,2.6292147643837387,10.292450580544786,0.9608611867898199
1.0913333333333333,2006,43.9458623,12.458306,-17118.98578709582,-1496.4715045966557,-3191.4893737534635,0.0,2.6050542949578412,10.307551679728665,0.9626572327044025
1.6011666666666666,2007,43.9458623,12.458306,-17118.30883588688,-1496.487581763511,-3191.424338114249,0.0,2.4621053309069576,10.321276410333125,0.9629031215665999
1.3373333333333337,2008,43.9458623,12.458306,-17119.022455924784,-1496.3672195842387,-3191.7586191267237,0.0,2.5357391713693973,10.332017933575289,0.9619120654396728
1.3710833333333332,2009,43.9458623,12.458306,-17120.559275197535,-1496.169245714049,-3192.32075596581,0.0,2.586122086463555,10.343676096702678,0.9611062002778129
0.6069166666666667,2010,43.9458623,12.458306,-17121.393991726658,-1497.422153938014,-3184.0745144888424,0.0,2.530700265294554,10.361133894030637,0.9586664187891182
1.4599166666666668,2011,43.9458623,12.458306,-17119.77071878204,-1495.3461724822598,-3197.463027213504,0.0,2.643635405643635,10.388872283820167,0.94995499549955
1.5014166666666666,2012,43.9458623,12.458306,-17120.55495372337,-1495.2369497393975,-3197.763343580081,0.0,1.261326199155856,10.408285043563778,0.9447672712331984
1.133,2013,43.9458623,12.458306,-17120.70843203291,-1495.1932883191432,-3197.874652805885,0.0,1.2423027362359995,10.412832080020321,0.946660428120248
1.6688333333333334,2014,43.9458623,12.458306,-17120.65868909781,-1495.175344699155,-3197.9142951882454,0.0,1.242302736235999,10.415981783402664,0.9471075344063448
0.156,1990,0.9713095,7.02255,-18683.22519434574,-3415.3917531052452,2721.337853105671,9.029,0.65617194443505,11.698101277830405,0.9887460338445268
0.249,1991,0.9713095,7.02255,-18683.126187385755,-3415.3639934528624,2721.2227003511643,9.029,0.65617194443505,11.720614203529568,0.9877745478036176
0.0717272727272727,1992,0.9713095,7.02255,-18683.143176443788,-3415.336040710425,2721.081962645522,9.029,0.65617194443505,11.741231666841102,0.9880854430379746
0.4023333333333334,1993,0.9713095,7.02255,-18683.21006958017,-3415.3215249490195,2720.9972446722904,9.029,0.65617194443505,11.76120640799469,0.9886127400788111
0.3047777777777777,1994,0.9713095,7.02255,-18683.13010906575,-3415.2940696613077,2720.9337989228834,9.029,0.877425155652288,11.780399728050659,0.9892518953810554
0.8702857142857142,1995,0.9713095,7.02255,-18683.094682235573,-3415.2798625863907,2720.888947395875,9.029,0.877425155652288,11.79868318704694,0.9898769382597904
0.1508333333333333,1996,0.9713095,7.02255,-18683.0394392079,-3415.257797264918,2720.822454035985,9.029,0.877425155652288,11.816084646668312,0.990635795663359
0.417,1997,0.9713095,7.02255,-18682.99972186013,-3415.2454767485974,2720.782400596171,9.029,0.877425155652288,11.832513098432994,0.9914356808055089
1.102818181818182,1998,0.9713095,7.02255,-18681.67678396167,-3415.3933430570955,2720.496616648259,9.029,0.877425155652288,11.847889421852063,0.9921192515426601
0.8135999999999999,1999,0.9713095,7.02255,-18681.52784167831,-3415.381676565082,2720.4578987828504,9.029,0.877425155652288,11.862222257164982,0.9928188985230259
0.4115833333333333,2000,0.9713095,7.02255,-18682.750228889236,-3415.1765994205343,2720.5446190145803,9.029,0.7500944610016954,11.875580492512961,0.9934252503675757
0.3559166666666666,2001,0.9713095,7.02255,-18682.078112626386,-3414.551462080051,2718.6873182834743,9.029,0.5371364385557877,11.893120627196557,0.9937973717214679
0.7631666666666667,2002,0.9713095,7.02255,-18681.575276014282,-3414.1515593742793,2717.517331587589,9.029,0.7042354775453659,11.917330010881072,0.9942902775004991
1.0538181818181818,2003,0.9713095,7.02255,-18681.201529692793,-3413.839372944523,2716.6409855415595,9.029,0.9161307190727895,11.943161231403604,0.9948106537278967
0.8245833333333333,2004,0.9713095,7.02255,-18680.806167065384,-3413.6551709124415,2716.190854253348,9.029,1.0575124777826839,11.968424408013082,0.9951417004048583
0.6281666666666667,2005,0.9713095,7.02255,-18680.510260739396,-3413.5089208586955,2715.821599717643,9.029,1.0575124777826839,11.993380537115279,0.9952980957904999
0.7328333333333333,2006,0.9713095,7.02255,-18680.372851396187,-3413.397903294103,2715.5374821004443,9.029,1.1371596982803487,12.018079032998763,0.9952804064629536
0.8733333333333334,2007,0.9713095,7.02255,-18680.154799137592,-3413.2960377134855,2715.2217213159765,9.029,1.1371596982803487,12.04264153541625,0.9952657299938913
0.7068333333333333,2008,0.9713095,7.02255,-18680.032204171395,-3413.201610521257,2714.9676170933603,9.029,1.2100642139622526,12.06683356643818,0.9953671849915141
0.9056666666666668,2009,0.9713095,7.02255,-18679.643658415018,-3413.122777200428,2714.7925972636403,9.029,1.2100642139622526,12.090257671968489,0.9954294932114531
1.0111666666666668,2010,0.9713095,7.02255,-18678.634324019862,-3413.1694236800795,2714.64158694452,9.029,0.9762563130415891,12.112525410824537,0.9953659578663687
0.7407499999999999,2011,0.9713095,7.02255,-18553.689550464427,-3412.3409220553262,2618.1989959156294,215.3074,1.0605988464698937,12.133743858917539,0.9958483522142122
0.8134166666666666,2012,0.9713095,7.02255,-18552.43955609565,-3412.4021990531014,2617.9018058048046,215.3074,1.0605988464698937,12.154379271121284,0.9964470046567365
0.8714166666666667,2013,0.9713095,7.02255,-18552.314491501416,-3412.345733780409,2617.641873808119,215.3074,1.1773618528996446,12.174360075595214,0.9967126280426225
0.8937499999999999,2014,0.9713095,7.02255,-18552.16472658314,-3412.2765643907974,2617.5509652408796,215.3074,1.161430581060261,12.193478673334528,0.9968757267221419
0.3241666666666666,1990,25.6242618,42.3528328,-3071.33385602036,-3396.6158597323724,2725.706919800373,0.0,7.923591116146203,16.588396860922522,1.3227269989645172
0.16925,1991,25.6242618,42.3528328,-3147.886341111574,-3302.0143482874732,2409.7320343507654,0.0,7.979862580033326,16.62817761828039,1.3281861712738703
-1.0646666666666669,1992,25.6242618,42.3528328,-1635.5858436185376,-3369.01997895802,2583.274831726448,0.0,7.448775824952558,16.665138385422733,1.3320286417695262
0.0653333333333333,1993,25.6242618,42.3528328,166.52280649305462,-3471.4017794650877,2895.0233787408324,0.0,6.995787035207764,16.69731572719431,1.3339442025684756
0.3848333333333333,1994,25.6242618,42.3528328,1199.1719372877692,-3494.1101144071267,2933.41319098862,0.0,6.95570074363622,16.72609482646324,1.3359647103560632
0.2691666666666666,1995,25.6242618,42.3528328,1751.2295414672924,-3508.3283198645313,2890.7425092489493,0.0,6.924165885364717,16.7540827294416,1.336961637362768
0.7735833333333333,1996,25.6242618,42.3528328,2834.1529611291803,-3554.7069502920813,3004.7272304820144,0.0,7.164840170513787,16.781313380594984,1.335964354251767
-0.1024166666666666,1997,25.6242618,42.3528328,2595.9166207837284,-3481.8483407846043,2692.3796274674346,0.0,7.57580899562155,16.80815692500273,1.335514612913753
1.2100833333333334,1998,25.6242618,42.3528328,3838.2938159641712,-3544.982832820866,2831.450450171842,0.0,7.742217126251428,16.83459698779988,1.335377491235453
1.3293333333333333,1999,25.6242618,42.3528328,3781.8057969955694,-3490.8072204300574,2633.2351346988003,0.0,6.721466952951809,16.86049288992013,1.3349172352354381
0.7635,2000,25.6242618,42.3528328,7579.931678473811,-3822.173785299057,3567.731902835963,0.0,7.825454362663155,16.88576520708075,1.3344591014959466
1.0575,2001,25.6242618,42.3528328,14615.53843810208,-4481.215700929197,5466.493030903715,0.0,7.864944392858949,16.910451312155594,1.3341474939434672
0.9108333333333332,2002,25.6242618,42.3528328,16774.389419855106,-4634.579114412028,5821.544083498472,0.0,7.716725718311845,16.93449598984766,1.3334340003451146
1.0511666666666668,2003,25.6242618,42.3528328,18809.853766068063,-4793.816171164783,6302.428541427102,0.0,7.654697071026107,16.95754196849518,1.3315877782947705
0.76175,2004,25.6242618,42.3528328,21423.044309135275,-5000.690350959293,6915.430334872997,0.0,6.7463435245750505,16.97937282948677,1.3261471103861218
0.8139166666666666,2005,25.6242618,42.3528328,24728.90271194329,-5276.804196819833,7704.5643368430865,0.0,7.04380920733649,17.009997128224416,1.3241597636901465
0.8616666666666667,2006,25.6242618,42.3528328,26812.8367601248,-5415.7129348152985,8082.132896176264,0.0,6.377247322684261,17.049585055626945,1.328322502078559
0.9531666666666668,2007,25.6242618,42.3528328,30851.104555263442,-5757.540477736569,9063.672847810472,0.0,5.7452815519042035,17.088877181749492,1.3328418472559886
0.8321666666666667,2008,25.6242618,42.3528328,35242.524904332575,-6143.142911269397,10238.75835443595,0.0,6.102407397501535,17.12741589115433,1.3376467815745672
1.1793333333333331,2009,25.6242618,42.3528328,39834.90859088302,-6528.008906407288,11182.201348083081,0.0,5.833831661433217,17.164845922143044,1.34247869311056
2.130333333333333,2010,25.6242618,42.3528328,46069.38727091894,-7143.9512405445985,13213.755533686895,0.0,6.746899859202171,17.196910864314837,1.3441739022318007
0.7666666666666666,2011,25.6242618,42.3528328,51640.68042926511,-7643.9312474857925,14636.777749274373,0.0,8.37795417669058,17.2217267907634,1.3419234830947158
1.38,2012,25.6242618,42.3528328,55854.843022365196,-7993.214935281197,15645.071473921775,0.0,8.158894117864165,17.243724451495964,1.33902908742894
1.13125,2013,25.6242618,42.3528328,58969.7277972295,-8269.597838513031,16422.704279059828,0.0,8.105781684470243,17.26494233033478,1.3366296643068432
1.4121666666666668,2014,25.6242618,42.3528328,62494.865798689476,-8616.25620795739,17633.89324251293,0.0,8.694178190750172,17.28516265744578,1.3344659442460112
1.1695833333333334,1990,14.4750607,-14.4529612,-18113.67685561278,-3093.03306045458,1575.8531937551252,4626.6,4.436973994824066,15.835202227934717,0.9885250824330086
0.87525,1991,14.4750607,-14.4529612,-18129.667631520293,-3074.8604778925733,1535.8080339826536,4626.6,4.531133903572291,15.863756796565234,0.9872919559459941
0.8456666666666667,1992,14.4750607,-14.4529612,-18074.48914920799,-3064.2472500415906,1496.9937022849322,4626.6,4.733901953819123,15.891761264339367,0.98620951092432
1.0458333333333334,1993,14.4750607,-14.4529612,-18062.079106113684,-3047.689221261574,1436.1485046941775,4626.6,4.826405517808999,15.919224135999816,0.9851919882698459
0.6390833333333333,1994,14.4750607,-14.4529612,-18043.278552670527,-3040.232496092843,1434.1025542038083,4626.6,4.819958932919548,15.945763790579333,0.9840811453315622
0.9130833333333334,1995,14.4750607,-14.4529612,-18012.694615267254,-3031.9020797833546,1405.6594765092188,4626.6,4.991319268390317,15.971065559462433,0.9826426783962253
1.29275,1996,14.4750607,-14.4529612,-17938.596883474038,-3009.986411750545,1359.6024273236114,4626.6,5.170467517629673,15.995184576859165,0.9808090444033454
1.314,1997,14.4750607,-14.4529612,-17915.391627232166,-2988.0240196351983,1319.105921219168,4626.6,4.925188510673338,16.018445356466973,0.9786821768973374
1.5729999999999995,1998,14.4750607,-14.4529612,-17837.629108567482,-2959.1191611508943,1322.2027698938853,4626.6,5.116847646837832,16.041379495835162,0.976541298633893
0.6034166666666666,1999,14.4750607,-14.4529612,-17790.511700582643,-2886.4138867711613,1169.9716279935112,4626.6,5.229780462520693,16.06454338596419,0.9747571961949747
0.8941666666666667,2000,14.4750607,-14.4529612,-17665.70706378704,-2940.668840906722,1228.8854877592914,4626.6,5.395807441381069,16.08807830460149,0.9733714574820573
1.3506666666666665,2001,14.4750607,-14.4529612,-17576.335034702897,-3013.4821010089786,1269.3862191379635,3947.02,5.381361258467114,16.111879067985146,0.9722557281191939
1.34825,2002,14.4750607,-14.4529612,-17523.029641663146,-3019.891874660066,1301.9191873528384,3947.02,5.408736913698746,16.13602878674568,0.9714169254959065
1.044,2003,14.4750607,-14.4529612,-17500.807145306982,-3007.811059273749,1266.8720796138673,3947.02,5.528772919899582,16.160628565020666,0.9706907434135006
1.2331666666666667,2004,14.4750607,-14.4529612,-17231.664242236584,-3024.8593958933066,1313.6419048928544,3947.02,5.61265427151832,16.185631955499822,0.9700201740016852
1.44175,2005,14.4750607,-14.4529612,-17121.49296433134,-3015.299915777469,1281.7444386366017,3947.02,5.681472105602448,16.211044590682704,0.9694712013442729
1.1793333333333331,2006,14.4750607,-14.4529612,-17033.270771162654,-3019.754672212221,1285.3153097450029,3947.02,5.3054156142740405,16.237067934734302,0.9689559647631399
1.2544166666666667,2007,14.4750607,-14.4529612,-16977.987507055725,-3020.7979909571673,1300.1057230103838,3947.02,5.486531942015339,16.26339596731784,0.9684258439356166
1.2984166666666666,2008,14.4750607,-14.4529612,-16963.655184362706,-2991.6784345343644,1200.4151806188322,3947.02,5.254558250405908,16.28977149267553,0.9678787820525995
0.72975,2009,14.4750607,-14.4529612,-16853.452742595196,-2987.520908139285,1171.9472343067048,3947.02,5.276289525298654,16.31653896765311,0.9673279152762044
1.4792500000000002,2010,14.4750607,-14.4529612,-16563.68722430274,-3004.3779707481713,1211.4443521665085,3947.02,5.7171362481463905,16.343646063456934,0.9667720781358133
1.04625,2011,14.4750607,-14.4529612,-16375.96828733968,-3032.982469983888,1286.536986366754,3986.4,5.74076703563762,16.370866351692914,0.9662079670646406
0.8647499999999999,2012,14.4750607,-14.4529612,-16371.81987375831,-3019.1749085784922,1248.781830120457,3986.4,5.703653132958591,16.39813599967166,0.965639496069711
1.1915833333333332,2013,14.4750607,-14.4529612,-16160.094623318646,-3035.7328622664936,1290.9336599978255,3986.4,5.7850843891959,16.425254194581978,0.964994204989447
1.1215,2014,14.4750607,-14.4529612,-16246.888589591897,-3012.715727424703,1212.93158500749,3986.4,5.842716828297442,16.452444778234202,0.9645627137311328
0.6054166666666667,2006,44.02432285,21.07657433209902,-10246.619148073954,-3632.147950727531,3146.6321673396087,0.0,6.0765218912182535,15.868966248055552,0.929623900152963
1.6715,2007,44.02432285,21.07657433209902,-9602.801063725712,-3703.8688481914614,3319.3923921609953,0.0,6.597179125611838,15.864257555191479,0.9286159619595372
1.6025,2008,44.02432285,21.07657433209902,-9057.600507236984,-3757.3597995050604,3523.714052064335,0.0,5.467525399029935,15.859686773623208,0.9276585824155307
1.357,2009,44.02432285,21.07657433209902,-9101.568498785064,-3748.746644393408,3525.7232854942304,0.0,5.850876025710488,15.85517578217133,0.9267089564993802
1.0204166666666663,2010,44.02432285,21.07657433209902,-8338.793945307345,-3814.521783281946,3619.2870464170855,0.0,5.600667583842608,15.850706020464452,0.9257260206004618
0.87575,2011,44.02432285,21.07657433209902,-7801.196935250201,-3865.71877402648,3739.690612626447,1853.4434,5.696221630038918,15.84640752406533,0.9248584944976397
1.4546666666666666,2012,44.02432285,21.07657433209902,-7518.417582516115,-3898.101753227275,3833.4222025377485,1853.4434,6.267952447957323,15.842519867439364,0.9240963550049298
1.5240833333333337,2013,44.02432285,21.07657433209902,-7172.797692461466,-3931.1873977065097,3949.5605688748083,1853.4434,6.381652383037338,15.8392642951045,0.9233491962866354
1.69975,2014,44.02432285,21.07657433209902,-7096.155658764018,-3938.3422355945436,4006.926243691485,1853.4434,6.153391413871201,15.836257801054439,0.9226937428781073
0.6655,1992,43.5284295,19.2256624,-15072.138861963336,-3381.9349695159194,2258.941971901196,0.0,6.325486033091623,15.963914570668972,0.9414522394216033
0.26275,1993,43.5284295,19.2256624,-16256.258790153115,-3258.135959967381,1894.9989826155754,0.0,6.509817261119073,15.965716201575873,0.9408330781079948
1.5500833333333333,1994,43.5284295,19.2256624,-16036.78599515809,-3283.777383277157,1976.2051038929978,0.0,6.1621626036645525,15.967379732246318,0.940221405210697
0.22625,1995,43.5284295,19.2256624,-15726.8238127504,-3235.758236130513,1820.1017262338007,0.0,6.124214572044266,15.968960638283056,0.9395738422597645
-0.2291666666666667,1996,43.5284295,19.2256624,-14723.648250587978,-3301.5403326515793,2022.1105601003328,0.0,6.124214572044266,15.970343622693825,0.9388404828373472
-0.0294166666666666,1997,43.5284295,19.2256624,-14100.753853307597,-3329.722358524204,2116.874493676947,0.0,6.124214572044266,15.97088622479357,0.9379862854371461
0.5575833333333333,1998,43.5284295,19.2256624,-14366.584215613302,-3306.857189467385,2263.3239159724203,0.0,6.124214572044266,15.969526962787269,0.9368146109667638
0.8989166666666666,1999,43.5284295,19.2256624,-14937.530726445886,-3242.908900660383,2081.5745144351195,0.0,6.1123448257958435,15.966512937747256,0.9353541777771374
1.5743333333333334,2000,43.5284295,19.2256624,-13993.24916277055,-3331.4721866444943,2364.8394123324974,0.0,6.325486033091623,15.963585389822784,0.9340449222880848
0.927,2001,43.5284295,19.2256624,-13242.638486131347,-3392.7806219737327,2555.7113149090305,0.0,6.409705232224306,15.961542186755324,0.9330503752115121
1.3696666666666666,2002,43.5284295,19.2256624,-12519.565655596452,-3453.0136616106533,2737.266302109396,0.0,6.4114340559789875,15.959920801678111,0.9321563866591888
0.7720833333333333,2003,43.5284295,19.2256624,-12456.044846193996,-3450.0764368976807,2731.5239911690173,0.0,6.291278949309054,15.957905067581283,0.9316695521421595
0.63,2004,43.5284295,19.2256624,-11507.565570585615,-3529.3975773790457,2939.5823340706656,0.0,6.2344637831343315,15.955098842588741,0.9315409765401115
-0.1216666666666667,2005,43.5284295,19.2256624,-10944.463638306204,-3591.8855183167575,3139.2316009763103,0.0,5.978572348702788,15.951311166313438,0.9312431775284673
0.26875,1990,-4.6574977,55.4540146,-18569.36350170356,-3268.78442876634,2287.0374287557247,0.0,1.255587547043436,11.171237650839744,1.0001970443349755
0.4032499999999999,1991,-4.6574977,55.4540146,-18569.154925883966,-3269.01011688958,2287.714382838641,0.0,1.8655364342239993,11.180984944594467,1.0025397002595517
0.1874166666666666,1992,-4.6574977,55.4540146,-18569.623180148938,-3269.1961906412994,2288.3181071721087,0.0,1.255587547043436,11.190196357440879,1.0041235401560857
0.2549166666666667,1993,-4.6574977,55.4540146,-18569.695108010288,-3269.400910673736,2288.8838663206275,0.0,1.7662536093750867,11.198776206303277,1.0050785110354672
0.4683333333333333,1994,-4.6574977,55.4540146,-18569.874061258055,-3269.5973541312787,2289.4328540477763,0.0,1.9525026563615067,11.20972358086041,1.0036630036630036
0.4395,1995,-4.6574977,55.4540146,-18570.03766085409,-3269.8099805234187,2290.0053770451545,0.0,1.7662536093750867,11.221703802219915,0.9986895592640137
0.1309166666666666,1996,-4.6574977,55.4540146,-18569.53711615296,-3269.347855719795,2288.718483690886,0.0,2.4616636110576007,11.232549967700885,0.9927727368643173
0.66725,1997,-4.6574977,55.4540146,-18569.436082139306,-3269.343858101754,2288.7421090131174,0.0,2.5568551491005844,11.245464233004894,0.9965043174288472
0.8694166666666666,1998,-4.6574977,55.4540146,-18569.22901231847,-3269.1805205240103,2288.414490805268,0.0,2.6011551753524325,11.260147108526327,1.004128819157721
0.3506666666666667,1999,-4.6574977,55.4540146,-18569.423135638892,-3269.719661532855,2290.221569549351,0.0,2.5568551491005844,11.275086969907266,1.0071544963845604
0.4041666666666666,2000,-4.6574977,55.4540146,-18608.99472239167,-3266.582599211413,2301.5099405195656,0.0,2.434113230442101,11.290531632546564,1.0112545847359695
0.73975,2001,-4.6574977,55.4540146,-18608.704186040883,-3266.76297154855,2302.098610356711,0.0,2.510273831553385,11.30543378159424,1.0152266640214265
0.5289166666666666,2002,-4.6574977,55.4540146,-18608.58454341123,-3267.0634932592397,2302.927766565814,0.0,2.6769791226138153,11.319753252152003,1.0181163855362696
0.6565833333333333,2003,-4.6574977,55.4540146,-18608.846283629493,-3265.992820268183,2299.478252625795,0.0,2.634848484841204,11.333703100713947,1.0223544781535783
0.3133333333333333,2004,-4.6574977,55.4540146,-18606.412722494482,-3266.129091981802,2300.3920859725386,0.0,2.461211456276465,11.34703615623758,1.0282519692580268
0.4784166666666666,2005,-4.6574977,55.4540146,-18609.967321176326,-3269.6426407673453,2310.4448360480505,0.0,2.356448082884197,11.360741183846496,1.0336482678601027
0.582,2006,-4.6574977,55.4540146,-18608.35330390439,-3268.39879292043,2306.6165742616486,0.0,1.7662536093750867,11.37472031017221,1.039052256976962
0.8215833333333333,2007,-4.6574977,55.4540146,-18607.499225913212,-3267.9851365025593,2305.431406227441,0.0,1.7662536093750867,11.38876715034044,1.044679028636248
0.48075,2008,-4.6574977,55.4540146,-18608.729810817156,-3269.215100742455,2309.064635947056,0.0,1.7662536093750867,11.403612705029527,1.05071601775175
0.8768333333333334,2009,-4.6574977,55.4540146,-18608.47744497555,-3269.536647938916,2309.8414775911997,0.0,2.584872641128519,11.418955386828427,1.0571047636265027
0.9705,2010,-4.6574977,55.4540146,-18608.56284664847,-3269.7186411580346,2310.3701727370512,0.0,3.0865185997819538,11.433979655483853,1.064313637886742
0.9896666666666666,2011,-4.6574977,55.4540146,-18608.874639457757,-3269.9006765699287,2310.907703115185,0.0,2.6031192228096294,11.449197282086578,1.0723120416997969
0.891,2012,-4.6574977,55.4540146,-18608.76598583404,-3270.1563300775165,2311.7329406693984,0.0,2.7242384612987345,11.46489001593167,1.080050631806377
0.7340833333333333,2013,-4.6574977,55.4540146,-18608.445776347944,-3270.345632416413,2312.334484064333,0.0,2.3614670207302684,11.479513448624987,1.0868720870015536
0.8617499999999999,2014,-4.6574977,55.4540146,-18609.704675912646,-3270.4246809640526,2313.45205261231,0.0,2.772844939413358,11.49272275765271,1.0919608931392222
0.5692499999999999,1990,8.6400349,-11.8400269,-18512.76384608188,-3196.898395065012,2074.332964443008,3365.2117,2.4993846689686534,15.280012405306985,0.9828550000595949
0.5385833333333333,1991,8.6400349,-11.8400269,-18516.144002636804,-3203.613929480133,2093.6539259997076,3365.2117,2.897093560323382,15.292141386827279,0.9837086662229397
0.3211666666666666,1992,8.6400349,-11.8400269,-18521.072710011907,-3209.942973043488,2110.2650036111404,3365.2117,2.945722365799711,15.27448993288411,0.9844517181167494
0.5075,1993,8.6400349,-11.8400269,-18514.088215729484,-3199.7128398284462,2079.3520279990266,3365.2117,2.760990471812704,15.273122519626694,0.9851532505078774
0.45825,1994,8.6400349,-11.8400269,-18525.700443606875,-3218.264868774496,2130.345714842079,3365.2117,2.699634891500863,15.277596758451699,0.9857841127219995
0.5255833333333334,1995,8.6400349,-11.8400269,-18539.090323073207,-3238.1382784350653,2188.4993957449424,3365.2117,2.304702848965047,15.279726147241306,0.9861589184352697
0.5980833333333333,1996,8.6400349,-11.8400269,-18536.37108032913,-3232.7849832288784,2180.720699968506,3365.2117,2.0534568447078425,15.285081622520826,0.9866852690251081
0.7834166666666667,1997,8.6400349,-11.8400269,-18530.605074670195,-3222.0276621156395,2155.9961551836536,3365.2117,2.000858185301677,15.298257173745382,0.9874715642226712
0.87975,1998,8.6400349,-11.8400269,-18537.68867490726,-3226.516231601975,2185.3731091991735,3365.2117,1.8137492454529742,15.308409036149113,0.9876865476638745
0.833125,1999,8.6400349,-11.8400269,-18555.775107635087,-3257.0763396633333,2267.8074861290147,3365.2117,1.7316909427619356,15.314049311400789,0.986478622409505
1.2965,2000,8.6400349,-11.8400269,-18563.299951641,-3268.341667698336,2300.580966271862,3365.2117,2.4694460820923863,15.338097153325746,0.9860041608431903
0.8154999999999999,2001,8.6400349,-11.8400269,-18534.538755949106,-3233.3127563310304,2184.3978971258643,3459.5,2.6592800367327807,15.395951286419766,0.9871201809605984
1.0262727272727272,2002,8.6400349,-11.8400269,-18501.07088390041,-3186.8996676666134,2048.96491720484,3459.5,2.8681715921335114,15.452585621625492,0.9883036931735762
0.8201666666666667,2003,8.6400349,-11.8400269,-18491.524295714353,-3173.5190069823075,2011.4975235503791,3459.5,3.0024446947635646,15.49277682409761,0.9895941433313242
1.0760833333333333,2004,8.6400349,-11.8400269,-18460.419423900526,-3133.1214739505613,1891.919670991093,3459.5,3.123232389540422,15.526300181525825,0.9909203168300302
1.2080833333333334,2005,8.6400349,-11.8400269,-18426.771632699445,-3090.9707787340403,1763.1708999779014,3459.5,3.038192924742755,15.553048590327736,0.9923039818498207
1.06125,2006,8.6400349,-11.8400269,-18396.831781926176,-3050.5800960207853,1638.4543106063882,3459.5,3.672539175963268,15.575052057496833,0.99373955047481
0.8033333333333333,2007,8.6400349,-11.8400269,-18468.557372247495,-3163.785992218099,1962.1109774010395,3459.5,3.5844934634523375,15.59707894069318,0.9950948693650372
1.259,2008,8.6400349,-11.8400269,-18451.43389897982,-3146.366596585134,1905.5492325732341,3459.5,3.5759598851074457,15.622300009003311,0.9962666241905448
0.8769999999999999,2009,8.6400349,-11.8400269,-18438.217641726256,-3132.6675040089417,1856.843224966543,3459.5,3.6119309128996835,15.649665503141144,0.9973363921642452
1.434,2010,8.6400349,-11.8400269,-18420.743447757774,-3112.567907264299,1794.1065659144037,3459.5,3.769322850731704,15.677526233668809,0.9983104993061311
1.02425,2011,8.6400349,-11.8400269,-18402.494400064003,-3088.938697689861,1719.5255459700008,3459.5,4.016159572366234,15.704454963693113,0.9991997015282769
0.6366666666666666,2012,8.6400349,-11.8400269,-18369.462537733172,-3043.3406180992333,1581.0647849426566,3459.5,4.146388158396189,15.730753525037812,1.0000170876463683
1.038,2013,8.6400349,-11.8400269,-18374.41407625093,-3057.405269773151,1618.910233430447,3459.5,4.442275891932208,15.756387777335664,1.000732515711744
1.0055833333333333,2014,8.6400349,-11.8400269,-18353.519906979564,-3027.8113982925533,1535.5387291602149,3459.5,4.6320915326168075,15.781319688216998,1.0013694326159834
0.8594999999999999,1990,1.357107,103.8194992,-14576.006340606826,-3634.5612158561507,3427.4049726668995,0.0,5.239258948843376,14.921498909804182,1.0052629518577916
0.0167919603735603,1991,1.357107,103.8194992,-13808.452286850348,-3710.9555410022767,3655.737662784847,0.0,5.254236839606183,14.953542578441677,1.0077960330757174
-0.5,1992,1.357107,103.8194992,-13166.989019463956,-3771.3466454827862,3827.8949368571266,0.0,5.5056466895182865,14.987444867149875,1.012304222669092
0.423625,1993,1.357107,103.8194992,-12722.908235713776,-3812.550663483797,3943.433696074754,0.0,6.032316477180164,15.019722633662532,1.0165411569314216
0.7142222222222222,1994,1.357107,103.8194992,-15377.403083373367,-3546.7896503387824,3186.8908981872787,0.0,4.671764155743076,15.050579041184012,1.0205711236847037
0.49,1995,1.357107,103.8194992,-14884.871042084033,-3592.4003928590155,3316.260461363714,0.0,6.459529704981522,15.080731319204716,1.0247729191924848
0.3382222222222222,1996,1.357107,103.8194992,-14208.029713315127,-3648.3705834680995,3476.0613737898902,0.0,6.079266290842179,15.110758959555643,1.0294562391043036
0.9759,1997,1.357107,103.8194992,-13323.578712864613,-3734.3017469844904,3724.0555660224663,0.0,5.8349195030771925,15.140102372765801,1.0342704506212108
0.6798,1998,1.357107,103.8194992,-11960.834758573212,-3873.450071097948,4121.664588882221,0.0,6.229562797402133,15.167806466161984,1.0388577141944089
0.3777142857142857,1999,1.357107,103.8194992,-12444.785820183157,-3821.225700546005,3975.9276224638566,0.0,6.334152497522396,15.19338986159549,1.0432255146593699
0.3346666666666666,2000,1.357107,103.8194992,-7317.200458779998,-4331.138475975752,5386.6742442968525,0.0,5.313446541237387,15.215116673226452,1.0448524348688044
0.47825,2001,1.357107,103.8194992,-5479.630476142671,-4511.294888710171,5890.376731367272,0.0,6.830189183637623,15.23168842588503,1.0412657484283148
0.80975,2002,1.357107,103.8194992,-11807.496088178712,-3878.9088701924093,4175.261750154339,0.0,6.379162686560272,15.245054524571032,1.0350729997247132
0.7916666666666666,2003,1.357107,103.8194992,-11018.21652219244,-3965.5387194733853,4430.7050148097105,0.0,6.826239580323175,15.256864200731355,1.0289083993688244
0.6354,2004,1.357107,103.8194992,-10386.416000631601,-4032.7204640945033,4623.380969939541,0.0,6.76564163251733,15.26721829180247,1.022708574010683
0.1403333333333333,2005,1.357107,103.8194992,-10474.952855309275,-4028.828672437344,4617.536546159184,0.0,6.836596771339947,15.284452999056612,1.0220352724459962
1.0008,2006,1.357107,103.8194992,-10059.804971343045,-4066.7530071601677,4762.655695291997,0.0,7.030373822481363,15.316601945493405,1.0319641775849036
0.278,2007,1.357107,103.8194992,-9453.015536118719,-4127.07094903363,4931.117348540263,0.0,6.445766675430674,15.355224260119819,1.0463257012440084
0.2606666666666666,2008,1.357107,103.8194992,-9972.657804633138,-4073.2032234248186,4785.702658270494,0.0,6.496434841844237,15.392095058887,1.0598086725299782
0.9351666666666666,2009,1.357107,103.8194992,-9976.66812683712,-4073.0802802431986,4763.799069720874,0.0,6.946441426203584,15.427086982151259,1.0724648650750221
1.1035,2010,1.357107,103.8194992,-7782.758171683596,-4286.284154656919,5332.961240529097,0.0,7.557511010549166,15.45714243831573,1.0820864618527286
0.7137272727272728,2011,1.357107,103.8194992,-7870.024629390111,-4275.012510034718,5301.230472065396,61.3164,7.025383707131841,15.479691168745791,1.0866448414909076
0.8160000000000001,2012,1.357107,103.8194992,-8780.05112292982,-4186.437039811042,5069.883186573012,61.3164,6.6384820786872,15.498385531827534,1.0887125761286842
1.2336666666666667,2013,1.357107,103.8194992,-5961.138197247866,-4462.6941676608185,5808.809181674966,61.3164,6.611429530698242,15.516260486368841,1.090683155854733
1.290166666666667,2014,1.357107,103.8194992,-5080.714143473798,-4550.2940411759555,6040.82994251599,61.3164,6.255788428732508,15.53299555399859,1.092569267392401
0.2736666666666666,1993,48.7411522,19.4528646,-15066.466240407068,-3395.4336441173455,2649.3914887034134,449.1379,6.918092069803496,15.487333236369482,0.951014741513026
1.6109166666666666,1994,48.7411522,19.4528646,-14606.258038010574,-3406.1061185469307,2724.7216875148943,449.1379,6.474754058116128,15.490513526968114,0.9501508598647009
0.48,1995,48.7411522,19.4528646,-14474.305737405573,-3440.9553202809007,2793.5701511808065,449.1379,6.376051719983559,15.492606371208359,0.9492999457474806
-0.5621666666666666,1996,48.7411522,19.4528646,-14278.437576553319,-3479.028164811763,2890.2866207992133,449.1379,6.2832931358664394,15.494155265668669,0.9485473777305193
0.13325,1997,48.7411522,19.4528646,-14119.428139812615,-3479.7085596580805,2877.44457142416,449.1379,6.253568585411889,15.495561628511698,0.9478344266502394
0.6481666666666667,1998,48.7411522,19.4528646,-13801.293471305204,-3517.738264452277,3031.8396020721025,449.1379,6.224802953832239,15.496539563582106,0.9469640536558046
1.00575,1999,48.7411522,19.4528646,-13900.264596694373,-3515.062811881711,3048.4263030183834,449.1379,6.131651399196221,15.497198431804383,0.9459343208878868
1.81875,2000,48.7411522,19.4528646,-14124.23403889312,-3503.13584706239,3034.922325340421,449.1379,6.049594530488023,15.49758331517543,0.944938454348276
0.6942499999999999,2001,48.7411522,19.4528646,-14043.656781081532,-3489.40168399726,2997.230118885316,428.4201,5.974533777079246,15.497539793020414,0.9445541539265023
1.5649166666666667,2002,48.7411522,19.4528646,-14057.042652997214,-3471.752581438786,2928.418542879518,428.4201,5.7246733984317695,15.49730727078559,0.9446654344289251
0.8666666666666667,2003,48.7411522,19.4528646,-14155.211618610414,-3473.475159368464,2935.5218409621257,428.4201,5.829367881385486,15.497152846147298,0.944750011760321
0.5550833333333333,2004,48.7411522,19.4528646,-13471.778259492932,-3550.795796384612,3177.4573735222593,428.4201,5.930357730929529,15.497256108637384,0.9450275582330742
0.29225,2005,48.7411522,19.4528646,-13564.684278827124,-3496.3400797288396,3025.0152648835146,428.4201,5.982496958205719,15.497500175052936,0.9454157415260984
0.8898333333333334,2006,48.7411522,19.4528646,-13208.56599246514,-3531.668670066612,3137.839895274383,428.4201,5.864936856916045,15.497684859504824,0.9457433793519948
1.8878333333333333,2007,48.7411522,19.4528646,-13179.7788102851,-3614.7383564096817,3387.7529740245473,428.4201,5.813939767362027,15.497898143411149,0.9460823672059564
1.7269166666666669,2008,48.7411522,19.4528646,-13086.583319000676,-3553.9761558306127,3223.700127468601,428.4201,5.868490090564822,15.498502975131542,0.9464230881212058
1.36,2009,48.7411522,19.4528646,-13142.606184139602,-3608.568045561119,3393.22402038091,428.4201,5.761554089338967,15.499856850711433,0.9470228464855202
0.4250833333333333,2010,48.7411522,19.4528646,-12406.413562401209,-3682.335429131309,3617.012243545178,428.4201,5.829938359972521,15.501247069946293,0.9477456146683029
1.24,2011,48.7411522,19.4528646,-12048.945481070978,-3713.246862995704,3698.8153513947677,125.994,5.876162556113333,15.502405684716525,0.9484655691187243
1.2935,2012,48.7411522,19.4528646,-12284.654926752644,-3701.7512549002427,3660.9097410734144,125.994,5.829484589985557,15.503627109691973,0.9492841467237956
1.2075833333333332,2013,48.7411522,19.4528646,-12361.854281381655,-3700.5944766467383,3664.1879148946223,125.994,5.846959448732212,15.504635237809614,0.9498962345922864
2.4185,2014,48.7411522,19.4528646,-12482.299159759044,-3646.2104554145762,3505.545965853722,125.994,5.891511330069204,15.50552684995872,0.9503755491265617
1.3036666666666668,1992,46.1199444,14.8153333,-15471.479814219128,-3639.8549451652075,3576.4211921122965,0.0,4.97868149948205,14.504318336925122,0.9336627087241753
0.6669166666666667,1993,46.1199444,14.8153333,-15844.487414149224,-3598.9479452019673,3455.255704747035,0.0,5.2019920216379365,14.504491572092293,0.9354354398127228
1.8849166666666664,1994,46.1199444,14.8153333,-15781.824110990623,-3606.3696304228692,3482.2247856982854,0.0,5.276363637290085,14.50437257029131,0.9372156479360308
0.6509166666666667,1995,46.1199444,14.8153333,-16644.09765499159,-3446.703659259787,3016.3700684749274,0.0,5.418830893240775,14.50420082120726,0.9390257084955188
-0.2495833333333333,1996,46.1199444,14.8153333,-16634.715402891135,-3484.798428366831,3129.446046782713,0.0,5.605637346848141,14.503979814076871,0.9407745096796648
0.749,1997,46.1199444,14.8153333,-16754.248137273156,-3433.0688412694412,2975.2370454742413,0.0,5.619452590159012,14.50355926336027,0.9424582701654746
1.0424166666666668,1998,46.1199444,14.8153333,-16785.279336510925,-3418.894328775325,2931.5283645628174,0.0,5.581702219161935,14.502779998403946,0.9441867878386082
1.0428333333333333,1999,46.1199444,14.8153333,-16867.31823343959,-3381.590543592339,2879.4280626213945,0.0,5.579829066344754,14.501764534891988,0.9458820025647783
2.0218333333333334,2000,46.1199444,14.8153333,-16849.35100966181,-3377.7399393257742,2863.5134328577437,0.0,5.582366347307352,14.500796419166347,0.9474236375270375
1.22325,2001,46.1199444,14.8153333,-16876.013627438875,-3440.6722920867446,3044.9593906003147,228.0502,5.568967973485587,14.499862675092592,0.9487751388726422
1.8098333333333327,2002,46.1199444,14.8153333,-16931.589662937153,-3433.9672021027595,3026.8193380223634,228.0502,5.555488941540007,14.500508120414267,0.9506469651782387
1.440416666666667,2003,46.1199444,14.8153333,-16804.233118673787,-3443.6601509233633,3048.499050734728,228.0502,5.595491372725866,14.503349172990482,0.9533291047765673
0.7163333333333334,2004,46.1199444,14.8153333,-16692.092097437435,-3460.4281529674436,3099.8894392783864,228.0502,5.529229067508756,14.507016893073315,0.9562079336932136
0.3534166666666666,2005,46.1199444,14.8153333,-16597.81228616888,-3468.9150121197185,3125.9836895633725,228.0502,5.5430638843591336,14.511044388208743,0.9593629267215218
1.1385,2006,46.1199444,14.8153333,-16570.927915845303,-3472.1559144311937,3128.9082540360478,228.0502,5.556709521855435,14.515419824003342,0.9626452438576262
1.8946666666666667,2007,46.1199444,14.8153333,-16544.514484634823,-3473.10685250838,3139.0210769141013,228.0502,5.5430631014558625,14.520205307963913,0.9658077554629279
1.723,2008,46.1199444,14.8153333,-16547.744024534568,-3429.75264332416,3024.913023543524,228.0502,5.570261748641457,14.52553157128181,0.9690513667930943
1.5850833333333334,2009,46.1199444,14.8153333,-16827.33478415149,-3405.4278459661664,2962.197553730718,228.0502,5.426412383825682,14.53119094811051,0.9726187238786251
0.5842499999999999,2010,46.1199444,14.8153333,-16826.658761092353,-3405.362773684925,2961.998674473123,228.0502,5.441723097039324,14.536899168557545,0.9763068504941517
1.6569166666666666,2011,46.1199444,14.8153333,-16796.75367439985,-3408.114396315195,2974.3817866763793,2315.8524,5.410734028945695,14.540860130779137,0.9785567654195393
1.7556666666666667,2012,46.1199444,14.8153333,-16739.636657728246,-3419.0759012217445,3009.1999690297475,2315.8524,5.456811457237785,14.542747039240613,0.9795705765027192
1.42875,2013,46.1199444,14.8153333,-16636.555990529003,-3434.259893095145,3053.464647897008,2315.8524,5.441720931030798,14.544205850541767,0.980507193330186
2.430083333333333,2014,46.1199444,14.8153333,-16590.437312679252,-3440.4196781600936,3070.7489170964736,2315.8524,5.499581703951756,14.54543122889981,0.9814490661028619
0.4465,1990,-8.7053941,159.1070693851845,-18162.24311310674,-3457.23435489408,2434.3132308193226,229.0904,2.356448082884197,12.68902334853011,1.0835020470598822
0.3828181818181818,1991,-8.7053941,159.1070693851845,-18163.094404473683,-3456.683631816272,2433.447986908638,229.0904,2.356448082884197,12.718755543494177,1.0810411655470669
0.4554166666666666,1992,-8.7053941,159.1070693851845,-18162.860564264287,-3456.6669363951687,2433.448636624469,229.0904,2.3768666215145613,12.748149812799769,1.0789029867437179
0.0631,1993,-8.7053941,159.1070693851845,-18162.912793404415,-3456.6183365169463,2433.1505258905577,229.0904,2.3950001769588223,12.777295100464396,1.0770674706993442
0.0676666666666666,1994,-8.7053941,159.1070693851845,-18162.64988085143,-3456.606778724732,2433.268534820997,229.0904,2.415511911849256,12.806295547757891,1.0754851273174508
0.6573333333333333,1995,-8.7053941,159.1070693851845,-18162.363684784515,-3456.583580860683,2433.2784978924306,229.0904,2.43560260360382,12.835185177987206,1.0740935249014611
0.3633333333333333,1996,-8.7053941,159.1070693851845,-18162.001704996717,-3456.5947094993157,2433.405565405117,229.0904,2.455846806379125,12.863771388948617,1.0728536912751678
0.3102499999999999,1997,-8.7053941,159.1070693851845,-18102.497204634306,-3456.193301941505,2387.7467664642054,229.0904,2.4759584000171664,12.891817496323357,1.0717777998090239
0.6446363636363637,1998,-8.7053941,159.1070693851845,-18057.370602304454,-3456.1604654584066,2353.5760549546735,229.0904,2.4940150421519913,12.919377782406327,1.070876968663744
0.1878333333333333,1999,-8.7053941,159.1070693851845,-18057.00046206048,-3455.5616744278827,2351.887253528785,229.0904,2.5141498682576415,12.946174974313822,1.0703533966773997
0.5067142857142858,2000,-8.7053941,159.1070693851845,-18056.37351371604,-3455.2522194971716,2351.1703322666935,229.0904,2.5341490926163996,12.971489323570188,1.0690919590010106
0.6407581988699489,2001,-8.7053941,159.1070693851845,-18056.261009077025,-3455.8823811420543,2353.1598179353823,188.9268,2.5544638064805487,12.995427330451044,1.0668446939120313
-0.0385,2002,-8.7053941,159.1070693851845,-18055.66647161169,-3455.746564775341,2353.0013697942204,188.9268,2.574404516232292,13.018690326066286,1.06471353450961
0.6241111111111111,2003,-8.7053941,159.1070693851845,-18054.958101879074,-3455.5077897285223,2352.512398783217,188.9268,2.5944334743152426,13.041623927061982,1.0626878354203935
0.8401818181818181,2004,-8.7053941,159.1070693851845,-18054.020005950315,-3455.146552480331,2351.667615548156,188.9268,2.6142961432451877,13.064278652317617,1.0607994478733953
0.7379,2005,-8.7053941,159.1070693851845,-18053.081699947976,-3454.8311558716946,2351.0158452724922,188.9268,2.6340088933930312,13.086707183796177,1.0590110485684656
0.5008181818181818,2006,-8.7053941,159.1070693851845,-18052.61908844268,-3454.7790736651345,2350.9260139276857,188.9268,2.654009275782489,13.109136283823235,1.0573213087003472
0.9254166666666668,2007,-8.7053941,159.1070693851845,-18052.174364871636,-3454.734618196439,2350.82960514692,188.9268,2.6736174738950225,13.13156094975837,1.0557968239483098
0.3183333333333333,2008,-8.7053941,159.1070693851845,-18054.637002243056,-3454.4491378591865,2352.3632097274026,188.9268,2.693491400881079,13.153863982446317,1.0543730989122992
0.287,2009,-8.7053941,159.1070693851845,-18054.431545760162,-3454.344924057255,2352.170127727988,188.9268,2.7133826250913318,13.176537119316869,1.0530459202327518
0.7765,2010,-8.7053941,159.1070693851845,-18054.25185588283,-3454.051591814319,2351.398169662548,188.9268,2.7329054021003865,13.200051931616409,1.051847408009295
0.7293000000000001,2011,-8.7053941,159.1070693851845,-18113.083743979365,-3455.001974396126,2400.8371009259818,184.5787,2.7526665878029077,13.224416228766955,1.0507653505279493
0.8626999999999999,2012,-8.7053941,159.1070693851845,-18112.798717582948,-3454.852853839386,2400.4355454599818,184.5787,2.772244913144207,13.249457595807849,1.0497933101070456
0.8079999999999999,2013,-8.7053941,159.1070693851845,-18112.156938764205,-3454.599130830447,2399.8993579228513,184.5787,2.7918397268318933,13.274850960767287,1.048961382571493
0.7563333333333334,2014,-8.7053941,159.1070693851845,-18111.800417267354,-3454.498260487986,2399.4450708285244,184.5787,2.8114367698080223,13.300302009869434,1.0482633293331047
0.0523333333333333,1990,8.3676771,49.083416,-17765.25119911786,-3051.6611572232273,639.429122882738,17352.1517,2.9070376625386607,15.761291555822789,0.9958640355880004
0.2971666666666666,1991,8.3676771,49.083416,-17800.94472162091,-3092.3205303539185,806.5032617065468,17352.1517,2.700474914264473,15.72248695840233,0.9936616333827156
0.5511666666666667,1992,8.3676771,49.083416,-18261.16479385906,-3113.5561465625874,1225.7905069882595,17352.1517,3.0475084513345876,15.676196096448061,0.9919425411022748
0.1349166666666666,1993,8.3676771,49.083416,-17987.167345114813,-3101.6537193737677,918.5849573300746,17352.1517,3.003630996347346,15.705716042696258,0.9921571211624732
0.4225,1994,8.3676771,49.083416,-17923.094644075038,-3091.948991815411,789.9079921388694,17352.1517,2.9318068977377365,15.755665463043263,0.9932888097281758
0.5580833333333334,1995,8.3676771,49.083416,-17918.930016810238,-3092.7132764471553,765.5013819774183,17352.1517,2.7050590654461817,15.791108627138652,0.9943559545965076
0.592,1996,8.3676771,49.083416,-17924.40370596574,-3093.5230493911863,747.9055027886853,17352.1517,2.934611903874888,15.826733481916774,0.9953371948829305
0.3519166666666666,1997,8.3676771,49.083416,-17920.744134289816,-3094.6256533390083,733.5131772881554,17352.1517,2.5774022663620695,15.861177091685573,0.9963316884609249
0.665,1998,8.3676771,49.083416,-17931.230655223608,-3103.8743426871515,776.5173431164768,17352.1517,2.5094529102060004,15.902034708649387,0.997316702707567
0.3141666666666666,1999,8.3676771,49.083416,-17935.146211453924,-3109.3255500538444,797.6032396027007,17352.1517,2.568251591388146,15.941892935812529,0.9982373428778025
0.5734166666666667,2000,8.3676771,49.083416,-17932.709615347507,-3109.964877827878,790.1616703490033,17352.1517,2.576703087868283,15.981297786361129,0.9991099495401214
0.8152499999999999,2001,8.3676771,49.083416,-17926.030437775775,-3108.13003514053,765.2762480179051,17352.1517,2.652720702012908,16.02056517812665,0.9999362807070769
0.8180833333333334,2002,8.3676771,49.083416,-17922.334274196026,-3107.1823089949676,752.8163387887105,17352.1517,2.6316873809961954,16.057400720420286,1.000710264566642
0.9495833333333332,2003,8.3676771,49.083416,-17922.525475604365,-3108.1803053139856,751.1720558165217,17352.1517,2.5963138473621314,16.093626713350833,1.0014053326343588
0.5223333333333333,2004,8.3676771,49.083416,-17915.024975163087,-3105.4889091837163,728.4523121135417,17352.1517,2.5813828162322947,16.129762725185735,1.0020037145694152
1.0863333333333334,2005,8.3676771,49.083416,-17907.759697605597,-3102.4237338354565,700.8322051989863,17352.1517,2.665421019046251,16.163765905648628,1.0025644047458706
0.8335833333333333,2006,8.3676771,49.083416,-17933.9436047522,-3119.6385453904827,809.5809992072832,17352.1517,2.6448334726782976,16.19366433432521,1.00306840760399
0.9108333333333332,2007,8.3676771,49.083416,-17959.585623083,-3136.800211228322,919.226856117426,17352.1517,3.359833573720848,16.224084249330897,1.0034702744450452
0.7435,2008,8.3676771,49.083416,-17960.404169804464,-3138.4412984842393,925.6680704718933,17352.1517,2.9875589628648296,16.253052152632385,1.0038108731217015
1.3873333333333333,2009,8.3676771,49.083416,-17961.28896387513,-3140.0048493712015,931.7127966850904,17352.1517,2.895077335944483,16.277663374929883,1.0042006066916511
1.038166666666667,2010,8.3676771,49.083416,-17958.41720274015,-3138.443915757659,921.9695242690185,17352.1517,2.7745680121525216,16.302635578680313,1.0044262993983712
0.9191666666666666,2011,8.3676771,49.083416,-17956.067665799954,-3137.5066968296023,913.2883114339958,17352.1517,2.530397727156518,16.3183257220871,1.0045690406556997
1.1535833333333334,2012,8.3676771,49.083416,-17952.567823689486,-3135.6281196294217,901.507750482055,17352.1517,2.7441506667269326,16.336453850719725,1.0047639291183041
0.92325,2013,8.3676771,49.083416,-17923.08734102929,-3104.8653460925,809.5064903952289,17352.1517,2.699890333080074,16.369047813628963,1.0049094400801684
1.1715833333333332,2014,8.3676771,49.083416,-17904.947747021866,-3086.639254744869,751.7962233922103,17352.1517,3.3798068943832935,16.403968713137242,1.0050215797013264
0.3086666666666666,1990,-28.8166236,24.991639,-3810.6047431303214,-2464.1305346804425,-1507.4253508453041,6626.62,7.647074150882748,17.50132456840304,0.9495306737109568
0.3593333333333333,1991,-28.8166236,24.991639,-4356.150478244634,-2348.7844587029845,-1815.4670326667353,6626.62,7.80618399056371,17.526908506888795,0.950733102760268
0.8716666666666667,1992,-28.8166236,24.991639,-3349.2390847220513,-2408.4322556599095,-1559.9359251274846,6626.62,8.054143535156383,17.54746758087714,0.9448972960501648
0.7876666666666666,1993,-28.8166236,24.991639,-3092.029205493218,-2425.9545964061745,-1305.4268908541374,6626.62,8.16984722550071,17.565613066562797,0.9324416761977504
0.2242499999999999,1994,-28.8166236,24.991639,-1389.7997254535362,-2496.8387028120596,-1388.6777457656335,6626.62,8.2682469966553,17.5829234737204,0.9210750743380174
0.4976666666666666,1995,-28.8166236,24.991639,-525.3745225540264,-2508.981152043304,-1413.6363037043416,6626.62,8.22681484728871,17.599383869130495,0.9103523300382069
-0.0629166666666666,1996,-28.8166236,24.991639,1240.5462811486896,-2608.135694949674,-974.8197042838085,6626.62,8.298241018988554,17.61462469714906,0.8998910345675446
0.28325,1997,-28.8166236,24.991639,2184.629531983177,-2599.5722072906883,-1121.8248966717883,6626.62,8.146116611391493,17.628487491826593,0.8964116463042208
0.7696666666666667,1998,-28.8166236,24.991639,2109.853407362351,-2559.9729914272493,-1240.9429263334453,6626.62,8.395408173500707,17.6409329965542,0.8987441177429111
1.1604166666666669,1999,-28.8166236,24.991639,1766.451804188484,-2586.627019621894,-1162.6134722399268,6626.62,8.297668857825213,17.65204856357114,0.9011539158770219
0.2266666666666666,2000,-28.8166236,24.991639,667.9182152141195,-2550.00130116013,-1053.200789981407,6626.62,8.214238416050756,17.661677182258707,0.9036059409669587
0.4804166666666666,2001,-28.8166236,24.991639,291.1572131296806,-2475.843407632987,-1280.4129017673645,6639.9667,8.277724304015033,17.670533786380748,0.9058142738646273
0.5160833333333333,2002,-28.8166236,24.991639,1793.0398023883783,-2583.0660140266305,-1008.1966466945595,6639.9667,8.294273415062543,17.679634816792262,0.9080073070433816
0.7748333333333334,2003,-28.8166236,24.991639,3410.5994049503097,-2663.1130532360025,-796.5195441448325,6639.9667,8.303856965680923,17.68887688953906,0.9105082815153226
0.9514166666666668,2004,-28.8166236,24.991639,4338.833874197509,-2708.8473500403697,-821.0677692466005,6639.9667,8.294527076111315,17.69822979122794,0.9132012862827932
0.8885000000000001,2005,-28.8166236,24.991639,4762.759267769067,-2748.580707933497,-573.6566118616918,6639.9667,8.206852173071448,17.707680733636117,0.9159406944708174
0.4341666666666666,2006,-28.8166236,24.991639,5198.627464300283,-2779.371060646607,-472.5144106039128,6639.9667,8.16747155992965,17.717316688419523,0.9186189798682414
0.6639166666666666,2007,-28.8166236,24.991639,6508.115414694017,-2852.0227185701738,-252.89351406749526,6639.9667,8.198408212941354,17.727455440340893,0.9211542797035673
0.6878333333333333,2008,-28.8166236,24.991639,4767.476668588425,-2611.928784864982,-1056.552608585415,6639.9667,8.184028530729906,17.738786253727987,0.9235523014468655
0.5919166666666666,2009,-28.8166236,24.991639,3452.0959471340266,-2517.645605935219,-1340.6891518721195,6639.9667,8.156765987977103,17.750679204429318,0.9258228514577903
1.07575,2010,-28.8166236,24.991639,5167.415021003365,-2698.1587280533863,-916.2986830954458,6639.9667,8.182847232663216,17.76260956446567,0.9281424860934117
0.437,2011,-28.8166236,24.991639,4761.641255256083,-2661.3372944089933,-816.6077116697045,6653.3133,8.629377811816202,17.775243620646812,0.9305890128251234
0.5459166666666667,2012,-28.8166236,24.991639,4495.370358422167,-2600.7058017763443,-981.1625834490666,6653.3133,8.798762287642845,17.78853520589233,0.9329934923502134
0.6209166666666667,2013,-28.8166236,24.991639,5397.460687938702,-2676.061740096635,-728.3164243256022,6653.3133,8.901002700536049,17.80215141696309,0.9352896516011947
0.8690833333333333,2014,-28.8166236,24.991639,6290.406145095779,-2776.9209636720134,-509.35108523046677,6653.3133,8.938747307839282,17.81791434090468,0.9387796852618765
1.3119166666666666,2012,7.8699431,29.6667897,-17795.365395812198,1494.7212661397207,1434.9136825409053,0.0,4.063378353381689,16.18590419473933,0.976579747748653
1.26275,2013,7.8699431,29.6667897,-17789.037279040967,1506.7587218788265,1427.9237859234897,0.0,3.856377094237987,16.222998852063785,0.9780666046971559
0.8130833333333333,2014,7.8699431,29.6667897,-17778.914493212364,1490.2597147257736,1402.2319024836438,0.0,3.86088548838036,16.232609704866857,0.9784442725550697
1.0996666666666666,1990,39.3260685,-4.8379791,15016.00139552283,-2742.5817198024965,-290.893792670474,0.0,8.44883057841753,17.476244851923692,0.959508695502111
0.3351666666666666,1991,39.3260685,-4.8379791,14829.873558345107,-2549.704803080527,-858.4496727385609,0.0,8.491232797530664,17.478996867922888,0.9589375750574501
0.3333333333333333,1992,39.3260685,-4.8379791,13664.549514738359,-2284.5876022370508,-1688.3419904793177,0.0,8.546721604846532,17.484244701072676,0.9590332685723435
-0.0514999999999999,1993,39.3260685,-4.8379791,11935.790175095393,-2094.203654870643,-2235.143629065571,0.0,8.589668650316465,17.489797685062584,0.9592276058211814
1.081,1994,39.3260685,-4.8379791,14352.442464983014,-2139.7714257113294,-2174.952961571955,0.0,8.637455373669802,17.494938612987887,0.9594196449897029
1.5003333333333335,1995,39.3260685,-4.8379791,16301.727456808523,-2196.489900521614,-2274.8101189579515,0.0,8.700277940238387,17.49974355901489,0.9595202527190573
0.64325,1996,39.3260685,-4.8379791,16492.326158531505,-2113.1880991415132,-2293.1981241084964,0.0,8.707376083449073,17.504301833190567,0.9595603671795255
1.5544166666666666,1997,39.3260685,-4.8379791,18086.899001628055,-1776.8786799710545,-3406.1976593063982,0.0,8.706503486653602,17.508881161750487,0.9596292491420171
1.0475,1998,39.3260685,-4.8379791,21065.18279459703,-1525.6250084198534,-4133.820216816662,0.0,8.606318282936538,17.513408126374294,0.9597769072806269
0.8748333333333332,1999,39.3260685,-4.8379791,21040.01674612291,-1632.2996923675657,-3926.224058142754,0.0,8.733142784150521,17.517854754206653,0.9599161681619913
0.9430833333333334,2000,39.3260685,-4.8379791,22261.9261420627,-1644.7630252564572,-4058.4871942523105,0.0,8.893917902697767,17.522761493224085,0.9600939787044468
1.14525,2001,39.3260685,-4.8379791,22881.659653922983,-1658.7998176949861,-4051.7862391814124,0.0,8.804732908736007,17.528263972591223,0.9602240045522098
1.1100833333333333,2002,39.3260685,-4.8379791,23605.583785201983,-1618.7640594887976,-4411.814351101367,0.0,8.793168648048901,17.54066540645849,0.9620653333738888
1.4624166666666667,2003,39.3260685,-4.8379791,25618.145712561494,-1447.7727592375775,-4903.916673055266,0.0,9.019395158108102,17.55864782044877,0.9652156723156212
0.96425,2004,39.3260685,-4.8379791,26587.887130332267,-1735.0397865097475,-4037.4583155975824,0.0,9.156637418796674,17.575772233460544,0.9685172262405203
0.8420000000000001,2005,39.3260685,-4.8379791,27013.45383159563,-3521.225733522683,1240.3401593892272,0.0,9.082562248940073,17.592523912968744,0.9719783307686023
1.5820833333333333,2006,39.3260685,-4.8379791,26860.13273706052,-3444.322829010642,1187.4630241162338,0.0,8.940634488655565,17.609264129463572,0.9743121125348383
0.8348333333333334,2007,39.3260685,-4.8379791,28419.87847705156,-3513.6187977246095,1256.8667087653987,0.0,8.999181899318003,17.627619986194254,0.9767425583775586
0.8153333333333332,2008,39.3260685,-4.8379791,26089.0637885326,-3757.6720395067873,2108.3799596420913,0.0,8.886153403465782,17.643424254961698,0.9786924786459885
1.459666666666667,2009,39.3260685,-4.8379791,21593.80535634312,-3258.403470434412,779.5331350369646,0.0,8.7395660618322,17.652115206906192,0.9782942913248929
0.8651666666666666,2010,39.3260685,-4.8379791,22680.33112511543,-3391.964265171906,1318.1081753813514,0.0,8.727169992261082,17.656526636485378,0.9767223285107631
1.6725833333333335,2011,39.3260685,-4.8379791,20235.554632558084,-3134.204252482333,583.8712844845518,464.5491,8.77526204379585,17.659880501103004,0.9749259739275064
1.04525,2012,39.3260685,-4.8379791,18831.477012612067,-3034.051443353012,151.97643442032896,464.5491,8.90062443366577,17.66045490149387,0.9724144261723023
0.8359166666666668,2013,39.3260685,-4.8379791,17205.033749242397,-2873.62591107166,-331.7039411390722,464.5491,8.937513098638604,17.65718530235133,0.9694780598463068
1.617,2014,39.3260685,-4.8379791,18540.04430880445,-3044.6244185295313,70.96649112136137,464.5491,8.87625843032243,17.65420023573954,0.9672317790196271
0.5479166666666667,1990,7.5554942,80.7137847,-17600.677431981836,-1785.0649405531767,-145.7998569997079,3184.8921,3.4204148704779387,16.660657936716454,1.0185083675420372
0.48675,1991,7.5554942,80.7137847,-17613.317932365324,-1803.859047783878,-81.77667378370302,3184.8921,3.5765922263017607,16.672934102716585,1.0154700781905273
0.20825,1992,7.5554942,80.7137847,-17451.20182288737,-1826.3488612213675,-17.206230645996538,3184.8921,3.5146302282108546,16.684798097677376,1.0125696698861542
0.2373333333333333,1993,7.5554942,80.7137847,-17481.404695132216,-1785.5709273257962,-141.61874686240841,3184.8921,3.625859778945635,16.696146857476084,1.0100357385051892
0.3541666666666667,1994,7.5554942,80.7137847,-17350.169547212987,-1743.6870412528303,-262.4455991763222,3184.8921,3.739051995692619,16.70653454755554,1.0075899839319185
0.552,1995,7.5554942,80.7137847,-17351.20143498767,-1738.2009744459033,-268.3311493481723,3184.8921,3.7712701722828417,16.715699084439226,1.0048827290253037
0.37825,1996,7.5554942,80.7137847,-17423.469490981286,-1873.0087216612283,127.98254024281962,3184.8921,3.6336072015294207,16.723640698248317,1.0020194466528234
0.6490833333333333,1997,7.5554942,80.7137847,-17395.235010222317,-1856.4017460723567,78.20862237738729,3184.8921,3.6886669315326124,16.7305273934457,0.9991555468963504
1.127,1998,7.5554942,80.7137847,-17399.176763166495,-1810.8132171987606,-28.203947872441532,3184.8921,4.01158232664915,16.7365622262107,0.9962628681365815
0.3323333333333333,1999,7.5554942,80.7137847,-17310.58105077481,-1749.1586588985472,-205.7219118759806,3184.8921,4.06437664297027,16.742450529201687,0.993604056740118
0.4875,2000,7.5554942,80.7137847,-17295.435491177646,-1774.7046111376371,-131.16548407660116,3184.8921,4.081161377991847,16.74810982884336,0.9911234725540372
0.7115833333333333,2001,7.5554942,80.7137847,-17289.57914057321,-1814.0658746381193,-8.992649132989657,1087.7797,3.9387895634671004,16.755744603512742,0.9875116326047612
0.8319166666666667,2002,7.5554942,80.7137847,-17286.395395828324,-1777.190340007924,-113.31416205945432,1087.7797,3.9318197503540833,16.765759259542417,0.9828859709411585
0.8079166666666667,2003,7.5554942,80.7137847,-17180.71155592356,-1722.6979939820524,-265.42639560985293,1087.7797,3.8430394196123685,16.775780458946862,0.9784035950586187
0.6250833333333333,2004,7.5554942,80.7137847,-17166.524046458482,-1840.955332260175,79.98986639368329,1087.7797,3.9881781663744897,16.785434185143803,0.9741741393768534
0.7115833333333333,2005,7.5554942,80.7137847,-17046.56179100782,-1728.226483971442,-254.97692705870173,1087.7797,3.974871975077089,16.794801714012024,0.9701996510617861
0.512,2006,7.5554942,80.7137847,-17032.311643092446,-1731.788613733285,-247.47013910781095,1087.7797,3.8790865051818813,16.80475719517331,0.9661572749139231
0.4763333333333333,2007,7.5554942,80.7137847,-17017.179152687153,-1793.503254674714,-90.74029415406814,1087.7797,3.789654221281096,16.81516786847269,0.9618704287335561
0.4580833333333333,2008,7.5554942,80.7137847,-16853.02438951792,-1657.9575956903286,-490.821524478144,1087.7797,3.5715531891219476,16.825423903123593,0.9574099976919022
0.8275,2009,7.5554942,80.7137847,-16889.425590903375,-1721.6711300034951,-311.43192797236486,1087.7797,3.26856082664625,16.835080249265452,0.9527413632148
1.0380833333333337,2010,7.5554942,80.7137847,-16880.94814359767,-1639.6630605915084,-551.474875727182,1087.7797,3.483585030119445,16.844124166282942,0.9482502229285554
0.7608333333333334,2011,7.5554942,80.7137847,-16753.596540031733,-1625.2989846179375,-591.9640135152985,599.8256,3.3550836326961315,16.85333163929167,0.9443225266438863
0.99925,2012,7.5554942,80.7137847,-16711.73499262164,-1642.2727642536286,-551.3756932306012,599.8256,3.055707272646562,16.860849186323005,0.9416058077229679
0.8281666666666667,2013,7.5554942,80.7137847,-16717.149278373025,-1566.1591659048468,-784.348040754924,599.8256,2.8952653204197305,16.866287538052017,0.9397956049520251
1.012,2014,7.5554942,80.7137847,-16826.455003430394,-1751.9616702343594,-256.5616744467255,599.8256,2.743989896573244,16.871371189039472,0.9380854383556732
1.0100833333333334,2012,34.0678644,-102.524362,-15165.0443231927,-2073.443228624202,-4186.748478562573,21592.5623,6.660989276625366,17.375413714950326,1.0015604977516468
1.13775,2013,34.0678644,-102.524362,-15106.702609204858,-2055.932425215877,-4258.5681461937265,21592.5623,6.853315143743646,17.39877121306811,1.0010826985899566
1.0708333333333333,2014,34.0678644,-102.524362,-15064.511780993378,-2027.5307505366782,-4358.918725270047,21592.5623,6.910237196475268,17.426516142440885,1.0005339335418175
0.6983333333333333,1990,10.85021795,34.31564373973994,-17028.20920815255,1868.539379617895,-800.7378870209633,21600.8364,6.5849714866650055,17.067500101582613,1.0174483738204285
0.0565833333333333,1991,10.85021795,34.31564373973994,-16957.703381894542,1918.267428721385,-1060.9572509595598,21600.8364,6.36606950825942,17.085873706395148,1.0179796479266732
-0.0420833333333333,1992,10.85021795,34.31564373973994,-16784.701537650963,2009.662644523393,-1620.0327517307448,21600.8364,6.315276804735911,17.101560016509364,1.0176028622054276
0.4558333333333333,1993,10.85021795,34.31564373973994,-16656.28613318841,2089.4719911273028,-2121.228801140173,21600.8364,5.880253058956512,17.118044319989366,1.014368782268139
0.12875,1994,10.85021795,34.31564373973994,-16571.25661758612,2173.170895679648,-2579.2811650607173,21600.8364,6.282077570124705,17.142217627723515,1.0116252626639266
0.6309166666666667,1995,10.85021795,34.31564373973994,-16426.65862935013,2324.5118518063273,-2717.5338762965407,21600.8364,6.210705091590752,17.168660074884595,1.010041333143619
0.5655,1996,10.85021795,34.31564373973994,-16365.729746220097,2453.1507321831436,-3022.5941116309564,21600.8364,6.132967364584717,17.193000867897748,1.0075279337322558
0.45875,1997,10.85021795,34.31564373973994,-16322.83583581517,2690.2501220647273,-3411.389475421946,21600.8364,6.298142487689734,17.218166309021974,1.005110987672456
0.773,1998,10.85021795,34.31564373973994,-16352.932671409753,2968.881869623534,-3802.387405564231,21600.8364,6.261607708124371,17.240703724122636,1.0018410231554589
0.5230833333333333,1999,10.85021795,34.31564373973994,-16271.887105118278,3126.2668710789126,-4093.5916498045476,21600.8364,6.432772715388321,17.264999789181566,0.9994475598804382
0.4111666666666667,2000,10.85021795,34.31564373973994,-16225.883428604217,2915.5100865762683,-4263.318861864221,21600.8364,5.9585872121225805,17.294076706273188,0.9989076475953848
0.388,2001,10.85021795,34.31564373973994,-16124.65236704782,2608.1945169172363,-4183.372461127779,21574.1618,5.7078717687510245,17.322318973901847,0.9984470561467512
0.9915,2002,10.85021795,34.31564373973994,-16057.155452593408,2632.1428053428253,-4345.551699607063,21574.1618,6.24776682093526,17.349384462787487,0.9979934571410074
0.9261666666666668,2003,10.85021795,34.31564373973994,-15930.710150981806,2721.0691294446287,-4660.762532585423,21574.1618,6.32207625145115,17.37602650006868,0.9974995304522444
0.99025,2004,10.85021795,34.31564373973994,-15858.462516633846,2741.0114086223525,-4764.409226069348,21574.1618,5.8988392597520205,17.403150631753633,0.9967331357516513
1.308,2005,10.85021795,34.31564373973994,-15739.779265770407,2811.1230190095275,-5012.765775323233,21574.1618,5.873323259787133,17.431906197189807,0.9958322916923724
0.7403333333333334,2006,10.85021795,34.31564373973994,-15742.665481983617,2761.6977188027813,-5021.525883424185,21574.1618,6.059414508286317,17.46259058690321,0.9954159899761289
0.4928333333333333,2007,10.85021795,34.31564373973994,-15724.718840083106,2827.861832715999,-5180.336248604905,21574.1618,6.8203950047713136,17.49456656967436,0.9954033515674846
0.8432499999999999,2008,10.85021795,34.31564373973994,-15721.55783744401,2851.199504533584,-5269.5977922895745,21574.1618,6.358252580931141,17.52637481551873,0.9953861630176853
1.4316666666666666,2009,10.85021795,34.31564373973994,-15461.991991719875,2842.0228385965147,-5340.7524746243125,21574.1618,5.870598607934259,17.557394663758156,0.9954155580730829
1.56025,2010,10.85021795,34.31564373973994,-14914.391963165694,2792.6839126180967,-5215.820019749664,21574.1618,5.660293733080246,17.587221565764604,0.9955397150930216
0.7837761296366337,2011,10.85021795,34.31564373973994,-14676.09945610799,2767.678004929976,-4877.71858511579,21592.5623,5.509357162052987,17.614648677192022,0.9956475504222714
0.3525,1990,4.1413025,-56.0771187,-17887.427647239034,-3295.828879141144,2419.2076074292795,2934.2214,6.61181103526694,12.930611898321176,0.99296978358908
0.2913333333333333,1991,4.1413025,-56.0771187,-17884.555094404615,-3282.7013030617886,2381.656287243283,2934.2214,6.685606607610716,12.938394865123431,0.9925992632794125
0.6181666666666666,1992,4.1413025,-56.0771187,-17890.627332256954,-3271.3272736433255,2373.977203107183,2934.2214,6.712733089519881,12.946866479557473,0.9922214465829926
0.3216666666666666,1993,4.1413025,-56.0771187,-17979.514505752646,-3252.9821300506183,2464.831005585419,2934.2214,6.72033209096916,12.953648824016591,0.9918745195685903
0.2656666666666666,1994,4.1413025,-56.0771187,-18012.022190947468,-3247.8319962552328,2450.0220870255807,2934.2214,6.735831794374397,12.96348018354376,0.9915863195984592
0.93375,1995,4.1413025,-56.0771187,-17997.00743149012,-3227.524060832531,2452.090672947907,2934.2214,6.714290304289633,12.981925906911421,0.9936083618961095
0.8850833333333333,1996,4.1413025,-56.0771187,-17959.904806663002,-3209.1328175293597,2465.6539787358074,2934.2214,6.741067790750651,13.003208150724314,0.997664024629012
0.7265833333333332,1997,4.1413025,-56.0771187,-17971.543455272586,-3215.229976751615,2502.0008983412586,2934.2214,6.772939061323309,13.02339571716544,1.0013699356572157
1.3950833333333332,1998,4.1413025,-56.0771187,-17995.234628791026,-3210.300304210719,2510.7615323155223,2934.2214,6.768884054799723,13.042776732385075,1.0048585632720404
0.63625,1999,4.1413025,-56.0771187,-18240.064344684848,-3162.7432620033583,2454.1699205947716,2934.2214,6.708182857973524,13.061461967285545,1.0081528466667236
0.5443333333333333,2000,4.1413025,-56.0771187,-18278.68041201007,-3168.170964789815,2476.747781961926,2934.2214,6.6604979381521545,13.079451701018991,1.011303657732634
0.8647499999999999,2001,4.1413025,-56.0771187,-18265.76603643879,-3153.49822761861,2438.728385348905,3174.1603,6.78064982429469,13.096826058149716,1.0143785879309133
0.9493333333333333,2002,4.1413025,-56.0771187,-18302.200720232424,-3169.406573010148,2498.768714766293,3174.1603,6.49908483928295,13.113657591783365,1.017305164281034
1.1244166666666666,2003,4.1413025,-56.0771187,-18286.98735396616,-3149.604217548818,2443.1456749345484,3174.1603,6.318164367405441,13.129894943819675,1.0199355262946865
1.21075,2004,4.1413025,-56.0771187,-18285.809226556776,-3076.936963378077,2479.2721153224406,3174.1603,6.320071828753201,13.143286944839751,1.0200672601384768
1.3118333333333334,2005,4.1413025,-56.0771187,-18308.064258755767,-3083.4900515788518,2511.33178054624,3174.1603,6.325170819116358,13.154288310188702,1.0179820960869397
0.983,2006,4.1413025,-56.0771187,-18290.852231096243,-3085.73407149133,2499.0435357112397,3174.1603,6.280774606170149,13.165466927196787,1.0160232025550617
1.0376666666666667,2007,4.1413025,-56.0771187,-18316.03363775923,-3089.3579437319167,2523.8934503394503,3174.1603,6.160841643028436,13.176749284730914,1.0141923521534606
1.0760833333333333,2008,4.1413025,-56.0771187,-18292.984675505937,-3086.831850175228,2500.368125604228,3174.1603,6.105813247736721,13.188035006332726,1.0124681981795225
1.3949999999999998,2009,4.1413025,-56.0771187,-18286.474218645995,-3068.747050775851,2447.3264892505745,3174.1603,5.947953262603522,13.199300344176597,1.0108476671743558
1.5189166666666667,2010,4.1413025,-56.0771187,-18286.701386067103,-3069.969017940867,2450.021598260069,3174.1603,6.022298506864286,13.210522595372376,1.0092167424610359
1.0229166666666667,2011,4.1413025,-56.0771187,-18287.169461032303,-3065.6146068914163,2454.7238095512353,7459.7799,5.817999455787811,13.221567783040813,1.0075481302379696
1.00075,2012,4.1413025,-56.0771187,-18252.007198079427,-3075.2286274344433,2466.05943768944,7459.7799,6.128015252018234,13.23231314631173,1.0059555686543722
1.1251666666666666,2013,4.1413025,-56.0771187,-18237.905736463374,-3065.974596072165,2438.616998197428,7459.7799,5.821329927009462,13.24271555443338,1.004467824201603
1.1494166666666663,2014,4.1413025,-56.0771187,-18249.764029265312,-3057.973301503469,2414.916916435348,7459.7799,5.954158759314255,13.252833589392717,1.0030590071939411
2.0025833333333334,1990,59.6749712,14.5208584,-11648.45001115701,-355.34664498712124,3770.9056624119403,34605.4757,7.451535253971063,15.96125539078366,0.9762116841087346
1.03625,1991,59.6749712,14.5208584,-10372.856893668597,-468.9095765587466,4112.169725642962,34605.4757,7.449052181759975,15.966594740722101,0.9763020936335548
1.3944166666666666,1992,59.6749712,14.5208584,-12159.793029682787,-265.8878271385036,3515.8029129144043,34605.4757,7.370177113926127,15.971944621766188,0.9764005982998457
0.5158333333333334,1993,59.6749712,14.5208584,-12216.249117328065,-238.50628016270426,3405.8635297499554,34605.4757,7.249333884453573,15.976924290820406,0.9765486149554222
0.5045000000000001,1994,59.6749712,14.5208584,-11905.588247019747,-247.00987928088068,3426.0542123309165,34605.4757,7.250497532188293,15.981526620809461,0.9766156273763225
0.6904166666666667,1995,59.6749712,14.5208584,-11665.458882668978,-236.9853118454478,3435.4706328031875,34605.4757,7.257121176802045,15.985534644499667,0.9765845069627901
-0.0344999999999999,1996,59.6749712,14.5208584,-11712.961782865837,-381.4190717675484,3855.036539001941,34605.4757,7.284850198833858,15.988612510236363,0.9765891411826245
1.22925,1997,59.6749712,14.5208584,-11622.080763556074,-381.22786905822056,3887.8085592408997,34605.4757,7.280927334190031,15.99115608443118,0.9766725382733527
0.5249166666666667,1998,59.6749712,14.5208584,-11603.14850965543,-364.1201729908406,3887.798424863044,34605.4757,7.465411433804481,15.99351074745832,0.9768436137280916
1.20425,1999,59.6749712,14.5208584,-11682.320447838907,-300.50997970063884,3845.0376237447285,34605.4757,7.219177803546267,15.995801003268495,0.9772456039800195
2.0416666666666665,2000,59.6749712,14.5208584,-11297.78654537235,-279.35741874067554,4070.530881152978,34605.4757,7.049496825864089,15.998303047472387,0.9779393189688368
0.7708333333333334,2001,59.6749712,14.5208584,-11034.337300580766,-292.06634345053476,4128.32328699508,36621.013,7.084857321111361,16.001196374671558,0.9788954839111484
1.4045833333333333,2002,59.6749712,14.5208584,-10633.374942886765,-146.4253820267889,3720.5937317826965,36621.013,7.245297728435532,16.004480268557632,0.9800706577703361
1.3239166666666666,2003,59.6749712,14.5208584,-10487.749569705338,-137.35209671665154,3788.089242785985,36621.013,7.261557269940778,16.008448851184337,0.981239313386019
1.2701666666666669,2004,59.6749712,14.5208584,-10180.590841218658,-124.47986962696078,3995.658763475132,36621.013,7.177044663206342,16.013208578764004,0.9824181098444318
1.6475,2005,59.6749712,14.5208584,-4387.441147938937,-642.4348216658201,5654.691510224404,36621.013,7.55338455570614,16.018467341436878,0.9836499733847478
1.9289166666666664,2006,59.6749712,14.5208584,-3352.625038259832,-675.7818718124458,5852.513807798106,36621.013,7.437827139993948,16.024303408503954,0.9849845077042886
1.7300833333333332,2007,59.6749712,14.5208584,-3609.7357430292814,-592.9614049939437,5720.977210171335,36621.013,7.521196911690452,16.03082300347689,0.9866113651868181
1.8311666666666664,2008,59.6749712,14.5208584,-5090.6852027568175,-694.7688006975188,6187.467583038327,36621.013,7.462667565634704,16.0378905134271,0.9884047229963299
1.1463333333333334,2009,59.6749712,14.5208584,-7034.560242811047,-426.43155763564425,5694.760661666951,36621.013,7.418175180453968,16.045676774555776,0.9902211527536735
-0.6683333333333333,2010,59.6749712,14.5208584,-6103.49680560595,-400.2736166030107,5986.065547524002,36621.013,7.45567840193859,16.054274632354232,0.9921071462697343
2.08475,2011,59.6749712,14.5208584,-6537.416204139437,-257.5335964588938,5904.035192605147,28237.8067,7.422079515459091,16.063363503117806,0.9940513688928486
0.7325833333333334,2012,59.6749712,14.5208584,-7603.46434105834,-143.8909078946804,5694.151499101394,28237.8067,7.432151030659418,16.07267832237863,0.9961318100655658
1.4583333333333333,2013,59.6749712,14.5208584,-7837.242147291437,-111.86233068622268,5627.004977091953,28237.8067,7.453131651649681,16.082357793615266,0.9983295015697424
2.4995833333333333,2014,59.6749712,14.5208584,-7713.275804245315,-83.50612550146691,5679.108538582599,28237.8067,7.39796923426637,16.092522220561815,1.0005085669310407
1.1740000000000002,1990,46.7985624,8.2319736,-13311.637893499914,-3079.2771511253295,3082.5379293817923,457.4607,5.860225382463264,15.71936178710815,0.9546003501084661
0.3738333333333334,1991,46.7985624,8.2319736,-13739.11527913814,-3037.5216013857803,2929.2518064036603,457.4607,5.918150567351162,15.731755440539498,0.9551638804435362
1.1084166666666666,1992,46.7985624,8.2319736,-14118.516733873359,-2997.2133845451167,2848.3044998465034,457.4607,5.954054433829027,15.74313729370466,0.9549219203528723
0.66675,1993,46.7985624,8.2319736,-14471.502069048229,-2969.1907390437946,2719.777681854814,457.4607,6.064746606861363,15.752253098330916,0.9551440879055458
1.8855833333333327,1994,46.7985624,8.2319736,-14420.353455834113,-2979.177189275237,2740.5410868429176,457.4607,6.095706537449533,15.760210975589496,0.9552016085618444
0.7894166666666668,1995,46.7985624,8.2319736,-14554.358011098251,-2964.471791853069,2704.3506523974647,457.4607,6.1301389417957415,15.766876795461785,0.954971718269298
-0.0082499999999999,1996,46.7985624,8.2319736,-14766.26861512794,-2944.174052232019,2631.8376235144483,457.4607,6.160524810356179,15.771327472567366,0.9546317667212624
1.2325833333333334,1997,46.7985624,8.2319736,-14844.847450935906,-2941.7874017483246,2631.1791007406914,457.4607,6.173461884681898,15.773772254482017,0.9545311384769488
0.9955833333333334,1998,46.7985624,8.2319736,-14661.672773925604,-2950.2960035288206,2665.9752636477215,457.4607,6.193480882245372,15.776762559500972,0.9546245865319334
1.0085,1999,46.7985624,8.2319736,-14310.051836450064,-2984.1700480257487,2687.259313754432,457.4607,6.219476826905093,15.781530990066116,0.9551946462761167
1.636,2000,46.7985624,8.2319736,-13951.943895024853,-3011.604982320399,2772.36797761032,457.4607,6.1797930261653375,15.787096668716321,0.9556731346035029
1.07675,2001,46.7985624,8.2319736,-13701.108526039061,-3053.223309393109,2825.0602148999033,482.06,6.233079447804173,15.792975158790957,0.9556831298713393
1.5904166666666668,2002,46.7985624,8.2319736,-13622.746655768336,-3074.1720969963235,2850.1578371126516,482.06,6.185379267734046,15.800157786757563,0.956366442301617
1.7291666666666667,2003,46.7985624,8.2319736,-13529.865592389893,-3101.8511177053156,2908.5738794221743,482.06,6.231735582082782,15.80758552321499,0.9574945493337036
0.91475,2004,46.7985624,8.2319736,-13189.345979198273,-3136.0963090303535,2997.9736927258323,482.06,6.233288331363539,15.814440281955674,0.9585905019471401
0.6397499999999999,2005,46.7985624,8.2319736,-12999.061880669105,-3147.8591619884846,3029.2802611257994,482.06,6.257229177618656,15.820825761937128,0.9597884354453997
1.4126666666666667,2006,46.7985624,8.2319736,-12646.424913229452,-3170.7244354146032,3081.6036919949192,482.06,6.241345643103219,15.827076015032771,0.9610780956658527
1.62475,2007,46.7985624,8.2319736,-12434.58750716016,-3198.2008352314933,3169.600147099786,482.06,6.181676145499197,15.835985228000256,0.9633702608879013
1.1863333333333337,2008,46.7985624,8.2319736,-12255.46414024194,-3202.826804604925,3186.893185848484,482.06,6.234871403903606,15.84868405226255,0.9665812230757427
1.37725,2009,46.7985624,8.2319736,-12191.761974689287,-3216.1340591270923,3205.634487468538,482.06,6.215286268412932,15.861189115953648,0.9687924302953136
0.3003333333333333,2010,46.7985624,8.2319736,-11893.125820911222,-3242.5662514160053,3273.151807253543,482.06,6.258123997122056,15.872506445126637,0.9703285822558881
2.021166666666667,2011,46.7985624,8.2319736,-11839.914124205281,-3244.913995833958,3293.1886376625453,511.6905,6.134778001478725,15.883762478688089,0.972023181732408
1.3771666666666669,2012,46.7985624,8.2319736,-11611.612996411042,-3265.388858055377,3359.584468244258,511.6905,6.19332317306486,15.894419207682407,0.9739165876884892
0.868,2013,46.7985624,8.2319736,-11448.428386412968,-3278.457695115727,3379.637339577399,511.6905,6.233963959266434,15.90593741451847,0.9759764124854153
2.189833333333333,2014,46.7985624,8.2319736,-11318.905463360908,-3291.5857729863847,3416.2933497827576,511.6905,6.103344415529336,15.918154700278777,0.9776962438995523
0.31725,1990,34.6401861,39.0494106,-15661.233975800116,-3146.2501913470105,1816.8033635484308,0.0,6.2683154865392305,16.333932331996714,1.0293663727581743
0.2410833333333333,1991,34.6401861,39.0494106,-15909.65011926622,-3097.687444982779,1691.2318597086582,0.0,6.332854671073146,16.363570472990776,1.0288478295995755
-1.1991666666666667,1992,34.6401861,39.0494106,-15611.155964174026,-3104.957179801067,1717.5203522500815,0.0,6.422441606853337,16.392419346258816,1.028319123255435
-0.2426666666666666,1993,34.6401861,39.0494106,-15348.443327944702,-3132.6187495486165,1803.910351209611,0.0,6.504702309327466,16.42094174132605,1.0278293874700573
0.9310833333333334,1994,34.6401861,39.0494106,-15233.800347312175,-3117.5368732555007,1737.4966995294294,0.0,6.555996232197003,16.449025916329298,1.0272324470718426
0.3178333333333333,1995,34.6401861,39.0494106,-15300.19350426129,-3085.912557843283,1629.2716500981137,0.0,6.6047869649926545,16.476710142757465,1.0266999752635102
0.6954166666666666,1996,34.6401861,39.0494106,-15258.799721966083,-3066.8708995514253,1516.1797311367877,0.0,6.623647876444703,16.50396188301161,1.0262952161048056
-0.2584166666666667,1997,34.6401861,39.0494106,-15016.168262950612,-2870.2878443291083,936.5725071473046,0.0,6.623647876444703,16.530469902536876,1.025862480598445
1.24075,1998,34.6401861,39.0494106,-14829.728182188446,-2854.5998670292443,859.9425646691658,0.0,6.655829592492419,16.556385613533923,1.025419165412802
1.2211666666666667,1999,34.6401861,39.0494106,-14637.66873484165,-2858.7908056838382,872.199305730832,0.0,6.6283002051142965,16.58190526181739,1.0249052154941165
0.6000833333333334,2000,34.6401861,39.0494106,-14862.347384520388,-2816.5400059978665,765.9603132952334,0.0,6.637571481498497,16.607145126115388,1.0243033272119657
1.1928333333333334,2001,34.6401861,39.0494106,-14594.073476891279,-2829.374590417607,815.9318277155172,0.0,6.555996232197003,16.63259141152528,1.0237175400286718
0.6885833333333333,2002,34.6401861,39.0494106,-14570.000997242878,-2791.4115162146163,662.9204021760695,0.0,6.6047869649926545,16.658326006845236,1.0231723901209813
0.6558333333333334,2003,34.6401861,39.0494106,-14423.651406753594,-2770.1555866929375,571.8547037411132,0.0,6.565921937283703,16.68405442242994,1.0226211796819964
0.5116666666666666,2004,34.6401861,39.0494106,-14510.723138672724,-2732.4641011155795,460.0549760659416,0.0,6.623647876444703,16.71053851447906,1.0222470573487528
0.5591666666666667,2005,34.6401861,39.0494106,-14366.333317458364,-2639.436745468478,151.2719745864952,0.0,6.5151518536856825,16.73778776924941,1.0220452128921287
0.6790833333333333,2006,34.6401861,39.0494106,-13730.833098734025,-2660.982794843086,161.73528376489685,0.0,6.6329273041677785,16.7824322128176,1.0214003912560534
0.9105,2007,34.6401861,39.0494106,-13530.789096838538,-2633.5514017384885,76.87010822422741,0.0,7.8723856354527735,16.84578946508388,1.0203226660171345
1.0375833333333333,2008,34.6401861,39.0494106,-13363.392384027251,-2626.881726612799,93.35378986946914,0.0,7.857534015699935,16.882356253048872,1.0198585952437231
0.8737499999999999,2009,34.6401861,39.0494106,-13434.325962867479,-2688.086240595254,272.9442128689503,0.0,7.5529358361698185,16.898668418544407,1.019808207609789
2.4551666666666665,2010,34.6401861,39.0494106,-12911.156463689998,-2737.7789400273923,411.4128870219464,0.0,7.42517723900687,16.921780214047537,1.019575018403284
0.4174166666666666,2011,34.6401861,39.0494106,-14037.982432488167,-2609.9007007705986,25.078546715669617,0.0,7.4479725259674945,16.939228443438992,1.019319368290566
1.180416666666667,2012,34.6401861,39.0494106,-13996.608115631578,-2649.786931095428,165.8744243516034,0.0,7.2109119498398515,16.933707247948202,1.0183868960797955
1.125,2013,34.6401861,39.0494106,-14930.139034704127,-2610.739105808636,93.05071805585483,0.0,6.725735676595361,16.883369102112166,1.0167035216612612
1.5781666666666665,2014,34.6401861,39.0494106,-15674.23866726867,-2595.4352549533714,49.070812959019705,0.0,6.651307497560193,16.814847925351394,1.0147499026864562
-0.1534166666666666,1992,38.6281733,70.8156541,-13659.686950185182,-3817.138204441001,3776.2520410602506,0.0,0.09130215840678596,15.54826426098844,0.9695791989999252
-0.2745833333333333,1993,38.6281733,70.8156541,-15455.089299751573,-3625.8753911138083,3246.1208975201635,0.0,-0.7595006811099665,15.55909554844972,0.9686882504416616
0.3656666666666666,1994,38.6281733,70.8156541,-15877.348081513674,-3577.435800960838,3156.703193135789,0.0,-1.3823023398503531,15.574056686920706,0.9681904901424193
0.2476666666666667,1995,38.6281733,70.8156541,-16193.285591328437,-3539.8889518268543,3055.995382375494,0.0,-3.2995437279356556,15.593200514145016,0.9699291632176161
-0.17025,1996,38.6281733,70.8156541,-16770.44050727115,-3475.1501438191335,2872.5692114037,0.0,-2.935578350734244,15.613185827621633,0.9719659084745917
1.2293333333333334,1997,38.6281733,70.8156541,-16933.028898895816,-3445.0656599160347,2782.2991193495063,0.0,-2.7105533313203285,15.626593618200317,0.97185631560692
0.989,1998,38.6281733,70.8156541,-17187.727075638308,-3410.953779773966,2685.8796576964232,0.0,-2.913231052042247,15.633068532123326,0.9692626018246882
0.8762500000000001,1999,38.6281733,70.8156541,-17196.74170913791,-3401.511053214121,2659.322529060183,0.0,-3.4420193761824103,15.638375205992634,0.9655849154389629
0.8854166666666666,2000,38.6281733,70.8156541,-17175.992229288502,-3396.1537379350248,2646.8533155536247,0.0,-3.1748589394514264,15.65176510766551,0.9643618422103317
1.43,2001,38.6281733,70.8156541,-17390.75355697511,-3376.3468230539625,2588.5960643699577,0.0,-1.2106617924767327,15.673184008201119,0.966892067532485
0.9785,2002,38.6281733,70.8156541,-17650.079368719584,-3342.054325640891,2493.9207716524015,0.0,-1.072359917524044,15.693715883193994,0.9701200276465637
0.6041666666666666,2003,38.6281733,70.8156541,-17568.93174904392,-3342.3963205191935,2490.5498833173974,0.0,-1.04412410338404,15.713503811440123,0.9732930068294218
1.4121666666666666,2004,38.6281733,70.8156541,-17387.62038307027,-3355.3441742667655,2519.473288432633,0.0,-1.4845689303882312,15.732610213296802,0.9764667727570202
0.78475,2005,38.6281733,70.8156541,-17351.257458722557,-3345.9785454593634,2486.336364398705,0.0,-1.4321288974636899,15.751246986931188,0.9796917985219334
1.3302500000000002,2006,38.6281733,70.8156541,-17202.477949138694,-3357.6075286438586,2513.465084166766,0.0,-1.4524341636244356,15.769589678502191,0.9830176390193901
1.30725,2007,38.6281733,70.8156541,-17189.762841983356,-3351.6166867062493,2506.1869903430425,0.0,-0.8381729526102031,15.787977782508882,0.986431760182052
1.0708333333333335,2008,38.6281733,70.8156541,-17339.951212721524,-3333.371318659188,2435.13173350623,0.0,-0.7771811761699547,15.806752790069154,0.9899622010184235
0.7368333333333333,2009,38.6281733,70.8156541,-17407.44973651235,-3307.3931184053317,2353.2114096211735,0.0,-0.889405403092773,15.826217587636616,0.9935622793022661
1.40525,2010,38.6281733,70.8156541,-17376.042269690035,-3299.719252041426,2331.35701130119,0.0,-0.9055981023354119,15.846520364981147,0.9969107508020494
1.1416666666666666,2011,38.6281733,70.8156541,-17770.74684933736,-3256.2931086296517,2192.5966648128533,0.0,-0.8038553025443669,15.86768624159565,0.9997970615019247
0.1329166666666666,2012,38.6281733,70.8156541,-17841.22602552178,-3237.8226513064305,2134.0948877651804,0.0,0.5187937934151675,15.889484806195512,1.002366938065498
1.2645833333333334,2013,38.6281733,70.8156541,-17852.190756740507,-3231.8643451728817,2109.753350714371,0.0,0.8185455899542788,15.911884312219211,1.0046730307463594
0.4646666666666667,2014,38.6281733,70.8156541,-17637.30561523214,-3250.3469569985123,2162.987182366822,0.0,1.3114091639281014,15.934935502644764,1.0066264586957325
0.6537499999999999,1990,14.8971921,100.83273,2742.7391026997743,7468.98920568999,-27341.74790933722,19078.29,8.755627103084146,17.82698803465455,1.0000491425832398
0.73325,1991,14.8971921,100.83273,2866.1100967188427,7777.438752100471,-28305.175843981335,19078.29,8.76935383710973,17.842643964072916,0.9971413753793955
0.4332499999999999,1992,14.8971921,100.83273,5211.489420362761,7693.839547941501,-28107.561659712403,19078.29,8.761867695219662,17.85749142856665,0.9942145767686534
0.3571666666666666,1993,14.8971921,100.83273,8253.84294895904,7273.819871722903,-26926.972429449954,19078.29,8.600877285801953,17.872085441772807,0.9906971151195739
0.56025,1994,14.8971921,100.83273,9626.397079370312,7166.785413815844,-26688.337542716392,19078.29,8.575696675798635,17.886416076133877,0.9871183155315457
0.6355833333333333,1995,14.8971921,100.83273,11458.40792751676,7163.262824512456,-26655.141484796302,19078.29,8.573903546003741,17.900222777769525,0.9839553733824459
0.32625,1996,14.8971921,100.83273,13947.411080797467,6951.646732804723,-26644.84516361126,19078.29,8.700016788833373,17.91336721223128,0.9811137262623152
0.6679166666666667,1997,14.8971921,100.83273,16288.27162837198,7353.476732225576,-27755.775935496436,19078.29,8.51792026703269,17.92620584881727,0.978056131690713
1.440583333333333,1998,14.8971921,100.83273,10268.738850709307,7734.674797272682,-28049.058142558966,19078.29,8.748241894521025,17.938527072982495,0.9752397710962831
0.2885,1999,14.8971921,100.83273,12982.620481894392,7668.373909627879,-28601.147318910942,19078.29,8.890788406769298,17.94975910946873,0.9728156346520781
0.393,2000,14.8971921,100.83273,13427.612227348809,7492.939973452055,-28259.706151381728,19078.29,8.89188401835421,17.95970191639969,0.9711903467919095
0.6871666666666667,2001,14.8971921,100.83273,15349.127394835905,7497.73649903874,-28415.676435387057,5456.22,9.169230117162922,17.96890818618699,0.9704297584249018
0.84475,2002,14.8971921,100.83273,17549.91449433133,7280.303299487795,-26561.193833415036,5456.22,9.232086188488069,17.977865404648323,0.9699084489452717
0.6995,2003,14.8971921,100.83273,16364.528760325013,7594.3415511430585,-28728.077639713345,5456.22,9.319047752627814,17.98646048079173,0.9693713403177653
0.6241666666666666,2004,14.8971921,100.83273,17442.675671291363,9151.0051332035,-27667.200447699666,5456.22,9.394184685454128,17.99467357503443,0.9688077805074448
0.99175,2005,14.8971921,100.83273,19954.421786163788,7387.066583028963,-28004.2413385343,5456.22,9.287728932823846,18.00245497887128,0.9681935789296287
0.8145000000000001,2006,14.8971921,100.83273,21459.487816209596,7167.747442471157,-27524.660145934504,5456.22,9.320226146189343,18.009994921600512,0.9675144780374033
0.7012499999999999,2007,14.8971921,100.83273,22869.393202657477,7732.986978012466,-28890.95693000093,5456.22,9.391896744424585,18.01761405234253,0.966803552014372
0.3450833333333333,2008,14.8971921,100.83273,19955.366818353028,7914.966007763216,-29695.6389644762,5456.22,9.359311285661288,18.025090305419287,0.9660416050163785
0.73575,2009,14.8971921,100.83273,19949.588943329603,8416.096689724724,-30951.62221157145,5456.22,9.367560012009575,18.03227411906578,0.9652414154934055
1.387916666666667,2010,14.8971921,100.83273,21226.363202338845,9426.459956084978,-32742.72810927546,5456.22,9.37325275006291,18.038988166752624,0.9641030592318253
0.2940833333333333,2011,14.8971921,100.83273,22758.511145205237,8933.979160775853,-32645.089335067216,28718.6827,9.459387002969786,18.04544672661227,0.9626382398009234
1.2060833333333332,2012,14.8971921,100.83273,24711.878402201368,8879.43140348398,-32345.94584568986,28718.6827,9.485076435307883,18.051890172740116,0.9611647982761878
0.9413333333333332,2013,14.8971921,100.83273,24989.915237969053,8526.6552926381,-31585.635090635955,28718.6827,9.51671185674197,18.05796763550577,0.9596578939749139
1.022333333333333,2014,14.8971921,100.83273,26708.829123385844,8010.482901754518,-28095.835565736907,28718.6827,9.520509832174433,18.063447687154763,0.9581002697837322
-0.8886666666666666,1990,-8.7443169,126.063482,-18115.82027529815,-3420.3736418246312,2230.45289415974,463.232,6.353665966908534,13.538578496536225,1.0868193667196098
0.243,1991,-8.7443169,126.063482,-18113.764941547863,-3413.3279208834733,2220.986323017214,463.232,6.080828126332925,13.557587914876262,1.0900474190049312
0.916,1992,-8.7443169,126.063482,-18117.121429839535,-3419.0155881519217,2236.7286605996374,463.232,4.748171571349621,13.571789229002462,1.0856057844047806
0.4761666666666666,1993,-8.7443169,126.063482,-18204.470079164716,-3430.646798522587,2392.378766721119,463.232,3.5858362514112705,13.586322525525087,1.0815332342100854
0.633,1994,-8.7443169,126.063482,-18205.110719418055,-3432.7372979587517,2396.1320658279865,463.232,3.6445957456030458,13.601220201215796,1.077807669039375
0.3036363636363636,1995,-8.7443169,126.063482,-18202.979987113224,-3430.404693669294,2389.280568532097,463.232,3.747216756125412,13.616114050379853,1.074339191710999
0.4464166666666667,1996,-8.7443169,126.063482,-18224.10196824413,-3428.729018764375,2400.7468329127037,463.232,3.766978736096988,13.630708727833838,1.0710480945547318
0.3229090909090909,1997,-8.7443169,126.063482,-18204.062707540743,-3433.462162941233,2397.605803431038,463.232,5.101827430629998,13.645126662903362,1.0678586578329856
1.11225,1998,-8.7443169,126.063482,-18228.911236221065,-3434.299727731152,2414.840195009244,463.232,5.109191714307554,13.659334996113095,1.0647540014144647
0.1553999999999999,1999,-8.7443169,126.063482,-18208.674684299647,-3436.308991721772,2406.970097203468,463.232,3.9740741856966304,13.672389329500447,1.0612219172608657
0.0455,2000,-8.7443169,126.063482,-18222.556668181016,-3428.6966283453926,2400.6702044592407,463.232,3.6539111267387865,13.68581067287392,1.057620273565701
0.4866666666666666,2001,-8.7443169,126.063482,-18184.119836549344,-3407.387934608744,2320.6119881560253,463.232,3.705072142039953,13.702344099497786,1.0551837463637368
0.5645,2002,-8.7443169,126.063482,-18172.184294964165,-3405.889860532393,2312.5976123457463,463.232,2.0828357747478514,13.720801997150947,1.0535582460600013
0.4817999999999999,2003,-8.7443169,126.063482,-18186.83693029715,-3397.4866239666953,2304.187107811743,463.232,2.0542903864748667,13.739408907446222,1.0520359335800058
0.6717272727272726,2004,-8.7443169,126.063482,-18177.759946322174,-3417.713919054315,2348.3818127329664,463.232,2.1166048513677898,13.759985162964131,1.0509669586332495
1.1464166666666666,2005,-8.7443169,126.063482,-18152.81045991029,-3399.6184999892002,2287.2757202054013,463.232,2.038359096578606,13.784343883789166,1.0508245071364193
0.4316666666666666,2006,-8.7443169,126.063482,-18126.166904324942,-3393.63924514016,2253.5226627318884,463.232,2.3518989295469668,13.810060734617451,1.0512585179929712
0.5484166666666667,2007,-8.7443169,126.063482,-18128.574713706243,-3398.6327732379928,2266.727390335246,463.232,2.176874466865139,13.834688480369058,1.051837239963366
0.2384166666666666,2008,-8.7443169,126.063482,-18112.340384351293,-3392.1337336961747,2239.431758628106,463.232,2.1819304381832025,13.857685556761297,1.0525133068999104
0.7798333333333334,2009,-8.7443169,126.063482,-18115.35582373206,-3398.4074706834817,2257.362705212855,463.232,2.070501700110362,13.878992270876696,1.0533088731216447
0.8935833333333334,2010,-8.7443169,126.063482,-18206.19684228857,-3401.886971308476,2334.5986328852605,463.232,2.148069346538074,13.90029921654454,1.05317184414193
-0.0623333333333333,2011,-8.7443169,126.063482,-18105.697054214972,-3401.663888321451,2258.1223728646955,463.232,2.314059015067673,13.922548066682872,1.050895742963599
0.2761,2012,-8.7443169,126.063482,-18089.445170968862,-3394.3611039401853,2228.3102594125658,463.232,2.7344389354401133,13.944497264127984,1.047680672147907
0.6410833333333333,2013,-8.7443169,126.063482,-18120.28990705226,-3408.5630989186,2285.508437067759,463.232,2.8124582633202304,13.965270182632846,1.0447572020807478
0.5821666666666666,2014,-8.7443169,126.063482,-18094.383769697353,-3407.2841024613217,2265.3611619548365,463.232,2.8911991932548693,13.985109862344398,1.0421026506331426
0.65775,1990,8.7800265,1.0199765,-17985.587973839803,-3308.2994972158126,2224.41238332095,2859.939,5.480117287313572,15.170300578008696,0.9874093129551017
0.1491666666666666,1991,8.7800265,1.0199765,-17985.968829259436,-3307.0957738131297,2228.2957308270397,2859.939,5.491088057165011,15.199355672126096,0.987762716761566
0.1119166666666666,1992,8.7800265,1.0199765,-18040.297054909646,-3302.7588553155774,2236.782730561964,2859.939,5.688377423831128,15.228013211719285,0.9882488461411824
0.455,1993,8.7800265,1.0199765,-18031.82484980393,-3301.391733288705,2233.9500298592907,2859.939,6.174523123902626,15.221213351048513,0.9888560641600451
0.4034166666666667,1994,8.7800265,1.0199765,-18085.057261441572,-3293.6592844893853,2213.6805441616257,2859.939,6.104834927974284,15.224693954987957,0.989473699561477
0.5965,1995,8.7800265,1.0199765,-18014.35007952424,-3302.3454285715866,2245.133973408355,2859.939,6.3833140825632135,15.26936239421583,0.9900038688101362
0.6145833333333334,1996,8.7800265,1.0199765,-18049.22005287465,-3296.4138068207462,2266.738052488906,2859.939,6.468586189335199,15.30748928229771,0.9905288470794293
0.5570833333333334,1997,8.7800265,1.0199765,-18279.943913435767,-3263.6857195075427,2134.4922066924883,2859.939,6.454251353872552,15.33994576558445,0.9910478587738918
1.0980833333333333,1998,8.7800265,1.0199765,-18031.04709638661,-3279.87948074015,2187.8547108024036,2859.939,4.97177761903667,15.369075653354033,0.9915939627492548
0.5139166666666667,1999,8.7800265,1.0199765,-17803.452942736705,-3296.003614579291,2244.523471324724,2859.939,6.344620862928956,15.398181613048974,0.9922547497721443
0.5340833333333334,2000,8.7800265,1.0199765,-18066.946082575832,-3279.8835402936097,2163.51769647112,2859.939,6.946441426203584,15.426554180555542,0.992921754889051
0.7315833333333334,2001,8.7800265,1.0199765,-17987.001999925775,-3287.8954510680546,2183.884656849894,1146.8864,7.1932359050279695,15.453618722656472,0.9936186238544906
0.6939166666666666,2002,8.7800265,1.0199765,-17904.90159610536,-3293.9497188815017,2199.0453227775783,1146.8864,7.025383707131841,15.479727901145155,0.9944014421969487
0.95775,2003,8.7800265,1.0199765,-17671.953045119546,-3314.6533206445465,2259.3805534528383,1146.8864,6.843448304368933,15.505790858242475,0.995204295890895
0.7326666666666667,2004,8.7800265,1.0199765,-17659.91669700975,-3313.7659602924045,2258.43043285275,1146.8864,6.8707877838255165,15.532046715329736,0.9961098007483414
0.9548333333333332,2005,8.7800265,1.0199765,-17620.849301262107,-3310.5061698165423,2242.478429987261,1146.8864,4.806154668577548,15.558009227291274,0.9970933109087381
0.87875,2006,8.7800265,1.0199765,-17708.88475703619,-3301.0612505802437,2213.318673897265,1146.8864,5.538083199097307,15.586087418159195,0.9981465009209669
0.8835000000000001,2007,8.7800265,1.0199765,-17773.66337258924,-3293.0064761095196,2189.310934245806,1146.8864,4.785582087216653,15.615161639678277,0.9992148646129068
0.75175,2008,8.7800265,1.0199765,-17890.114447550655,-3278.4296838987734,2145.071485422497,1146.8864,5.853722473423898,15.643679420491697,1.0003188946699264
0.9008333333333334,2009,8.7800265,1.0199765,-17809.62424857503,-3279.2386281033478,2149.6031730186196,1146.8864,4.403945159134903,15.671593525214087,1.001393770072979
1.1700833333333334,2010,8.7800265,1.0199765,-17798.72958275264,-3277.9925333713386,2140.8138921650343,1146.8864,5.795405319133149,15.698306694597054,1.002454981094787
0.8398333333333333,2011,8.7800265,1.0199765,-17732.431725660335,-3281.824157786951,2145.97593513108,1141.9607,5.690221404255047,15.724856302751974,1.003569133026059
0.6288333333333334,2012,8.7800265,1.0199765,-17934.42850693991,-3273.062739520624,2256.966138187237,1141.9607,5.403589578307188,15.750884683253235,1.004649979567526
0.7351666666666666,2013,8.7800265,1.0199765,-18040.146740409124,-3258.302400441966,2201.123659113633,1141.9607,5.676715856342865,15.776482281331498,1.005662582558749
0.9155833333333332,2014,8.7800265,1.0199765,-18061.783376058414,-3253.6952180103167,2184.1647915000403,1141.9607,5.07557523465427,15.801792405886257,1.0065871397425659
0.6208333333333333,1990,-9.1676396,-171.819687,-10221.901507726556,-4062.1816930507166,4532.036015405756,0.0,-2.988955289274967,7.419979923661835,0.9452214452214452
0.9876363636363638,1991,-9.1676396,-171.819687,-10221.901507726556,-4062.1816930507166,4532.036015405756,0.0,-2.988955289274967,7.4133673356952405,0.9505882352941176
0.2713499691954439,1992,-9.1676396,-171.819687,-10220.806517378449,-4061.720963188499,4532.366745802859,0.0,-2.988955289274967,7.409741954080923,0.9527186761229315
0.2696845379301718,1993,-9.1676396,-171.819687,-10220.806517378449,-4061.720963188499,4532.366745802859,0.0,-2.988955289274967,7.405495663199472,0.9560047562425684
0.4825159375663232,1994,-9.1676396,-171.819687,-10221.901507726556,-4062.1816930507166,4532.036015405756,0.0,-2.988955289274967,7.40184157874383,0.9581839904420549
0.4816539830232378,1995,-9.1676396,-171.819687,-10221.901507726556,-4062.1816930507166,4532.036015405756,0.0,-2.988955289274967,7.398174092970465,0.9627403846153846
0.4476608155130523,1996,-9.1676396,-171.819687,-10220.806517378449,-4061.720963188499,4532.366745802859,0.0,-2.988955289274967,7.394493107219038,0.9673518742442564
0.5214872938545981,1997,-9.1676396,-171.819687,-10221.901507726556,-4062.1816930507166,4532.036015405756,0.0,-2.988955289274967,7.395107546562485,0.9733333333333334
0.8063420455287943,1998,-9.1676396,-171.819687,-10221.901507726556,-4062.1816930507166,4532.036015405756,0.0,-2.988955289274967,7.400620577371135,0.9818401937046005
0.7888665934632882,1999,-9.1676396,-171.819687,-10221.901507726556,-4062.1816930507166,4532.036015405756,0.0,-2.988955289274967,7.407924322559599,0.9843561973525873
0.7888665934632882,2000,-9.1676396,-171.819687,-10221.901507726556,-4062.1816930507166,4532.036015405756,0.0,-2.988955289274967,7.418180822726788,0.9833333333333333
0.7931339997007396,2001,-9.1676396,-171.819687,-10221.901507726556,-4062.1816930507166,4532.036015405756,0.0,-2.988955289274967,7.426549072397305,0.9834710743801653
0.7999215633603883,2002,-9.1676396,-171.819687,-10221.901507726556,-4062.1816930507166,4532.036015405756,0.0,-2.988955289274967,7.409741954080923,0.9903614457831326
0.7999215633603883,2003,-9.1676396,-171.819687,-10221.901507726556,-4062.1816930507166,4532.036015405756,0.0,-2.988955289274967,7.368339686311381,1.0012626262626263
0.7999215633603883,2004,-9.1676396,-171.819687,-10221.901507726556,-4062.1816930507166,4532.036015405756,0.0,-2.988955289274967,7.319202458767849,1.0093209054593875
0.7999215633603883,2005,-9.1676396,-171.819687,-10221.901507726556,-4062.1816930507166,4532.036015405756,0.0,-2.988955289274967,7.265429723253953,1.0226308345120225
0.793894705636811,2006,-9.1676396,-171.819687,-10221.901507726556,-4062.1816930507166,4532.036015405756,0.0,-2.988955289274967,7.21890970761906,1.0434131736526946
0.7959335721546097,2007,-9.1676396,-171.819687,-10221.901507726556,-4062.1816930507166,4532.036015405756,0.0,-2.988955289274967,7.202661196523238,1.050381679389313
0.7959335721546097,2008,-9.1676396,-171.819687,-10221.901507726556,-4062.1816930507166,4532.036015405756,0.0,-2.988955289274967,7.206377291472252,1.0424242424242425
0.7959335721546097,2009,-9.1676396,-171.819687,-10221.901507726556,-4062.1816930507166,4532.036015405756,0.0,-2.988955289274967,7.212294468500341,1.0421686746987953
0.7959335721546097,2010,-9.1676396,-171.819687,-10221.901507726556,-4062.1816930507166,4532.036015405756,0.0,-2.988955289274967,7.221105098182496,1.050974512743628
0.7959335721546097,2011,-9.1676396,-171.819687,-10221.901507726556,-4062.1816930507166,4532.036015405756,0.0,-2.988955289274967,7.231287004327616,1.0534918276374443
0.7959335721546097,2012,-9.1676396,-171.819687,-10221.901507726556,-4062.1816930507166,4532.036015405756,0.0,-2.988955289274967,7.273092595999522,1.0381895332390383
0.7959335721546097,2013,-9.1676396,-171.819687,-10221.901507726556,-4062.1816930507166,4532.036015405756,0.0,-2.988955289274967,7.315218389752975,1.0228802153432033
1.0548080388963497,2014,-9.1676396,-171.819687,-10221.901507726556,-4062.1816930507166,4532.036015405756,0.0,-2.988955289274967,7.3098814858247865,1.0257452574525745
0.4785,1990,-19.9160819,-175.202642,-18533.407204940097,-3280.4268311715405,2289.7468721840496,0.0,2.2663878046821577,11.50010361525017,1.026104623719909
0.4050833333333333,1991,-19.9160819,-175.202642,-18533.376403578462,-3280.4179498729777,2289.7373332579136,0.0,2.3316971935374933,11.502966034075655,1.0281248719734524
0.311,1992,-19.9160819,-175.202642,-18533.34764168779,-3280.4050520176693,2289.5057718820585,0.0,2.106971588358657,11.505497949141432,1.0302720392718347
0.0252499999999999,1993,-19.9160819,-175.202642,-18533.336876021785,-3280.3995469418273,2289.5501440598,0.0,2.0877196831240616,11.50783251790422,1.0323569064836378
0.2269166666666666,1994,-19.9160819,-175.202642,-18533.380433597737,-3280.4459987653695,2289.8041769182737,0.0,2.2255204464910667,11.51023184041874,1.03395672302327
0.48525,1995,-19.9160819,-175.202642,-18533.622666529027,-3280.5565774999673,2290.366661211069,0.0,2.2399221452019638,11.51268543616562,1.0351762885758489
0.2769166666666667,1996,-19.9160819,-175.202642,-18533.570949603378,-3280.553602368393,2290.3125661255654,0.0,1.9200060886725823,11.514873566188244,1.0364837398373983
0.1847499999999999,1997,-19.9160819,-175.202642,-18533.54504203802,-3280.5549422543845,2290.3759066221287,0.0,2.210436908808354,11.519483911267475,1.036374671252276
0.2186666666666666,1998,-19.9160819,-175.202642,-18533.56142877198,-3280.5699280220038,2290.3409027648595,0.0,2.4658342558065636,11.526275949338366,1.0351426792778682
0.0192499999999999,1999,-19.9160819,-175.202642,-18533.50074274583,-3280.5201639726306,2290.220634369861,0.0,2.294784749261312,11.532551606105406,1.0342289509903657
0.3723333333333333,2000,-19.9160819,-175.202642,-18535.56192691172,-3280.3786541310437,2288.304585025782,0.0,1.8139774777944877,11.538612704706205,1.0333333333333334
0.5812499999999999,2001,-19.9160819,-175.202642,-18535.56239938707,-3280.3714512247757,2288.3143367007283,0.0,1.8374655173175922,11.544511337529414,1.0323933677287227
0.7566666666666667,2002,-19.9160819,-175.202642,-18535.453191681227,-3280.361118127935,2288.3140458518365,0.0,1.8325014605481396,11.55026941811065,1.0316873152878085
0.3993333333333333,2003,-19.9160819,-175.202642,-18535.454186685292,-3280.363896056917,2288.2910517906785,0.0,2.113770502003427,11.556090312864955,1.0314214560877855
0.71975,2004,-19.9160819,-175.202642,-18535.45104477964,-3280.367605868056,2288.2860961346832,0.0,1.9890517369518312,11.562058427520439,1.0311333707191614
0.75075,2005,-19.9160819,-175.202642,-18535.393784502183,-3280.3571445534394,2288.285513240479,0.0,2.0786162011800484,11.567726101436344,1.0308180332596366
0.507,2006,-19.9160819,-175.202642,-18535.23415504411,-3280.3248062169746,2288.292582676885,0.0,2.168585019127055,11.572985221397891,1.0305180029447196
0.7898333333333333,2007,-19.9160819,-175.202642,-18535.272646552716,-3280.3398313755706,2288.184394699507,0.0,2.212167922869583,11.57718582242387,1.027936254373954
0.3494166666666666,2008,-19.9160819,-175.202642,-18535.17103135356,-3280.321612329767,2288.17410849149,0.0,2.1023765129623317,11.57994839740072,1.0228136882129277
0.2703333333333333,2009,-19.9160819,-175.202642,-18535.03247951452,-3280.3059729824686,2288.1793565950748,0.0,1.9636097261547143,11.581929003066959,1.018043809918445
0.9370833333333334,2010,-19.9160819,-175.202642,-18535.093791929918,-3280.3234255909506,2288.153210705417,0.0,2.018177653075922,11.584157161749829,1.014199163431058
0.6121666666666666,2011,-19.9160819,-175.202642,-18535.124709636082,-3280.33267540828,2288.1731594482553,0.0,1.835521138666924,11.586278151967912,1.0102932934802915
0.6741666666666667,2012,-19.9160819,-175.202642,-18535.068565207795,-3280.3157113179172,2288.0828619959575,0.0,1.8404067660495764,11.585264731027953,1.0063829787234042
0.8150833333333334,2013,-19.9160819,-175.202642,-18535.025709033183,-3280.3047576740832,2288.054279315952,0.0,1.2084826198037641,11.581415543411271,1.002337234957556
0.7115833333333333,2014,-19.9160819,-175.202642,-18534.975184684594,-3280.3159104787155,2288.0637641803996,0.0,1.7539537544921562,11.577082663413542,0.9982758297569295
0.2141666666666667,1990,10.7466905,-61.0840075,-13671.196692050677,-3683.2996217631326,2651.0651270450917,107.0783,3.246121273758396,14.051782750285282,0.9813476090428819
0.2789166666666666,1991,10.7466905,-61.0840075,-13400.384532096316,-3709.1487216428077,2727.7831836017863,107.0783,3.4662732583983433,14.05941549250755,0.9815342717581336
0.26325,1992,10.7466905,-61.0840075,-13437.67775431388,-3706.01062544664,2733.88609568643,107.0783,3.4551488067546283,14.066659861501728,0.9815517892513892
0.5195,1993,10.7466905,-61.0840075,-13737.420540117946,-3679.6855442444803,2676.3212436684908,107.0783,3.3367157477953615,14.073228661105418,0.981592564743789
0.342,1994,10.7466905,-61.0840075,-12839.663254089062,-3769.0811435928513,2915.36842759456,107.0783,3.5004180872023807,14.078946555612845,0.9814491412005987
0.7745000000000001,1995,10.7466905,-61.0840075,-12783.366532908434,-3774.334837846583,2934.040186772866,107.0783,3.5579788835545814,14.083873716111881,0.9812903167163066
0.5307499999999999,1996,10.7466905,-61.0840075,-12127.090072852836,-3837.3844905614837,3108.1547542971985,107.0783,3.6543527070443367,14.088155639414758,0.9810796257554801
0.6565,1997,10.7466905,-61.0840075,-12218.246335394106,-3826.79057404267,3065.6646450311596,107.0783,3.759279668162947,14.091755727662203,0.9810025758709721
1.2185833333333334,1998,10.7466905,-61.0840075,-7711.048834351548,-4284.610330141048,4383.322903384926,107.0783,3.7961923127094117,14.095088883576706,0.9809954615580486
0.6655833333333333,1999,10.7466905,-61.0840075,-9866.983937717552,-4060.7660821940945,3721.0112029824927,107.0783,3.725490997110503,14.098478034152073,0.9809142529600372
0.5001666666666666,2000,10.7466905,-61.0840075,-9197.165054830444,-4125.703767358412,3914.3802879652894,107.0783,3.7961923127094117,14.102344520872808,0.9808502381267462
0.7655,2001,10.7466905,-61.0840075,-8120.0516564692525,-4233.8616398793465,4221.209745595184,84.3718,3.8352197118492177,14.107110196722655,0.9804949140003699
0.5791666666666667,2002,10.7466905,-61.0840075,-7490.338708960161,-4293.440236101484,4386.141279159537,84.3718,3.8801339101616006,14.112621042915313,0.9798566992581959
0.7785833333333333,2003,10.7466905,-61.0840075,-6742.945775848783,-4358.382004889611,4496.797621327685,84.3718,3.8235545674405156,14.11823985102053,0.9791375448159694
0.4078333333333333,2004,10.7466905,-61.0840075,-5670.701054827002,-4462.63481918266,4771.972182279428,84.3718,3.8235545674405156,14.123856651312101,0.9784361718827216
1.10425,2005,10.7466905,-61.0840075,-4717.04442234071,-4541.804314000985,4897.4485789776245,84.3718,3.8616072206532355,14.129645887284212,0.9776175996879898
0.7693333333333333,2006,10.7466905,-61.0840075,-2335.0328184728646,-4778.857432405398,5567.372984447371,84.3718,4.3124206288299,14.135358952451208,0.9770309193088457
0.5668333333333333,2007,10.7466905,-61.0840075,-2455.756989174873,-4767.730821592116,5562.920414020439,84.3718,4.403604645827376,14.14110960946185,0.9766714910890919
0.5069166666666667,2008,10.7466905,-61.0840075,-3064.958107609752,-4709.407542680289,5436.072592966534,84.3718,4.528398206978593,14.146828821368317,0.97613406128159
0.6234166666666666,2009,10.7466905,-61.0840075,-2101.79069275089,-4784.231917112139,5498.142086064821,84.3718,4.448318695586527,14.152833860897221,0.975354450705377
1.2031666666666665,2010,10.7466905,-61.0840075,-1801.3289182171268,-4808.827225372262,5540.140017133426,84.3718,4.666492917010756,14.15931016940034,0.974540770609319
0.5884166666666667,2011,10.7466905,-61.0840075,-2682.2008931547884,-4725.1887848050255,5343.384195347276,83.4234,4.595214795122121,14.1661815139853,0.9739278386628635
0.6784166666666667,2012,10.7466905,-61.0840075,-3621.9890825043713,-4639.39398552754,5165.278177221638,83.4234,4.503114204338566,14.173448603853767,0.9735163206794833
0.68375,2013,10.7466905,-61.0840075,-3904.81694682931,-4622.254073835296,5205.046705655526,83.4234,4.577123529877094,14.180660487543703,0.9730946002947186
0.7635000000000001,2014,10.7466905,-61.0840075,-3814.9003124268206,-4629.515326905548,5225.328348698485,83.4234,4.520539971778854,14.187529872592176,0.9725397999532245
1.074,1990,36.8002068,10.1857757,-16154.073906431038,-3038.141472171754,1500.4679899222092,4.6311,6.566088292983818,15.94849559168691,1.0141993507804523
-0.0360833333333333,1991,36.8002068,10.1857757,-15755.836259428906,-3038.7735302818946,1487.8085484771775,4.6311,6.697283846143822,15.969926562357864,1.0140109631518233
0.1396666666666667,1992,36.8002068,10.1857757,-15773.947520371526,-3023.748462487215,1443.9902678299527,4.6311,6.790721337684503,15.99055087416461,1.013829184135788
0.63075,1993,36.8002068,10.1857757,-15698.551746483634,-3016.5329830048736,1403.0167791629897,4.6311,6.894950749777354,16.010195691418307,1.0136586079264878
1.3484166666666668,1994,36.8002068,10.1857757,-15666.359643120088,-3074.511530848613,1577.693562855737,4.6311,6.864655692717824,16.028514648033287,1.0135424759911418
0.7743333333333333,1995,36.8002068,10.1857757,-15390.831114313853,-3094.061875051267,1641.4732281039187,4.6311,6.8658435242221625,16.044890563389306,1.0129926920980183
0.6333333333333333,1996,36.8002068,10.1857757,-15471.273814591532,-3008.448888412791,1373.8701115243296,4.6311,6.934189690832235,16.05946497740512,1.0118304947129064
1.1739166666666667,1997,36.8002068,10.1857757,-15561.325699269977,-3052.5739291902964,1497.525612192104,4.6311,6.891435330115041,16.07288351301175,1.0104690952292006
0.8248333333333333,1998,36.8002068,10.1857757,-15497.977829680187,-3012.89315041579,1350.2465266361535,4.6311,6.939407325751107,16.085277891078427,1.008933044000499
1.81225,1999,36.8002068,10.1857757,-15386.330404982675,-3006.0583765067313,1337.0762703922317,4.6311,6.9637527414009215,16.09667454863774,1.0072721075782207
1.1894166666666666,2000,36.8002068,10.1857757,-14988.633374886447,-3085.367906916935,1550.3953940115612,4.6311,7.04873057190623,16.107369935572247,1.005595133693287
1.8125833333333328,2001,36.8002068,10.1857757,-14988.018022497661,-3061.3590266410197,1469.8339527789815,11.6084,7.079659344987378,16.117607831993993,1.0039201769923924
1.397333333333333,2002,36.8002068,10.1857757,-14885.954284401349,-3069.483344369867,1465.7919340814472,11.6084,6.970680968956469,16.12750722284555,1.00218891728725
1.54275,2003,36.8002068,10.1857757,-14844.303009825126,-3012.172801163687,1306.8794172789503,11.6084,7.016005555256916,16.137290054108004,1.0003543958825714
1.0178333333333334,2004,36.8002068,10.1857757,-14604.006116961593,-3056.7479063732976,1434.587174867288,11.6084,7.059808933015522,16.146899216624192,0.9982739730867943
0.9104166666666668,2005,36.8002068,10.1857757,-14576.406484143185,-3051.354001568564,1406.8950340708352,11.6084,7.078478669654492,16.156195062611058,0.996566857014582
1.426,2006,36.8002068,10.1857757,-14409.900982365796,-3084.1938648340342,1475.7510754215511,11.6084,7.043346710768183,16.165318683055585,0.9953927400729594
1.2928333333333333,2007,36.8002068,10.1857757,-14317.88924523743,-3057.840441056304,1400.6237046955314,11.6084,7.032810916157604,16.17451331829108,0.9942070260189065
1.3321666666666667,2008,36.8002068,10.1857757,-14074.96825958571,-3122.3986523295457,1596.8902545795997,11.6084,7.034724172938953,16.183919065017317,0.9930646437160149
1.1321666666666668,2009,36.8002068,10.1857757,-13883.476760431968,-3080.0145679090024,1459.6609233927122,11.6084,7.061088367529856,16.193620939672815,0.9919220482737731
1.65725,2010,36.8002068,10.1857757,-13598.991133758802,-3154.4282372676025,1655.557440896673,11.6084,7.059697607910797,16.203820217028465,0.9907317756806135
0.9855833333333334,2011,36.8002068,10.1857757,-13953.658921899161,-3067.128828161634,1461.6277538632332,20.0165,6.982424436499036,16.216358467437598,0.9900407116328486
1.6074166666666667,2012,36.8002068,10.1857757,-13901.85741730607,-3062.449279960833,1415.966154445041,20.0165,7.000016451648389,16.22913457390207,0.9892908832938421
1.4095833333333332,2013,36.8002068,10.1857757,-13925.88912781596,-3084.027476062676,1447.305550974484,20.0165,7.027670262643711,16.240338504603457,0.9879814598136165
1.8831666666666669,2014,36.8002068,10.1857757,-13520.424948805234,-3084.5930616215273,1444.237659611886,20.0165,7.099617346690942,16.251659993040004,0.9866663815894342
0.0101666666666666,1992,39.3763807,59.3924609,-17611.2958301015,-3420.303354937319,2603.7923207547733,0.0,4.887913080759285,15.183225892882742,0.961645108589757
-0.3895833333333333,1993,39.3763807,59.3924609,-17420.28628848381,-3404.1680202802195,2483.063572677808,0.0,6.6451255332776205,15.209698433168906,0.9634508861999811
0.3236666666666667,1994,39.3763807,59.3924609,-17486.781904203912,-3379.425054700277,2366.7502721156393,0.0,6.342755830115736,15.234523045788663,0.9650230922615963
1.41275,1995,39.3763807,59.3924609,-17659.444403468922,-3361.588900414633,2284.4905159037035,0.0,6.826239580323175,15.256913887021593,0.9662964315538012
0.2253333333333333,1996,39.3763807,59.3924609,-17685.114324729457,-3370.942114195869,2375.4540537852854,0.0,6.261259290907571,15.274379734410502,0.9672805461612559
1.20075,1997,39.3763807,59.3924609,-17795.268995993094,-3371.974280650847,2450.6857371806473,0.0,6.902345512546699,15.288824691871882,0.9680927688819593
1.1479166666666667,1998,39.3763807,59.3924609,-17657.184897130734,-3382.7218171663003,2428.626321380987,0.0,6.706515406013641,15.30425274698242,0.9688363986456557
1.29425,1999,39.3763807,59.3924609,-17584.49946330054,-3355.152353719311,2292.617981806269,0.0,6.550962328080857,15.319827925945155,0.9694846876490433
1.2866666666666668,2000,39.3763807,59.3924609,-17462.709441961313,-3300.9392002266404,2071.81588222076,0.0,6.5334204561356115,15.334833810476088,0.9700402145639068
1.47775,2001,39.3763807,59.3924609,-17545.337585849782,-3326.350113228708,2107.873123728639,0.0,6.584097339431981,15.349167037251096,0.9705834211610433
1.2895833333333333,2002,39.3763807,59.3924609,-17358.0494610762,-3322.7147518080355,2070.189015035034,0.0,6.370593037823465,15.362853468102198,0.9711238250885208
0.5450833333333334,2003,39.3763807,59.3924609,-17294.66548136307,-3315.403065339027,2033.7791198067428,0.0,6.407206764354642,15.3755453884332,0.9715975659672911
1.5745833333333332,2004,39.3763807,59.3924609,-16925.169144612864,-3329.006930837412,2033.5564967807006,0.0,6.510071328989964,15.388241331568672,0.9719827259950862
1.50825,2005,39.3763807,59.3924609,-17105.935132558898,-3290.7413673889328,1874.5054986807477,0.0,6.356394772253201,15.401838479800892,0.9724056382879086
1.3635833333333334,2006,39.3763807,59.3924609,-16166.124968651646,-3373.133770377547,2077.041767158784,0.0,6.52485028691875,15.415711742869778,0.9728529221667485
1.1828333333333334,2007,39.3763807,59.3924609,-16308.014689003798,-3396.298376050236,2143.181117685052,0.0,7.211387759628958,15.429915116168711,0.9732957437183088
0.7716666666666668,2008,39.3763807,59.3924609,-16245.9948679173,-3372.3500093045213,1982.9409489138654,0.0,7.202794575565311,15.44476737207193,0.973873691168878
1.2491666666666668,2009,39.3763807,59.3924609,-15972.958300873255,-3413.0113255575952,2015.1913220587217,0.0,7.346342773962577,15.460500346206414,0.9745840228491109
1.934,2010,39.3763807,59.3924609,-15808.872816358724,-3413.938136073134,1956.1936650755006,0.0,7.271336996154774,15.477155457241814,0.9753629394533447
0.7055833333333333,2011,39.3763807,59.3924609,-15517.613576270744,-3440.9173669184265,2012.9339194809515,0.0,6.707036893493946,15.49462582757154,0.9761915996546612
0.7995833333333332,2012,39.3763807,59.3924609,-15252.307313241365,-3353.3069034755085,1737.3542744891708,0.0,6.895511691224252,15.51271774344555,0.9770974339694534
1.806,2013,39.3763807,59.3924609,-15116.001966725475,-3342.9107190268087,1694.1026493297297,0.0,6.8707877838255165,15.531125572558672,0.978015934143144
0.7605000000000001,2014,39.3763807,59.3924609,-15039.197638985761,-3337.97982135965,1670.9746466725867,0.0,6.253893347954494,15.549491009052657,0.9787832432311554
0.537,1990,21.721746,-71.5527809,-18098.037442296645,-2899.624486752858,786.4376552466681,0.0,0.4186445432202785,9.368027647811777,1.075150655795817
0.1345,1991,21.721746,-71.5527809,-18097.99508661694,-2899.616871524294,786.4260894370547,0.0,0.4792730352528842,9.419709489868552,1.0717526466140144
0.6805,1992,21.721746,-71.5527809,-18035.21981984372,-2786.8034984618034,473.064846203081,0.0,0.37905268415633137,9.47378098005493,1.0680120769108534
0.5025,1993,21.721746,-71.5527809,-18013.813477392403,-2753.4128491312936,377.23100693555966,0.0,0.24513984918610587,9.525516008736886,1.064316915198072
1.0892,1994,21.721746,-71.5527809,-18013.76713204043,-2753.40304279259,377.2170581449658,0.0,0.2214621385316716,9.575122364808813,1.0612566194360955
1.1346,1995,21.721746,-71.5527809,-18097.90535410328,-2899.581572556359,786.3618841907266,0.0,0.6333971761541712,9.62258246436337,1.058334469129072
0.4714166666666666,1996,21.721746,-71.5527809,-18097.89179640744,-2899.569671986523,786.3494671200178,0.0,0.6343521340494398,9.668081624649718,1.0560686873943022
1.1346666666666667,1997,21.721746,-71.5527809,-18097.796895900567,-2899.556992144847,786.351797583151,0.0,0.5069380770387981,9.71202433782489,1.0543599950242568
1.3325,1998,21.721746,-71.5527809,-18097.806184537,-2899.548166827571,786.3232000735718,0.0,0.8386750765248876,9.754987544217684,1.0526253125372067
0.7505833333333335,1999,21.721746,-71.5527809,-18097.696986795534,-2899.5338291574194,786.3296405578238,0.0,0.9247746415224652,9.797293356129725,1.0519110096976612
0.7265833333333335,2000,21.721746,-71.5527809,-18097.57501425692,-2899.5244037827692,786.3483612111389,0.0,1.005473083924486,9.838628980187632,1.0521129844536896
0.9663636363636364,2001,21.721746,-71.5527809,-18109.20410452269,-2917.3081340286517,837.7366526116444,0.0,1.156031779535596,9.882161765821376,1.0528468071720667
0.9446666666666668,2002,21.721746,-71.5527809,-18108.917804839464,-2917.2666923816164,837.7499067926582,0.0,1.376193518940461,9.932949262685748,1.051797987847395
1.265,2003,21.721746,-71.5527809,-18108.83305993814,-2917.252866655754,837.7423747407973,0.0,1.3566853076157728,9.9869091606752,1.0488172651022525
0.8375,2004,21.721746,-71.5527809,-18107.662042025175,-2916.521594856075,832.8654248915022,0.0,1.3990378172672533,10.037493832383863,1.0459872953386418
0.92125,2005,21.721746,-71.5527809,-18107.37743544258,-2916.4919042957895,832.900599689908,0.0,1.5949535182331267,10.085600754292345,1.0428230887110506
1.1514166666666668,2006,21.721746,-71.5527809,-18107.176303822398,-2916.4643936856514,832.9053261814383,0.0,1.750329651131582,10.131738041218483,1.0402728158493018
1.237,2007,21.721746,-71.5527809,-18183.464627406178,-3036.6214831922307,1177.200312341351,0.0,2.1909493738108408,10.176106747310863,1.0384913860003104
0.629909090909091,2008,21.721746,-71.5527809,-18106.826395668817,-2916.419910092955,832.9107024250117,0.0,1.931231514514649,10.2191008899166,1.0368417143281587
0.8374166666666666,2009,21.721746,-71.5527809,-18055.86383532208,-2921.5626757992877,810.041086123505,0.0,1.912486315766346,10.260462451483859,1.034742987327353
1.0034166666666666,2010,21.721746,-71.5527809,-18106.720742192163,-2916.402935494319,832.9079503033695,0.0,1.8339245613887338,10.299743721558983,1.0322007246872222
0.6734166666666667,2011,21.721746,-71.5527809,-18106.692359638393,-2916.393982801361,832.8920267381407,0.0,1.8160129610287596,10.335789314597852,1.029905803306765
0.8739166666666667,2012,21.721746,-71.5527809,-18106.68916094903,-2916.3873101339896,832.8838353994773,0.0,1.8658460125807532,10.376019233564437,1.0280042986282318
1.3349166666666663,2013,21.721746,-71.5527809,-18106.604921648548,-2916.3789192107592,832.8905440479198,0.0,1.9467526511935536,10.42213252535425,1.0268476621417797
1.1551,2014,21.721746,-71.5527809,-18106.405996468675,-2916.359986353206,832.9192481955401,0.0,1.9959648195220139,10.462674677179997,1.026119186888284
0.2266666666666666,1990,-8.6405212,179.1582918181797,-18429.02660176541,-3064.9737676386185,1690.0710522966426,0.0,-1.4854519326531093,9.125109227613523,0.9239472030169704
0.5421666666666667,1991,-8.6405212,179.1582918181797,-18429.076233631346,-3065.0607705298376,1690.2911148972496,0.0,-1.458865053954726,9.143452426434552,0.9292491749174917
0.2190833333333333,1992,-8.6405212,179.1582918181797,-18429.170191884587,-3065.166640605384,1690.6052536749396,0.0,-1.407313728343966,9.155461710466193,0.9342051491622395
-0.0126363636363636,1993,-8.6405212,179.1582918181797,-18429.282657174223,-3065.279907879948,1690.952284154329,0.0,-1.2891676503891678,9.160834952072344,0.9402650356778797
-0.217,1994,-8.6405212,179.1582918181797,-18429.376575454145,-3065.3854434834643,1691.2597563872919,0.0,-1.2245157055572653,9.165238398063762,0.9464467521889636
0.3779166666666667,1995,-8.6405212,179.1582918181797,-18429.475290650156,-3065.493223708127,1691.5814574546096,0.0,-1.3119292791645838,9.167954655479745,0.9513436482084691
0.3979166666666667,1996,-8.6405212,179.1582918181797,-18429.47258181457,-3065.49352959742,1691.5799491325408,0.0,-2.1507227436847995,9.170559501964338,0.9572301425661914
0.3841818181818182,1997,-8.6405212,179.1582918181797,-18429.46133649733,-3065.489517915973,1691.5688333502062,0.0,-1.5692561228012685,9.172638504792172,0.962502547381292
0.1669090909090909,1998,-8.6405212,179.1582918181797,-18459.200293760838,-3109.6832241709953,1819.9005295870295,0.0,0.3157591950236713,9.172949982757624,0.9675245098039216
0.4048333333333333,1999,-8.6405212,179.1582918181797,-18429.44770128578,-3065.4867190739237,1691.5563975476439,0.0,-1.4329667693183212,9.17367638760459,0.9733879222108496
0.51725,2000,-8.6405212,179.1582918181797,-18429.44392625718,-3065.486485184926,1691.5566218919441,0.0,-1.3704210119636004,9.173468897200278,0.9794619018278907
0.7726363636363637,2001,-8.6405212,179.1582918181797,-18429.43388383004,-3065.4837120490038,1691.5564266380745,0.0,-1.1260862656688648,9.171807422259398,0.9859649122807017
0.8068333333333334,2002,-8.6405212,179.1582918181797,-18429.404996608853,-3065.4776799144493,1691.5385229417273,0.0,-1.0015763261565154,9.170455438277267,0.9927416009954376
0.4757499999999999,2003,-8.6405212,179.1582918181797,-18429.406889408507,-3065.477740364756,1691.5346600114922,0.0,-1.0183234574393067,9.176576741823373,0.9995863495346432
0.6860833333333334,2004,-8.6405212,179.1582918181797,-18429.400506952683,-3065.4761089904177,1691.5339535918636,0.0,-1.0529699307894087,9.189321004752108,1.007380073800738
0.8110833333333334,2005,-8.6405212,179.1582918181797,-18429.393273963462,-3065.4749917076574,1691.5323930332381,0.0,-1.0706080922585124,9.201602306032898,1.014018691588785
0.6961666666666666,2006,-8.6405212,179.1582918181797,-18429.38853600891,-3065.4739672801443,1691.5292692983076,0.0,-1.0888599972254314,9.213435576883485,1.020342396777442
0.7010000000000001,2007,-8.6405212,179.1582918181797,-18429.36610113451,-3065.46869711489,1691.5232418687135,0.0,-0.9446902063958531,9.225130457448818,1.0273671594087095
0.3896363636363636,2008,-8.6405212,179.1582918181797,-18429.430046151472,-3065.5612193093475,1691.7722038878403,0.0,-1.0183234574393067,9.237177025929743,1.03607532210109
0.7266666666666666,2009,-8.6405212,179.1582918181797,-18429.410940650367,-3065.556835947436,1691.7614169413146,0.0,-0.8404877684586545,9.25023393563786,1.0433928922049873
0.93325,2010,-8.6405212,179.1582918181797,-18429.434018674856,-3065.5965519381843,1691.870032113274,0.0,-1.0888599972254314,9.263881138904212,1.0501360279828993
0.7418333333333332,2011,-8.6405212,179.1582918181797,-18429.41649277168,-3065.55545433815,1691.7526596087769,0.0,-1.1450751630784506,9.277999020449997,1.0569011918492888
0.636,2012,-8.6405212,179.1582918181797,-18429.41926059402,-3065.5554505464647,1691.744597231931,0.0,-0.952695413767955,9.292381082312392,1.0636882129277567
0.6543333333333333,2013,-8.6405212,179.1582918181797,-18429.412245128362,-3065.555493652379,1691.7382759650357,0.0,-0.8915981192837836,9.298168082341704,1.0678030303030304
0.6918333333333333,2014,-8.6405212,179.1582918181797,-18429.405022910185,-3065.5549335756928,1691.7344331097909,0.0,-0.876589365022603,9.296426320889312,1.0673368740515934
0.2968333333333333,1990,1.5333554,32.2166578,-17533.138306263165,200.66614344902675,363.76359569353787,10471.952,4.165824560465783,16.682649569091666,0.9514194330478877
0.1705833333333333,1991,1.5333554,32.2166578,-17503.564290950097,217.6116478242725,296.93467740404895,10471.952,4.130226374109867,16.715388983953403,0.9518193647757232
0.2579166666666667,1992,1.5333554,32.2166578,-17489.612608109266,230.01973225827942,252.76545859425383,10471.952,4.158292283872019,16.749471996800736,0.9524612926081418
0.25375,1993,1.5333554,32.2166578,-17476.912978696328,243.210487868884,198.62384863481722,10471.952,4.034003441881991,16.784023678661327,0.95333121302997
0.15675,1994,1.5333554,32.2166578,-17476.045584787356,249.1970417280363,192.90826929893828,10471.952,3.849860326407907,16.817474474436004,0.9541884354119338
0.4959166666666666,1995,1.5333554,32.2166578,-17438.630679751852,279.5123508812673,150.4861365490037,10471.952,4.036485903267759,16.844717790549574,0.9547126957174324
0.2725,1996,1.5333554,32.2166578,-17370.273823054384,292.1113459881009,120.9602924434425,10471.952,4.036485903267759,16.871847359015163,0.9551794849429293
0.5155,1997,1.5333554,32.2166578,-17364.505898169013,326.20046228570953,60.31880597714978,10471.952,3.9900297958741073,16.900943443438706,0.9557391239904026
0.4361666666666666,1998,1.5333554,32.2166578,-17339.726290158327,353.53049687905644,-14.226268894186777,10471.952,4.1815492538585834,16.93069815700713,0.956337203417887
-0.0218333333333333,1999,1.5333554,32.2166578,-17311.2791193934,378.5172544477344,-54.8320559103089,10471.952,4.249383418932043,16.963072791986846,0.9570088068248689
0.32825,2000,1.5333554,32.2166578,-17285.64151282678,361.9262771561378,-86.05193905555691,10471.952,4.425134015707815,16.99442639168054,0.9576905789485909
0.2941666666666667,2001,1.5333554,32.2166578,-17237.607464306762,341.98455096290735,-117.2392314290818,10472.3619,4.50707653592217,17.024874326323076,0.9584471125800831
0.627,2002,1.5333554,32.2166578,-17196.91674460131,359.1258271225837,-189.52531047106743,10472.3619,4.512105982090549,17.055955683935192,0.9593448685632833
0.8729999999999999,2003,1.5333554,32.2166578,-17173.256404891374,378.02493200384373,-285.98192830415627,10472.3619,4.643400986262329,17.087158551146715,0.9604402915539771
0.7230833333333333,2004,1.5333554,32.2166578,-17134.71682784393,388.2693963640656,-332.08869163930353,10472.3619,4.708755126244467,17.116743358213807,0.9617248759111322
1.3947500000000002,2005,1.5333554,32.2166578,-17100.041976798933,410.5154963000042,-420.76108700001475,10472.3619,5.58235053985715,17.14580567497944,0.9630772784029797
0.7313333333333333,2006,1.5333554,32.2166578,-17019.997324586933,418.463568823516,-404.3673148098174,10472.3619,5.595474657004749,17.17495585993325,0.9643303405174342
0.55875,2007,1.5333554,32.2166578,-16959.063446029246,438.08361925156123,-494.4938716540944,10472.3619,6.052220689686947,17.204291304610557,0.9655373939495012
0.7845,2008,1.5333554,32.2166578,-16697.770695888703,528.7719743053723,-1079.7700739178126,10472.3619,5.830190430744047,17.233560500799157,0.9667721010011373
1.3131666666666666,2009,1.5333554,32.2166578,-16646.132464548613,528.3492880872172,-1107.5359184756542,10472.3619,5.850336371861582,17.262717097522998,0.9679492456423852
1.3684166666666666,2010,1.5333554,32.2166578,-16477.563376475657,541.2864046295829,-1166.9582534595895,10472.3619,5.744575348752461,17.291868842967784,0.9690717607334248
1.1386666666666667,2011,1.5333554,32.2166578,-16491.03638279389,563.4196512119665,-1186.9561311949699,10472.1569,5.762922072801974,17.320939928737648,0.9701759420776952
1.094666666666667,2012,1.5333554,32.2166578,-16403.461867433227,581.5266170193931,-1261.7962181584164,10472.1569,5.455262994010569,17.34987706664069,0.9711891281343538
1.0609166666666667,2013,1.5333554,32.2166578,-16420.73566272687,597.840260780801,-1324.541973289097,10472.1569,5.627688017927319,17.37864451625635,0.9720938111761731
1.1095,2014,1.5333554,32.2166578,-16329.729747213221,611.8869729709648,-1379.0827405067785,10472.1569,5.777940826493227,17.40833440451163,0.9730852924250746
0.4431666666666667,1992,49.4871968,31.2718321,28193.590931660707,4903.261548477317,5256.1443772141665,0.0,9.924857764255075,17.762614044524263,0.8630333648017213
-0.4426666666666667,1993,49.4871968,31.2718321,19535.825805511686,5694.080646879563,3110.6513590403047,0.0,9.630113056814434,17.762483960171057,0.8641431895831461
0.8937499999999999,1994,49.4871968,31.2718321,14190.38379417394,6168.640887728472,2147.174342775065,0.0,9.53102852128572,17.75684713168308,0.8646175131686054
0.8288333333333334,1995,49.4871968,31.2718321,10875.656843965546,6550.24439470676,1618.5463413840173,0.0,9.56241509711475,17.7485367442455,0.8647608912430537
-0.3030833333333333,1996,49.4871968,31.2718321,9400.781444068703,6414.206319605721,2378.701459781441,0.0,9.308039432495127,17.73978036424957,0.864411527546811
-0.259,1997,49.4871968,31.2718321,9908.326055598958,6255.655146592013,3083.7896271019154,0.0,9.24744580141656,17.73091492015669,0.8640386788733482
0.5826666666666668,1998,49.4871968,31.2718321,9466.80026594635,6233.899262328363,3286.7755009740467,0.0,9.236315849148674,17.72243808345624,0.8637813861996279
1.5995,1999,49.4871968,31.2718321,9438.94797448225,6051.513945061194,3525.5134049614826,0.0,8.997896375727068,17.713842669347482,0.8633768749900824
1.4999166666666666,2000,49.4871968,31.2718321,11160.610550983538,5789.779120119495,4326.554600310961,0.0,8.91682389912958,17.70487388099846,0.8625364283346094
1.1505,2001,49.4871968,31.2718321,12187.595559148416,5638.685149948175,4723.6447160779335,2143.988,8.407825033655758,17.695310615865264,0.8613264428542484
1.44925,2002,49.4871968,31.2718321,13200.02041873562,5478.5502887481525,4780.438515368166,2143.988,8.65767965387202,17.686222657707912,0.8601791127367722
0.38075,2003,49.4871968,31.2718321,15548.846462984267,5307.799711311833,4969.2111721606725,2143.988,8.5571057421178,17.678461883601184,0.8594121423340918
0.9784166666666666,2004,49.4871968,31.2718321,14941.953055148315,5220.341037247653,5673.709077315407,2143.988,8.549698173676006,17.671216322725922,0.8585412668701041
0.985,2005,49.4871968,31.2718321,16822.2875839397,5039.620759299407,6006.368892454052,2143.988,8.460612236697026,17.663797067213498,0.8573266847561515
0.4270833333333333,2006,49.4871968,31.2718321,18423.07880252811,4907.487049677656,6312.223100697185,2143.988,8.429077590450195,17.656951343846412,0.8563005755889427
2.139083333333333,2007,49.4871968,31.2718321,20533.242823931123,4639.9319524923985,7002.008301210223,2143.988,8.43298922269292,17.65093474704497,0.8555194238695493
1.6815,2008,49.4871968,31.2718321,17965.52699455354,4862.569109191558,6603.019492199582,2143.988,8.490118661812508,17.645519193269305,0.8548986660077619
1.5039999999999998,2009,49.4871968,31.2718321,7650.447340851083,5869.797471503712,3255.741982537061,2143.988,8.427078837897833,17.64118852435034,0.8549269092885708
1.642,2010,49.4871968,31.2718321,12174.805289556787,5444.938881947957,4400.106323395478,2143.988,8.465505756207502,17.637237211320812,0.8556122406909603
0.8959166666666666,2011,49.4871968,31.2718321,14926.663345852152,5254.958374963945,4661.047967377138,0.0,8.579026569451258,17.633577414474388,0.8565056226062626
1.4848333333333332,2012,49.4871968,31.2718321,13801.171113749298,5362.588074564365,4276.994194313935,0.0,8.5554350795227,17.631159812196504,0.8578654139006067
1.7858333333333334,2013,49.4871968,31.2718321,12608.936337053536,5612.882709947973,2751.7392645926907,0.0,8.603699145701327,17.628974288992183,0.8593202249498831
1.673,2014,49.4871968,31.2718321,8642.023757781746,5828.01104586404,2595.633529683205,0.0,8.510103136271644,17.625458201259427,0.8606624232413116
0.3585,1990,24.0002488,53.9994829,-15643.423697608823,-3403.9433517057896,2732.067822525168,9236.47048,6.002131848599038,14.457443914663013,2.022402173411655
-0.305,1991,24.0002488,53.9994829,-15397.236132330105,-3414.6673953360355,2759.550158769122,10451.318840000002,5.748549636758735,14.512840976570425,2.0330841988102555
-0.6963333333333334,1992,24.0002488,53.9994829,-15375.195622608155,-3404.8536963532492,2763.4264327965598,2837.53662,4.491604096502947,14.565147234243874,2.0431414561194114
-0.0243333333333333,1993,24.0002488,53.9994829,-15258.781407090943,-3389.2854596922493,2713.351887751655,8359.12888,6.006652129684048,14.614496389856964,2.052734270410398
0.2789999999999999,1994,24.0002488,53.9994829,-14989.361111814442,-3401.3298687638994,2764.3950966007137,513.5265,5.3809504394038425,14.66095985366525,2.0620717219472944
-0.1561666666666666,1995,24.0002488,53.9994829,-14267.650004728912,-3463.1713293374446,2927.998747331007,383.15308000000005,6.7581453742139805,14.705042033209619,2.0718609200479587
0.2735,1996,24.0002488,53.9994829,-14096.526887207165,-3475.872235776877,2909.0475988596754,452.33221999999995,6.430803148720423,14.760480093344153,2.0885544844475925
-0.2870833333333333,1997,24.0002488,53.9994829,-13755.488002354161,-3494.04324488795,2943.709131749729,1204.71838,6.477991136071702,14.825699200132194,2.1095438250034535
1.1421666666666666,1998,24.0002488,53.9994829,-12937.142377560047,-3549.8659919055194,3129.1356401213434,137.92874,5.276090980319845,14.887481085685948,2.1275013008370323
1.1454166666666663,1999,24.0002488,53.9994829,-12411.325134974946,-3587.1678450836907,3212.312774755011,5902.6718,4.498532633042919,14.946125908427165,2.1428727971160217
0.6481666666666667,2000,24.0002488,53.9994829,-12427.53114539301,-3565.9464663169338,3140.2134863274587,2794.28508,5.448802049097017,15.001930101271803,2.1562021498537693
0.8109166666666666,2001,24.0002488,53.9994829,-12081.201827706269,-3576.0598708660177,3147.4689078968117,5526.31468,4.1211916003377365,15.055100571383676,2.16787495769835
0.9501666666666668,2002,24.0002488,53.9994829,-11427.41868617898,-3612.071698507779,3230.9479574594247,3717.34418,5.648598815586293,15.105749586722618,2.1781137145041227
1.0445833333333334,2003,24.0002488,53.9994829,-10595.606435130463,-3660.844565164487,3400.5107278096557,1293.7595000000001,6.00058106508926,15.154042751345296,2.1872787739133126
0.9834166666666668,2004,24.0002488,53.9994829,-10204.735899824547,-3718.958078462073,3541.2214385873212,2157.4074800000003,5.491088057165011,15.200138531431156,2.1957739028416996
0.8716666666666667,2005,24.0002488,53.9994829,-9566.653954777667,-3766.568753710274,3664.294700460169,9045.14928,6.3833140825632135,15.269695783584405,2.229530061603316
0.9459166666666666,2006,24.0002488,53.9994829,-8074.360001246397,-3898.072761278275,4054.69168734981,3900.13676,6.356394772253201,15.404532475030454,2.33065804046185
1.0155833333333333,2007,24.0002488,53.9994829,-6643.368641628399,-4033.2625443567595,4441.591720472672,5223.3732199999995,5.538083199097307,15.58581211066052,2.471770036227429
0.6294166666666666,2008,24.0002488,53.9994829,-4253.772224142176,-4221.442264527716,4949.037370413459,10735.998559999998,4.739775901321259,15.759802827529517,2.5950649342632537
1.0570833333333334,2009,24.0002488,53.9994829,-4668.139267104167,-4166.641217260651,4834.806134875458,17787.82776,6.338087978424844,15.894032176644666,2.675737077205874
1.4659166666666668,2010,24.0002488,53.9994829,-4173.132924984533,-4207.1095322355895,4960.487992863429,3360.1878599999995,6.3251425620968815,15.953429830302765,2.6768876962692585
1.0115,2011,24.0002488,53.9994829,-4142.2946029062305,-4205.254730312193,4969.734926723837,2266.4699800000003,6.422129748772365,15.964385340820762,2.6264862953796917
1.24625,2012,24.0002488,53.9994829,-4213.91249989868,-4187.615804275622,4933.879745313316,542.23514,6.219495376200523,15.97479901892158,2.5796874651428534
0.6689166666666666,2013,24.0002488,53.9994829,-3048.1019333236777,-4267.719252910015,5099.150480731929,20944.809839999998,6.828339707950635,15.984775321772629,2.53592550185405
0.93475,2014,24.0002488,53.9994829,-67.62308726720832,-4551.78863643695,5815.978165753824,18143.512140000003,6.511934524227731,15.994339411185072,2.4949894726516377
1.0247499999999998,1990,54.7023545,-3.2765753,42940.87663474816,6432.224887669367,11500.079003663786,0.0,8.088459190247905,17.862246992136907,0.9451579846401367
0.266,1991,54.7023545,-3.2765753,43910.25484560282,6385.557730033247,11697.565369518497,0.0,8.122060895461388,17.86484823538188,0.9451643587967131
0.4159166666666666,1992,54.7023545,-3.2765753,39498.654792844616,6860.756089681172,10311.709812563517,0.0,8.11537804408956,17.86745618850959,0.9452676114412742
0.0358333333333333,1993,54.7023545,-3.2765753,34795.854412296474,7264.522411991182,9011.094641484919,0.0,8.118750806163247,17.869856796772588,0.9454813001827179
0.52975,1994,54.7023545,-3.2765753,38545.827602040285,6862.100587353874,10305.330248207152,0.0,8.123942196406235,17.872255359246594,0.945797069709262
0.8269166666666666,1995,54.7023545,-3.2765753,37006.97679539875,7011.768736506724,9880.969537231937,0.0,8.090675933683915,17.874752226498604,0.9461735387975303
-0.0738333333333333,1996,54.7023545,-3.2765753,37033.321505942695,7004.432817716639,9814.589618640122,0.0,8.187508761423114,17.877307599672474,0.9466956751937006
1.1134166666666667,1997,54.7023545,-3.2765753,36255.354333420415,6905.803884013814,9718.976194168286,0.0,8.092303032720835,17.880258032378613,0.9474028169880483
0.8328333333333333,1998,54.7023545,-3.2765753,39041.923062008165,7667.378739291265,7495.48507317879,0.0,8.094555993312884,17.88348241411235,0.9482362687736494
1.02575,1999,54.7023545,-3.2765753,28851.4093638619,7586.822909604318,7801.39972050456,0.0,7.99867851584406,17.886845807967326,0.9492017541990467
0.8065833333333333,2000,54.7023545,-3.2765753,25475.54313629883,7881.563258545436,6957.772844767116,0.0,7.888519292365805,17.890503122341492,0.9502587612038307
0.5088333333333334,2001,54.7023545,-3.2765753,25112.053500749396,7835.726729148939,7103.675769407038,0.0,7.815981257983106,17.89460638018783,0.9513517429774703
1.1401666666666668,2002,54.7023545,-3.2765753,25838.063807684262,7831.608784214792,7054.548221981838,0.0,7.695860713791509,17.89905854637061,0.9525700249987245
1.1547500000000002,2003,54.7023545,-3.2765753,27124.18594712623,7674.544179197861,7492.05116331533,0.0,7.266833772080959,17.904001336846193,0.9539532095255491
1.0915833333333331,2004,54.7023545,-3.2765753,27321.817109712912,7625.854873854382,7546.292237060557,0.0,7.155922392994738,17.909785967795404,0.9553805086511528
1.0651666666666666,2005,54.7023545,-3.2765753,28725.852925025913,9573.73386968198,1844.733040988634,0.0,7.340310513589878,17.91623045448628,0.9567967478873868
1.3555,2006,54.7023545,-3.2765753,29734.517272896348,9683.656153209884,1542.7049819052477,0.0,7.162475711351187,17.92316120034795,0.9581954574948656
1.2433333333333334,2007,54.7023545,-3.2765753,28882.50096807509,7266.349434098893,8701.001251571573,0.0,7.133929353618271,17.930648710564775,0.959603849635366
0.7360833333333333,2008,54.7023545,-3.2765753,27460.32330772467,7378.367523702924,8406.327770967378,0.0,7.083429373608717,17.938477416081547,0.9611093546231113
0.8669166666666667,2009,54.7023545,-3.2765753,24554.965836022737,7663.596175667309,7806.367065351863,0.0,7.049496912648637,17.94656271014056,0.962535762545808
-0.287,2010,54.7023545,-3.2765753,26141.682067891892,7535.9348145257745,8135.285150797702,0.0,7.317450029528083,17.95482909131012,0.9638727735396029
1.295,2011,54.7023545,-3.2765753,25883.648873771337,7513.299338906346,8201.626415123697,0.0,7.287239316460923,17.963180429465893,0.9652059679987455
0.5110833333333333,2012,54.7023545,-3.2765753,26564.66190054691,7436.097912255673,8415.272334308225,0.0,7.37544097389252,17.971400525794408,0.9666163224212972
0.5066666666666667,2013,54.7023545,-3.2765753,27080.871029199094,7369.018253524652,8649.470922030023,0.0,7.354038605603427,17.97910591174242,0.968071340925206
1.6023333333333334,2014,54.7023545,-3.2765753,27008.758970915052,7263.293581047805,8954.342563922608,0.0,7.281736875116091,17.986407188815758,0.9694073362338029
0.2155833333333333,1990,-6.5247123,35.7878438,-16702.48904289551,471.97176008779826,-2111.290601463875,46921.6,2.375249881401754,17.081499408056963,0.9783216629067047
0.33625,1991,-6.5247123,35.7878438,-16564.107966318497,605.5219476619687,-2518.2208597253116,46921.6,2.4427556475280583,17.107298683312774,0.9770627996649179
0.3079166666666666,1992,-6.5247123,35.7878438,-16485.052447251754,664.6106538523412,-2708.737656054555,46921.6,2.2802065508761253,17.132627644634127,0.975724512425033
0.1448333333333333,1993,-6.5247123,35.7878438,-16370.2946060874,794.1411105052578,-3103.0070257290577,46921.6,2.3004828849021752,17.164326931085245,0.9773256743524573
0.3363333333333333,1994,-6.5247123,35.7878438,-16379.727564701378,870.9282480256459,-3336.5340434897444,46921.6,2.3004828849021752,17.203228296069604,0.9820461982201288
0.3745,1995,-6.5247123,35.7878438,-16122.959946117437,997.4142501203121,-3829.2394405216974,46921.6,2.5379338567466174,17.235204845558325,0.9838010942818755
0.21,1996,-6.5247123,35.7878438,-16013.781755217371,888.4685777798829,-3910.5634109787284,46921.6,2.853102472801349,17.25402726294987,0.9801087686168922
0.5166666666666667,1997,-6.5247123,35.7878438,-16042.347888752653,872.9908135061333,-3866.7884034233552,46921.6,2.9031782919433833,17.274531654326896,0.9774187710618111
0.6135833333333333,1998,-6.5247123,35.7878438,-15814.2582093643,1126.0622426541424,-4577.415785107875,46921.6,3.088411723293144,17.30063533826185,0.9773768175046511
-0.32325,1999,-6.5247123,35.7878438,-15809.512303857444,945.5072916878914,-4276.91146139855,46921.6,2.8228658755307916,17.327049220652935,0.9773860467493827
0.55875,2000,-6.5247123,35.7878438,-15772.796169691681,965.680982802096,-4347.260695495995,46921.6,2.926601892613048,17.355417270229132,0.9780698902220326
0.4696666666666667,2001,-6.5247123,35.7878438,-15686.274576915226,1133.9614086593579,-4514.03623432303,46921.6,3.27657853499649,17.382631023410696,0.9781005927967349
0.6375833333333333,2002,-6.5247123,35.7878438,-15461.508064593057,1353.52808796093,-5093.657931200131,46921.6,3.5176491612198557,17.40880189615322,0.977504064368876
1.05775,2003,-6.5247123,35.7878438,-15326.96896146858,1584.1135709014643,-5460.7873792655155,46921.6,3.5820623225505095,17.435412774397623,0.976642748427945
0.8723333333333333,2004,-6.5247123,35.7878438,-15257.459986385553,1578.425015408057,-5466.380883877578,46921.6,3.655395056796586,17.462548722211242,0.9755442394094638
1.1249166666666666,2005,-6.5247123,35.7878438,-15079.506724921572,1760.4539389224658,-5817.10311564678,46921.6,3.7469832542687187,17.490278562265296,0.9745640522006377
0.6724166666666668,2006,-6.5247123,35.7878438,-15015.402821779346,1622.9285990540543,-5646.1661511522125,46921.6,3.8087491999643204,17.518343483029874,0.9736381308236959
0.7947500000000001,2007,-6.5247123,35.7878438,-14948.619834629726,1524.0100150354517,-5509.209664641119,46921.6,3.7428087711390168,17.54640722004622,0.972746525946136
0.5238333333333333,2008,-6.5247123,35.7878438,-14668.657606946166,1841.4701514104079,-6417.161677214052,46921.6,4.090831732788481,17.57370343551623,0.9715102630240358
0.85825,2009,-6.5247123,35.7878438,-14605.509811595351,1824.0407871265966,-6299.912376501556,46921.6,3.896629125308204,17.598743689125044,0.9689962578802186
1.0006666666666666,2010,-6.5247123,35.7878438,-14233.24140891647,2084.0464418508527,-7147.678744187509,46921.6,4.030383652012992,17.62462621403787,0.9669318628942015
0.70775,2011,-6.5247123,35.7878438,-14097.560555510043,2096.4702826066437,-7397.094436670868,46921.8523,4.090831732788481,17.653155474760528,0.9663968196722242
0.8565,2012,-6.5247123,35.7878438,-14111.33706929576,1880.4691301499802,-6825.923690567375,46921.8523,4.14787743022478,17.682246134476983,0.9662930215890422
0.9140833333333332,2013,-6.5247123,35.7878438,-13992.323128968857,1965.9985830197948,-7354.79289409495,46921.8523,4.202240361331125,17.712493892389908,0.966720715208878
0.92625,2014,-6.5247123,35.7878438,-13720.333075928433,2006.650524440078,-7572.807734681607,46921.8523,4.253423080285656,17.743693308541335,0.9673418369401263
0.7335833333333334,1990,39.7837304,-100.445882,326930.63932479225,5821.9799986222915,35988.18995071546,61079.6853,10.90512461130638,19.32927687617766,0.9590875577984521
0.7063333333333333,1991,39.7837304,-100.445882,327178.27497753664,5981.620500604385,34776.324603626235,61079.6853,10.907159093318205,19.343192838951108,0.9602562398027751
0.253,1992,39.7837304,-100.445882,333636.84490356594,5889.878620218452,35651.988427192555,61079.6853,10.959017086493157,19.357461470753,0.9614713425324366
0.1535,1993,39.7837304,-100.445882,338581.88263902673,5218.143670994002,37758.065684138586,61079.6853,10.909423685975991,19.371487883372918,0.9624501809197578
0.47025,1994,39.7837304,-100.445882,350453.6993123458,4612.840412322927,39152.95089041761,61079.6853,10.924856846923056,19.384898745905144,0.9632998427622474
0.5501666666666667,1995,39.7837304,-100.445882,372702.0485767841,2624.9594335567463,40214.585034020856,61079.6853,10.926678445605395,19.397729946567143,0.9642003897501901
-0.0219999999999999,1996,39.7837304,-100.445882,379507.67304502724,2029.7094240901456,41836.11873818766,61079.6853,10.950827318530779,19.410163749999644,0.9650870645592188
0.4008333333333333,1997,39.7837304,-100.445882,395921.73827128985,977.2683147470245,43501.02544322767,61079.6853,10.963512632411355,19.422765388340274,0.9659825837297782
1.33575,1998,39.7837304,-100.445882,410665.18438501895,-249.78034832167384,47909.224387385395,61079.6853,10.886570269589466,19.435313480456244,0.9670651338666061
0.72175,1999,39.7837304,-100.445882,419816.84232105885,-871.5091380647879,50680.58746232317,61079.6853,10.820975341651293,19.44737295604596,0.9684306143700995
0.8545833333333334,2000,39.7837304,-100.445882,435014.9289099457,-2595.233745258104,55139.21884354297,61079.6853,10.879068493470376,19.458829939632558,0.9696965446518964
0.9606666666666668,2001,39.7837304,-100.445882,420417.5841985031,-824.1127943266566,49463.70816080731,0.0,10.965791509348426,19.46964922970514,0.9703877944532993
1.0111666666666668,2002,39.7837304,-100.445882,429701.184382641,-2139.519000996271,54822.979865724505,0.0,10.92711115389886,19.479686451963236,0.9704026308402066
0.9268333333333332,2003,39.7837304,-100.445882,439269.8163824861,-3215.354806918729,57502.95748862198,0.0,10.822667526527608,19.48921114225886,0.9702767350850328
0.8845833333333334,2004,39.7837304,-100.445882,463828.9252385091,-5518.367328394629,64255.85319042377,0.0,11.034569867736556,19.49891305108741,0.9704958309284051
1.107,2005,39.7837304,-100.445882,479328.4172237038,-6939.666911976818,68373.31420353672,0.0,11.025435448926997,19.508712829139185,0.9708159140983754
1.1341666666666663,2006,39.7837304,-100.445882,493908.12977634004,-9010.131818204472,73835.40400603444,0.0,11.092507561446133,19.518469687097888,0.9710176537442978
1.0154166666666666,2007,39.7837304,-100.445882,512353.33680207934,-10801.421079778283,79112.70937310267,0.0,11.021254490634242,19.52839613338844,0.9710326557394877
0.1502499999999999,2008,39.7837304,-100.445882,512099.1424234554,-10696.832162656034,78606.14341713153,0.0,10.990090871307048,19.53809813968292,0.9709267094479431
0.3549166666666667,2009,39.7837304,-100.445882,510747.74457220756,-10841.156948179689,79999.48689342402,0.0,10.91596238768677,19.547271411894013,0.9707769958239875
0.6931666666666666,2010,39.7837304,-100.445882,554369.0538213771,-14809.064172146993,91784.08861208598,0.0,10.942646054422045,19.555891223427718,0.9706344524306472
0.7392500000000001,2011,39.7837304,-100.445882,558541.994771969,-16288.18734379597,97428.47712535097,0.0,10.888590577460597,19.564510501673407,0.9714984807181403
1.3893333333333333,2012,39.7837304,-100.445882,550365.5331958844,-15812.053807690289,96598.7355874043,0.0,10.840310853077565,19.573311792716527,0.9732735252918832
0.5000833333333333,2013,39.7837304,-100.445882,553691.5306000197,-16056.650256344648,97103.37749505907,0.0,10.922936363283805,19.581877038687274,0.9749526600615049
0.7614166666666667,2014,39.7837304,-100.445882,567926.5059304208,-17041.14516977586,99728.40365060826,0.0,10.884940704007729,19.59016757620711,0.9765143055359145
0.4354166666666666,1990,17.789187,-64.7080574,-17870.752406563548,-3217.689705729306,1423.81172491397,24.4295,2.1978688142155143,11.519762042229218,0.9449842563795469
0.37775,1991,17.789187,-64.7080574,-17870.741312243626,-3217.683877658361,1423.7979149244104,24.4295,2.302211023038603,11.522558913938466,0.9444968704862783
0.3270833333333333,1992,17.789187,-64.7080574,-17870.73061820357,-3217.677583211925,1423.7822219974996,24.4295,2.338446323244748,11.528148996741715,0.941228204343836
0.5843333333333334,1993,17.789187,-64.7080574,-17870.930882787423,-3217.66056196304,1423.6013884906665,24.4295,2.067293046633012,11.534138861369426,0.9383634431455898
0.6734166666666667,1994,17.789187,-64.7080574,-17870.911755138586,-3217.6559377983976,1423.596666261762,24.4295,2.2913785334158807,11.538992742032393,0.9354905621240407
0.647,1995,17.789187,-64.7080574,-17870.845931494365,-3217.655594710307,1423.635207938145,24.4295,2.2165150909537648,11.546872682269886,0.9321479932017257
0.2223333333333333,1996,17.789187,-64.7080574,-17870.799573357934,-3217.655891104835,1423.6642453453278,24.4295,1.8439755044259958,11.558195153817712,0.9286109267861092
0.6702499999999999,1997,17.789187,-64.7080574,-17870.73965821801,-3217.657043067084,1423.7044802673533,24.4295,1.8771203181787117,11.569164011417417,0.9250787064839584
1.0575,1998,17.789187,-64.7080574,-17870.88329873097,-3217.6481725437015,1423.586523611953,24.4295,1.983913088055514,11.579349707018011,0.9213951815893563
0.4663333333333333,1999,17.789187,-64.7080574,-17870.759074041067,-3217.654184793145,1423.6826970637005,24.4295,1.9091098186966768,11.5882833699181,0.9177767896843041
0.25725,2000,17.789187,-64.7080574,-17870.59328373283,-3217.6625134049777,1423.8121223154155,24.4295,1.9426218915145501,11.59159800362153,0.9142366763394437
0.6331666666666667,2001,17.789187,-64.7080574,-17870.508512673114,-3217.6676347254083,1423.8813355725692,12.2448,1.9191289998470509,11.58994206011876,0.9129649309245483
0.7903333333333333,2002,17.789187,-64.7080574,-17859.050842662913,-3205.4370307328913,1387.7596407366495,12.2448,1.892934236852526,11.587346245337217,0.9140400127927224
0.8511666666666667,2003,17.789187,-64.7080574,-17854.392171373107,-3200.5241831332946,1373.2841030060665,12.2448,1.8661121733372308,11.583281407054221,0.9152935715943374
0.53525,2004,17.789187,-64.7080574,-17851.18913745485,-3197.186116903327,1363.471352324078,12.2448,2.0485879265297413,11.578188723422256,0.9166157934427407
0.7920833333333334,2005,17.789187,-64.7080574,-17848.917158585773,-3194.880292671844,1356.7289215147487,12.2448,1.9688786280976511,11.575721844459906,0.9176436688457867
0.8260833333333334,2006,17.789187,-64.7080574,-17847.46583154464,-3193.3479058832745,1352.212722138325,12.2448,1.9688786280976511,11.576031710891174,0.9183070688878884
0.9331666666666668,2007,17.789187,-64.7080574,-17846.473839890987,-3192.2854508477544,1349.0728776087033,12.2448,1.9688786280976511,11.575956600572859,0.9185776304649361
0.3984166666666666,2008,17.789187,-64.7080574,-17845.867076313334,-3191.65092748202,1347.2063369505331,12.2448,1.9688786280976511,11.57573123576262,0.9182835215910934
0.7335833333333334,2009,17.789187,-64.7080574,-17845.44859102376,-3191.2126392308373,1345.9166720448943,12.2448,1.9688786280976511,11.57559035696042,0.9169772592232486
0.9118333333333334,2010,17.789187,-64.7080574,-17845.18876037463,-3190.899788612247,1344.9726253693318,12.2448,2.0155854542980367,11.572523677856253,0.9157642047505595
0.4889166666666666,2011,17.789187,-64.7080574,-17845.007533482825,-3190.7095297785118,1344.4125242477962,0.0,1.8480925425682158,11.566267159952051,0.9149797570850202
0.65975,2012,17.789187,-64.7080574,-17844.86996385164,-3190.5982869196264,1344.1041244650405,0.0,1.8439755044259958,11.559541839598808,0.9135739333722969
0.7624166666666667,2013,17.789187,-64.7080574,-17844.81205769211,-3190.569909966732,1344.0392311626626,0.0,2.043798819874424,11.552703714978641,0.9118117180179683
0.8642500000000001,2014,17.789187,-64.7080574,-17844.727782615137,-3190.5749417763973,1344.1078299129972,0.0,2.2165150909537648,11.546195817481623,0.9094787780281482
0.3136666666666666,1990,-32.8755548,-56.0201525,-17878.899595184757,-2894.153181860273,723.413557960925,0.0,6.166006756424731,14.95238572941771,0.9530707319441964
0.4815833333333333,1991,-32.8755548,-56.0201525,-17830.830474652805,-2841.312324074122,538.5814438181583,0.0,6.238537297735567,14.958259023179302,0.9517359351715019
0.0864166666666666,1992,-32.8755548,-56.0201525,-17786.423463210176,-2792.4861738033046,374.6358583393746,0.0,6.292336622745517,14.964097071430034,0.9504129982510346
0.2448333333333333,1993,-32.8755548,-56.0201525,-17768.576264324594,-2772.229162184631,303.8188331559721,0.0,6.32370068124569,14.969793098152314,0.9490867996600502
0.6669999999999999,1994,-32.8755548,-56.0201525,-17713.194238760287,-2780.5609423200017,361.4548934774759,0.0,6.403035973647907,14.975514233233083,0.9477701616005452
0.2035833333333333,1995,-32.8755548,-56.0201525,-17745.785060539765,-2754.3447647213957,311.59331891937956,0.0,6.448296971863982,14.98125175980565,0.9464473680219136
0.4679999999999999,1996,-32.8755548,-56.0201525,-17691.762328954843,-2743.703124317471,274.68494462960535,0.0,6.524767160050822,14.98695004656646,0.9451357650187905
0.954,1997,-32.8755548,-56.0201525,-17650.221018655222,-2742.0236429340243,290.41546810515894,0.0,6.466572160090073,14.992647171376543,0.943845329509221
0.1159166666666666,1998,-32.8755548,-56.0201525,-17605.35093368334,-2730.8442445817755,293.4568896903673,0.0,6.521199458084223,14.998060420994014,0.9425380358871587
0.1489166666666666,1999,-32.8755548,-56.0201525,-17580.12479855474,-2669.8735666771013,129.33663676533564,0.0,6.508448221102172,15.003038076809517,0.9412078127516079
0.2856666666666666,2000,-32.8755548,-56.0201525,-17645.37507200084,-2700.4987121155364,232.11451446577001,0.0,6.478216819002097,15.007073882206633,0.939702453863027
1.1673333333333331,2001,-32.8755548,-56.0201525,-17561.55955446749,-2770.761035740869,429.0891285866259,0.0,6.42725208168009,15.009717531415873,0.9378883847246251
0.6313333333333334,2002,-32.8755548,-56.0201525,-17559.19775326521,-2754.1382501163525,359.20593326624885,0.0,6.367476642378706,15.011383244736292,0.9358729731233003
0.2290833333333333,2003,-32.8755548,-56.0201525,-17537.399663169235,-2763.0837928697883,365.2440845189477,0.0,6.392251395872447,15.012520074777816,0.9338483324940207
0.6105,2004,-32.8755548,-56.0201525,-17687.8839424922,-2685.5252665070147,147.90897287924872,0.0,6.436656009742049,15.013606426885652,0.9320134141321801
0.7076666666666666,2005,-32.8755548,-56.0201525,-17664.143819399615,-2685.6466117933833,138.07504293073063,0.0,6.442740942489688,15.014771780198867,0.9310699079476964
0.7690833333333332,2006,-32.8755548,-56.0201525,-17616.122624059146,-2685.915302590821,92.59741567415796,0.0,6.459384131239499,15.016162755171738,0.9309424311993258
0.0249166666666666,2007,-32.8755548,-56.0201525,-17650.905651030414,-2742.1736636095334,278.4439322455094,0.0,6.441279658986541,15.018077374352233,0.930969710927398
0.7736666666666667,2008,-32.8755548,-56.0201525,-17576.976763434493,-2700.7575821269256,136.29560200029078,0.0,6.446612436757147,15.02032051178277,0.931134145699075
0.4143333333333334,2009,-32.8755548,-56.0201525,-17425.54023479237,-2734.2991660280222,251.2363200082581,0.0,6.380886651669364,15.022724902816321,0.9313880973364952
0.4045833333333333,2010,-32.8755548,-56.0201525,-17565.96512290109,-2732.8238025291957,306.7097949127142,0.0,6.3747424971849425,15.025261934137824,0.931695667204425
0.27375,2011,-32.8755548,-56.0201525,-17417.842439906108,-2688.179208919268,166.62017794532608,0.0,6.38592128483651,15.027938913149868,0.9320613613361051
1.0085,2012,-32.8755548,-56.0201525,-17401.851702982607,-2713.58253334056,234.06816059775824,0.0,6.336214216776007,15.030759447605805,0.932493793161959
0.2666666666666666,2013,-32.8755548,-56.0201525,-17418.60067421699,-2728.2102985090232,287.9660045815573,0.0,6.351510826702895,15.033735318959673,0.9329953487095756
0.9475,2014,-32.8755548,-56.0201525,-17400.969853859246,-2741.546185121537,325.8234384709418,0.0,6.333951693549757,15.036830624702501,0.9335834548119499
1.15825,1990,46.3421653,48.0254474,244323.1880307835,45637.311260870716,31735.321340706898,42005.6849,12.42472282434972,19.485062799348707,0.8932305045233859
0.609,1991,46.3421653,48.0254474,247404.10570253784,45970.500012685116,30943.51238852858,42005.6849,12.416274803889534,19.490533620215054,0.8946283023695234
0.2733333333333333,1992,41.32373,63.9528098,-10668.03746501773,-3229.286259884257,66.95010468899542,0.0,8.604587101897268,16.887654555140482,1.0046593080626662
-0.56275,1993,41.32373,63.9528098,-11182.83244102624,-3148.487821136537,-153.96914430361377,0.0,8.640616398029122,16.910450768823107,1.0053071923933512
0.17275,1994,41.32373,63.9528098,-12055.96277390243,-3085.4854754805388,-141.8960263392187,0.0,8.527062548694104,16.9318987586893,1.0052683238948787
1.376,1995,41.32373,63.9528098,-11043.715885080797,-3010.619818877364,-301.39665678120247,0.0,8.387997460497877,16.952143473155356,1.0049887430453823
-0.0929166666666666,1996,41.32373,63.9528098,-10479.139611838069,-2935.302296089173,-503.8209582126174,0.0,8.325262147035449,16.971059926847072,1.0044343532411275
1.32225,1997,41.32373,63.9528098,-10623.51257467812,-2893.1319471979914,-433.50207868893193,0.0,8.340167641985675,16.988438314080966,1.003709549297103
0.76625,1998,41.32373,63.9528098,-10469.129246146758,-2939.7373360954884,-385.4611504850801,0.0,8.31444037874055,17.004206517771337,1.002900959398211
1.37725,1999,41.32373,63.9528098,-10645.920365718308,-2882.4105410182997,-496.6625649860788,0.0,8.315294511178198,17.0183670761449,1.0018870998110785
1.4286666666666663,2000,41.32373,63.9528098,-10540.96615297868,-3001.2717057464915,-312.70284765686705,0.0,8.180926769613702,17.031404140364675,1.0006764021920986
1.49325,2001,41.32373,63.9528098,-10580.709723074533,-3000.464777954367,-266.94497351741785,0.0,8.149408360599024,17.044275127630844,0.9996484361944561
1.367916666666667,2002,41.32373,63.9528098,-10165.556172416578,-2981.139874276767,-318.2486099301073,0.0,8.11122532694727,17.05728339405126,0.9988708842151114
0.6640833333333332,2003,41.32373,63.9528098,-9902.21147516717,-2947.3722585063465,-331.58759632775326,0.0,8.227912668790056,17.06998145436023,0.9981528625770791
1.9709166666666669,2004,41.32373,63.9528098,-9372.649251965258,-3040.22448554018,-210.94904194054035,0.0,8.16717631895991,17.082601981971028,0.99747541502843
1.5530833333333334,2005,41.32373,63.9528098,-9342.495445551185,-3074.7597227296633,-21.43376301397551,0.0,7.819784945397612,17.09542213894515,0.9970554553774595
1.3149166666666667,2006,41.32373,63.9528098,-8742.46385715795,-3054.4581590260086,-291.82328903734975,0.0,7.911482217592985,17.108633336756355,0.9969973270596625
1.448416666666667,2007,41.32373,63.9528098,-8349.902874863288,-3103.5508982485812,-74.50648369281521,0.0,7.834935385818015,17.12274943256744,0.9970936065779967
0.8335833333333333,2008,41.32373,63.9528098,-7872.8772075038405,-3128.7249709737093,-44.48758283135549,0.0,7.840639100936931,17.137910409175646,0.9973191928288786
1.2486666666666666,2009,41.32373,63.9528098,-8058.521357527967,-3120.4686461399415,-116.00533181456228,0.0,7.837160992282653,17.153691495097885,0.997699384545118
1.8603333333333327,2010,41.32373,63.9528098,-7171.195521200655,-3153.620002074204,-32.64173017895054,0.0,7.704721743111672,17.16941456470886,0.9982016745962584
0.6779166666666666,2011,41.32373,63.9528098,-4642.404118944508,-3377.5512713764506,459.15661315370534,2545.5921,7.672013133567977,17.184785703674418,0.9987653482809492
0.6843333333333333,2012,41.32373,63.9528098,-3413.1273433333085,-3381.280161273937,408.4915679730637,2545.5921,7.647279571784954,17.200004239690998,0.999325246684445
1.85825,2013,41.32373,63.9528098,-5632.698664912301,-3254.972192250589,298.47944739618237,2545.5921,7.653088802542987,17.215481387719088,0.999780288120228
0.1960833333333332,2014,41.32373,63.9528098,-5604.506586487801,-3228.1709867892882,192.18987671285535,2545.5921,7.333648766275343,17.23148301529745,1.0001428835704522
0.3568333333333333,1990,-16.5255069,168.1069154,-18492.922227255953,-3411.184408913,2565.9298424544995,6.1694,1.9603201107719725,11.92425998102062,1.052802002693841
0.0323333333333333,1991,-16.5255069,168.1069154,-18492.542956732257,-3411.014217342454,2564.968595296262,6.1694,1.9026446955285812,11.949100815717808,1.0508611659882525
0.0783333333333333,1992,-16.5255069,168.1069154,-18492.11237235492,-3410.777048490875,2563.430720818242,19.446360000000002,1.7547496435941543,11.973995558751115,1.049089663905723
-0.3375,1993,-16.5255069,168.1069154,-18491.667174685634,-3410.4726334828206,2561.505921836704,6.5141599999999995,1.7070182407729644,11.998728621749867,1.0474361073673337
-0.1690833333333333,1994,-16.5255069,168.1069154,-18491.426898535756,-3410.3919172073656,2561.1103535039815,9.45318,1.4588475538015993,12.023110883848796,1.045890040780229
0.5234166666666666,1995,-16.5255069,168.1069154,-18491.28807617142,-3410.385298911909,2561.1143494986545,48.4636,1.4342508445407454,12.04714139027292,1.0444207448593203
0.5121666666666667,1996,-16.5255069,168.1069154,-18491.023442735164,-3410.33864349903,2561.02619213209,22.78052,1.9071693207388827,12.070905630289683,1.0431757317771984
0.2485833333333333,1997,-16.5255069,168.1069154,-18490.886746179953,-3410.2829587361816,2560.9709550709763,49.04843999999999,2.112852139524072,12.094420154624093,1.0420462588761787
0.7932727272727274,1998,-16.5255069,168.1069154,-18490.945861378194,-3410.278546352729,2560.7232845577378,1319.42524,2.2580165054176184,12.117722190557496,1.040864553956594
0.7234545454545455,1999,-16.5255069,168.1069154,-18490.6997676107,-3410.221270190143,2560.5732712577123,1338.55174,2.0195190170854542,12.141171391946475,1.0397653690866153
0.757,2000,-16.5255069,168.1069154,-18490.721114148953,-3410.428160657049,2562.0755192877764,68.17493999999999,1.3243391669845899,12.16563599342266,1.0380934190700537
0.5063000000000001,2001,-16.5255069,168.1069154,-18490.88651268716,-3410.6288457306887,2563.5775180463884,1360.80528,1.3161401011966838,12.191131581660875,1.036022072044144
0.3322727272727273,2002,-16.5255069,168.1069154,-18490.68344954196,-3410.606953723115,2563.468242438113,1296.7069000000001,0.9884625451671223,12.216646544300689,1.0342179684590844
0.4156666666666667,2003,-16.5255069,168.1069154,-18423.686932083707,-3409.874533353085,2510.924940604501,1375.45308,0.9817413369366942,12.241724497868901,1.0325288562434418
0.4490833333333333,2004,-16.5255069,168.1069154,-18226.498265725717,-3010.6687563921105,1407.315745718798,1275.67,0.15922350554797773,12.2663301411405,1.030822474402241
0.5651666666666667,2005,-16.5255069,168.1069154,-17873.952385685127,-2508.841276694276,-58.39324769622395,1272.67896,0.02829586915484725,12.290565436877321,1.029079687106669
0.3567499999999999,2006,-16.5255069,168.1069154,-17895.598004518553,-2509.4709700376093,-40.91412740462528,2.3021599999999998,-0.016129381929883644,12.314581699335607,1.0275127559141057
0.9275,2007,-16.5255069,168.1069154,-18486.909274746176,-3409.0381394457777,2555.011581809752,0.0,2.0041655799995235,12.338612922161465,1.026059412265758
0.7438333333333333,2008,-16.5255069,168.1069154,-18486.55102691199,-3408.926017652071,2554.385131418508,1270.3768,1.492477038709953,12.362871245093043,1.02461186977517
0.3655,2009,-16.5255069,168.1069154,-18486.91907409425,-3409.212301981779,2556.7364399060684,1272.67896,1.8783040706282408,12.387097528672761,1.0230163486128578
0.9281666666666668,2010,-16.5255069,168.1069154,-18486.600352245274,-3409.025539243474,2555.7455674926605,0.0,2.0708169566372066,12.41086076186007,1.0214537488470155
0.6591666666666667,2011,-16.5255069,168.1069154,-18486.189318964534,-3408.8178127121837,2554.7641348658335,0.0,2.0934060820302083,12.434378847401048,1.020048231511254
0.4331666666666667,2012,-16.5255069,168.1069154,-18485.993259975534,-3408.7184011844897,2554.207005313199,0.0,1.9294177511850437,12.45805240798276,1.0186398261538099
0.7101666666666667,2013,-16.5255069,168.1069154,-18485.791808046357,-3408.6209328117975,2553.810508954215,613.5404000000001,1.8997016495200918,12.481933876313683,1.0172921913393602
0.5743333333333333,2014,-16.5255069,168.1069154,-18485.337880894003,-3408.5055494639773,2553.6476982025924,175.65738,2.314691513655755,12.505906831053483,1.0161108413937334
0.412,1990,8.0018709,-66.1109318,-7158.325002150528,-3328.897336893493,3204.2899293980213,142261.2391,3.6492676645002238,16.798693365337382,1.005113956676392
0.4059166666666666,1991,8.0018709,-66.1109318,-7118.504732870307,-3277.049786779556,3012.7051961854736,142261.2391,3.372142685671035,16.822490043829298,1.005317316345523
0.4465833333333333,1992,8.0018709,-66.1109318,-7197.58212182089,-3229.4034652343275,2856.5853923286354,142261.2391,2.9887982889510614,16.84566648021091,1.0055343768080895
0.5595833333333333,1993,8.0018709,-66.1109318,-7081.621956766298,-3235.801852113538,2878.8943008536517,142261.2391,2.616782506101554,16.868194835168207,1.00567691418231
0.3314166666666667,1994,8.0018709,-66.1109318,-7229.72788572066,-3196.4947254851963,2721.556370737805,142261.2391,5.187385247181381,16.8900925047322,1.0056373478302092
0.7964166666666667,1995,8.0018709,-66.1109318,-6155.040319139905,-3277.512280779159,2941.043298888019,142261.2391,5.512633672112842,16.91141775017836,1.0055335392515965
0.4935,1996,8.0018709,-66.1109318,-6186.914644190514,-3256.4535860828632,2887.9112723150547,142261.2391,5.808167714887518,16.9322256756561,1.0054958953372983
0.66425,1997,8.0018709,-66.1109318,-5785.363715353462,-3274.6727433404517,2928.0407430217288,142261.2391,6.044350360264115,16.952636485406092,1.0054632026861428
1.0163333333333333,1998,8.0018709,-66.1109318,-6174.572084856175,-3144.2837805926647,2726.0851453112577,142261.2391,6.171227207717898,16.97267347654926,1.0053135587508328
0.3175833333333333,1999,8.0018709,-66.1109318,-6601.627041549375,-3140.8959620920723,2602.0933345704098,142261.2391,6.2838581901585115,16.992186773169408,1.0050593805429522
0.2894166666666666,2000,8.0018709,-66.1109318,-6494.16106794121,-3127.970214407827,2600.1946126480257,142261.2391,6.202953446037825,17.01122947943687,1.0046097179843585
0.6836666666666668,2001,8.0018709,-66.1109318,-5353.3724754365185,-3248.3785305339325,2762.8365186205065,83992.9033,6.317205480139049,17.029582984965955,1.003817127728769
0.8405833333333333,2002,8.0018709,-66.1109318,-6165.869710547824,-3199.375744267484,2544.2225090356546,83992.9033,6.169078791872948,17.04753665770629,1.0030369450701673
0.9218333333333332,2003,8.0018709,-66.1109318,-5741.954983199065,-3208.6129696881803,2613.021785353313,83992.9033,6.106198717472256,17.06518821801361,1.0023159179205139
0.66725,2004,8.0018709,-66.1109318,-5424.03680445596,-3174.72888961088,2429.9620514660382,83992.9033,6.210842417135828,17.082297189051438,1.001535097057971
0.8906666666666667,2005,8.0018709,-66.1109318,-5248.374917978623,-3121.7877131146847,2281.581809381719,83992.9033,7.351543325569602,17.099004338315055,1.0007710108907821
0.7149166666666668,2006,8.0018709,-66.1109318,-2210.3278174690736,-3383.7781736335296,2885.2116824858026,83992.9033,5.573774771302203,17.115121035672114,0.9998599467576309
0.7278333333333333,2007,8.0018709,-66.1109318,-2953.2475054155047,-3298.6940182812323,2750.9355852164213,83992.9033,6.194169649033979,17.130608800966318,0.9987904909759923
0.50375,2008,8.0018709,-66.1109318,-2641.885900848176,-3316.417448489115,2670.714962863377,83992.9033,6.328125694455869,17.14534920025126,0.997523210958626
0.92125,2009,8.0018709,-66.1109318,-2796.647466214472,-3291.5768466722493,2716.814329306577,83992.9033,6.3914354228589785,17.159357424983362,0.9961939830530033
1.15975,2010,8.0018709,-66.1109318,-3344.3349157821194,-3306.9731524194967,3057.6536405288343,83992.9033,7.852916304285372,17.172930993255314,0.9950499317903987
0.59,2011,8.0018709,-66.1109318,-3390.8542020488544,-3310.8106502400883,2946.1394699194207,104504.9606,7.91131793390085,17.186116695933915,0.9940412100069129
0.5505833333333333,2012,8.0018709,-66.1109318,-2871.2037602694836,-3256.19306264081,2643.729487111278,104504.9606,7.936256928836946,17.198897809987752,0.9929993781012096
0.9095833333333332,2013,8.0018709,-66.1109318,-2646.44897980187,-3242.113016881006,2757.3684507857793,104504.9606,7.880252718634326,17.211294010725204,0.9919940428484707
0.9096666666666668,2014,8.0018709,-66.1109318,-3056.264434528038,-3118.327148225506,2629.3907624273975,104504.9606,7.659228441509014,17.223129212389104,0.991048436671379
0.4749166666666666,1990,15.9266657,107.9650855,-11249.782882416395,5858.930868613765,-17927.41820013816,0.0,6.673489858331462,18.018898042455,0.9535333837672298
0.6083333333333333,1991,15.9266657,107.9650855,-10896.72498744438,6120.0729051381895,-18655.173990832885,0.0,6.260918619387335,18.040281154506218,0.9541720449491343
0.0953333333333333,1992,15.9266657,107.9650855,-10347.081055810911,6285.219743889087,-19140.166890733577,0.0,6.402392374028157,18.060983336970576,0.9547357804633493
0.22375,1993,15.9266657,107.9650855,-10263.390599439588,6402.068226162162,-19545.554262904316,0.0,6.844439476685788,18.080671945060416,0.9551465954654845
0.4826666666666666,1994,15.9266657,107.9650855,-9857.147535872886,6447.984735089016,-19760.5854162278,0.0,6.883248424137727,18.099112112815956,0.9554144939190757
0.2181666666666667,1995,15.9266657,107.9650855,-8979.056637306096,6587.597685407478,-20211.155226363095,0.0,6.862337322523554,18.116315070979294,0.9557561054677539
0.0273333333333333,1996,15.9266657,107.9650855,-8431.572020460766,6765.112870768697,-20908.91931786008,0.0,7.035449304783859,18.13228440313833,0.956199237226249
0.4528333333333333,1997,15.9266657,107.9650855,-7674.749609785482,6750.272053275676,-21157.712626716737,0.0,7.197566632904301,18.147014693217088,0.9566842704597917
1.2669166666666667,1998,15.9266657,107.9650855,-6903.345303694722,7200.710202170616,-21862.97558448511,0.0,7.181184485185691,18.160982434666288,0.9572662169912349
0.515,1999,15.9266657,107.9650855,-6415.723651700134,7427.885118849014,-22729.145236707514,0.0,7.151698058859686,18.17380420508536,0.9574443956999708
0.3780833333333333,2000,15.9266657,107.9650855,-5190.077704722113,7282.602253427134,-22570.89338301983,0.0,7.132301605946364,18.184972866023017,0.957941787811944
0.6062500000000001,2001,15.9266657,107.9650855,-4797.792645552971,6840.3771778358605,-21795.396978012497,0.0,7.131570444712886,18.195256794505635,0.9592415349177891
0.8295,2002,15.9266657,107.9650855,-3032.234547199738,9343.600614285013,-20637.121433873024,0.0,7.257457328700746,18.205533995309942,0.9606011414145196
0.9231666666666666,2003,15.9266657,107.9650855,-1886.1601327210487,6654.078749344,-21287.299126079186,0.0,7.3243765253189315,18.215816908442097,0.9619557810106276
0.4029166666666666,2004,15.9266657,107.9650855,-88.34921878955788,6958.572625377745,-21080.506836330813,0.0,7.451809700175409,18.226018071896398,0.9633087606559075
0.7764166666666666,2005,15.9266657,107.9650855,2214.5036392189104,6767.346096551738,-20280.593553807255,0.0,7.5005505465333755,18.236061677904114,0.9646988846325686
0.9895833333333334,2006,15.9266657,107.9650855,1870.512421704956,6296.309101650092,-20413.92577463946,0.0,7.485167874377655,18.245753394503687,0.96609404791204
0.5804166666666667,2007,15.9266657,107.9650855,3717.206685325582,6107.4590146629835,-19702.902098006205,0.0,7.49528335489745,18.25536106070876,0.9674521881412371
0.0538333333333332,2008,15.9266657,107.9650855,5169.156934546099,6112.508558182956,-19943.06687516072,0.0,7.502160327320376,18.26516360928412,0.9687421972275905
0.7915833333333334,2009,15.9266657,107.9650855,8960.80028908618,5836.245382229942,-19098.314044397277,0.0,7.514519830303698,18.27545753044651,0.9697056168557373
1.06325,2010,15.9266657,107.9650855,14134.635824793726,5699.686618304201,-18176.077006303094,0.0,7.500768760249371,18.28613182811235,0.9703716874594338
0.00675,2011,15.9266657,107.9650855,18420.860031364886,5200.920766735123,-17488.743967300634,3431.6876,7.49863033655289,18.296806751020615,0.9710270184215791
0.9028333333333332,2012,15.9266657,107.9650855,19600.48769826153,5178.936506547858,-17513.436629419033,3431.6876,7.426743815338429,18.30752688336263,0.9717150522335557
0.6376666666666667,2013,15.9266657,107.9650855,22986.020137905463,7032.530126017807,-16980.913596434148,3431.6876,7.379628534387162,18.31829067880152,0.9724221509585137
0.6449999999999999,2014,15.9266657,107.9650855,25921.82633510499,5322.520778048862,-16483.405343281534,3431.6876,7.375588554713644,18.32895467753327,0.9730992164437766
0.2570833333333333,1990,-13.289402,-176.204224,-17622.668625756676,-2859.3651114689696,386.80115929063726,5.7558,0.4184471423313335,9.507031738585551,0.9917098445595854
0.0983333333333333,1991,-13.289402,-176.204224,-17622.66752918609,-2859.3646294825485,386.8015492243017,5.7558,0.4200252594394941,9.517678002086406,0.9888840134561943
-0.0353333333333333,1992,-13.289402,-176.204224,-17622.66616430566,-2859.3640295632795,386.80203456726576,5.7558,0.4390932890881484,9.528648637969724,0.9855574812247256
-0.2905833333333333,1993,-13.289402,-176.204224,-17622.664931635878,-2859.3634877558484,386.8024728969519,5.7558,0.4619084515313758,9.539716058977092,0.982741406361432
-0.1645,1994,-13.289402,-176.204224,-17622.663558978365,-2859.362884418235,386.80296100540284,5.7558,0.40493163250202074,9.55016412883091,0.9798449612403101
0.4236666666666666,1995,-13.289402,-176.204224,-17572.73179089793,-2751.8433434687427,98.93387050879062,5.7558,0.38879357382019236,9.559517275737559,0.9789253314724354
0.2653333333333333,1996,-13.289402,-176.204224,-17622.661229737987,-2859.361860624382,386.80378926875375,5.7558,0.3967606674780181,9.5674552191433,0.9792272538429581
0.1693333333333333,1997,-13.289402,-176.204224,-17622.659864857575,-2859.3612607051123,386.80427461171774,5.7558,0.48741369075533186,9.574288799881414,0.9799119427627958
0.3870833333333334,1998,-13.289402,-176.204224,-17622.65862441069,-2859.360715479339,386.8047157068914,5.7558,0.932911832890391,9.581214035314728,0.9824873443699549
0.1665,1999,-13.289402,-176.204224,-17622.65739562946,-2859.3601753810794,386.8051526538341,5.7558,0.5282725373697112,9.588776807696428,0.9855841153270773
0.4894166666666666,2000,-13.289402,-176.204224,-17550.523023526912,-2718.1426995185307,1.5998552274439592,5.7558,0.2860056680708364,9.597166175865409,0.9893257667882719
0.699,2001,-13.289402,-176.204224,-17550.521790857136,-2718.1421577110987,1.6002935571302315,5.7194,0.2802797426850188,9.60588981529697,0.9935570469798658
0.82475,2002,-13.289402,-176.204224,-17521.063017608725,-2673.262587157395,-128.04104566632176,5.7194,0.15734557072377758,9.614938437644996,0.9982666666666666
0.4760833333333333,2003,-13.289402,-176.204224,-17521.065712372634,-2673.2637716133895,-128.04200390755963,5.7194,0.13243078718048956,9.617870014133226,1.0022645530837884
0.7086666666666667,2004,-13.289402,-176.204224,-17550.52194639906,-2718.142226077969,1.6002382473900945,5.7194,0.2198581603226805,9.606024468229242,1.0010777313754546
0.84,2005,-13.289402,-176.204224,-17550.522755217084,-2718.142581585683,1.5999506367447036,5.7194,0.21889453702479478,9.585552436913327,0.9962962962962963
0.5335833333333333,2006,-13.289402,-176.204224,-17552.81452238862,-2721.621086095662,11.646957281839155,5.7194,0.19753852259881494,9.565213693968287,0.9918983098198072
0.8518333333333333,2007,-13.289402,-176.204224,-17561.259950255448,-2735.063537715795,50.725333513463546,5.7194,0.343944251459914,9.544309478379278,0.9876174210076858
0.3738333333333333,2008,-13.289402,-176.204224,-17459.910944301428,-2581.117261073341,-393.9609121770628,5.7194,0.07807153542015544,9.522593098362169,0.9821583986074848
0.3039166666666666,2009,-13.289402,-176.204224,-17462.20295630708,-2584.5998654733,-383.89644476247497,5.7194,0.023814178099254887,9.502338118495565,0.9759480596133983
0.9776666666666666,2010,-13.289402,-176.204224,-17550.128621897165,-2718.1648699380585,1.911816761514758,5.7194,0.2496686302535648,9.483492392643639,0.9692791847744643
0.7452500000000001,2011,-13.289402,-176.204224,-17515.519447304745,-2665.5374361490085,-150.10479527971498,5.683,0.18215487623685564,9.464982590349763,0.9616788321167883
0.7024166666666667,2012,-13.289402,-176.204224,-17515.522387047193,-2665.53872828282,-150.10584063379332,5.683,0.09002350264758856,9.447071196798909,0.9535923527597903
0.7767499999999999,2013,-13.289402,-176.204224,-17459.909839953736,-2581.116775668576,-393.96051947791335,5.683,0.07834896641097631,9.430679995957659,0.9455283283908226
0.6860833333333334,2014,-13.289402,-176.204224,-17462.205977709033,-2584.6011934997146,-383.8975191541645,5.683,-0.0062192998139168326,9.418004736441933,0.9413249211356467
1.1855,1990,24.1797324,-13.7667848,-5514.584516689296,-4354.015565753166,4672.07482036026,0.0,1.7410835280984103,12.09250633199182,0.9971250545344714
0.6094166666666666,1991,24.1797324,-13.7667848,-5541.914943952656,-4267.358897269659,4414.657468794947,0.0,1.5860177898847583,12.12427673522799,0.9972905896760629
0.4483333333333333,1992,24.1797324,-13.7667848,-5447.34871873933,-4276.450796993526,4442.671127834432,0.0,1.7142590826713306,12.153599708269057,0.9974318492790233
0.35725,1993,24.1797324,-13.7667848,-5447.00204670175,-4276.0778225688955,4441.567940829814,0.0,1.7508958071730536,12.18140590760505,0.9974919640480724
0.9790833333333334,1994,24.1797324,-13.7667848,-5541.568271915074,-4266.98592284503,4413.55428179033,0.0,1.728159174485086,12.208345061635837,0.9992918624018831
1.437,1995,24.1797324,-13.7667848,-5541.1244693654335,-4267.009069452,4413.903736699768,0.0,1.933224308676702,12.247118614966174,1.0107494716933796
1.24625,1996,24.1797324,-13.7667848,-5541.1244693654335,-4267.009069452,4413.903736699768,0.0,1.892922186445674,12.300336823920256,1.031033399256973
1.5963333333333332,1997,24.1797324,-13.7667848,-5541.1244693654335,-4267.009069452,4413.903736699768,0.0,4.2793308986682,12.354910666715831,1.0515592405331824
1.2685833333333334,1998,24.1797324,-13.7667848,-5541.1244693654335,-4267.009069452,4413.903736699768,0.0,4.14263968324297,12.407346795240816,1.070111887875146
0.9745833333333334,1999,24.1797324,-13.7667848,-5541.568271915074,-4266.98592284503,4413.55428179033,0.0,5.336792898276439,12.457959132376596,1.0869022127052106
0.922,2000,24.1797324,-13.7667848,-5541.568271915074,-4266.98592284503,4413.55428179033,0.0,2.5814463764200304,12.507565163255359,1.1024985030754995
1.428416666666667,2001,24.1797324,-13.7667848,-5556.360521006878,-4265.118160333817,4415.736005929153,37.1448,5.123955288889306,12.556074373005817,1.1169880281952784
1.2035,2002,24.1797324,-13.7667848,-5556.360521006878,-4265.118160333817,4415.736005929153,37.1448,5.224926122099023,12.60286021244465,1.1301246239793725
1.3555,2003,24.1797324,-13.7667848,-5556.360521006878,-4265.118160333817,4415.736005929153,37.1448,5.103222375692386,12.648123588289653,1.1419996558251593
1.4046666666666667,2004,24.1797324,-13.7667848,-5556.360521006878,-4265.118160333817,4415.736005929153,37.1448,5.186795464025544,12.691946548140068,1.152792308405398
1.3730833333333334,2005,24.1797324,-13.7667848,-5556.360521006878,-4265.118160333817,4415.736005929153,37.1448,3.8629037671197586,12.734306856693747,1.1626582843443554
1.2873333333333334,2006,24.1797324,-13.7667848,-5556.360521006878,-4265.118160333817,4415.736005929153,37.1448,3.267502928124877,12.776085623443965,1.1721196189587082
0.9080833333333334,2007,24.1797324,-13.7667848,-5556.804323556519,-4265.095013726843,4415.386551019716,37.1448,2.964174524749328,12.817011441697401,1.1807678193032094
1.24225,2008,24.1797324,-13.7667848,-5556.360521006878,-4265.118160333817,4415.736005929153,37.1448,3.199011835689419,12.855980850523004,1.187975851177455
1.196583333333333,2009,24.1797324,-13.7667848,-5556.360521006878,-4265.118160333817,4415.736005929153,37.1448,2.9430949184266058,12.89397107546695,1.1946048502297157
1.9209166666666664,2010,24.1797324,-13.7667848,-5555.902659277783,-4264.62556013404,4414.278988763959,37.1448,2.2118832783448785,12.931919322253135,1.2013102529960054
1.44525,2011,24.1797324,-13.7667848,-5555.902659277783,-4264.62556013404,4414.278988763959,7.6911,2.560827026163555,12.969883301341191,1.207987655908448
1.3265833333333334,2012,24.1797324,-13.7667848,-5554.931029615758,-4263.5802118657575,4411.187048543091,7.6911,5.241036921733199,13.007957632276582,1.2145921894243374
1.477,2013,24.1797324,-13.7667848,-5554.931029615758,-4263.5802118657575,4411.187048543091,7.6911,5.2852482362921185,13.04495519631603,1.2211470617881262
1.3015,2014,24.1797324,-13.7667848,-5554.931029615758,-4263.5802118657575,4411.187048543091,7.6911,5.220149966052972,13.077386931756854,1.225766196999469
0.4048333333333334,1990,16.3471243,47.8915271,-17494.46756680011,-3278.5413326824532,2178.6203056847276,0.0,5.409290511890665,16.408906897434395,1.0053064050481388
0.059,1991,16.3471243,47.8915271,-17406.17028200339,-3248.359494736952,2118.116931376114,0.0,6.750815814106216,16.447100864335518,1.0066761398507684
0.0359999999999999,1992,16.3471243,47.8915271,-17282.7677634716,-3198.261082900309,1883.0579071629347,0.0,6.776408355808783,16.485081157888533,1.0079875606847188
-0.1254,1993,16.3471243,47.8915271,-17300.70202898201,-3173.5138043628526,1822.4385343718582,0.0,6.476456229715869,16.522763574732807,1.009307698608544
-0.1882857142857142,1994,16.3471243,47.8915271,-17225.808754282192,-3144.206649133381,1736.378926200922,0.0,6.4256743721348295,16.559775162925234,1.0104667726632282
0.1016666666666666,1995,16.3471243,47.8915271,-17059.95150849462,-3130.096300463437,1692.4822569190455,0.0,6.540880204421444,16.594537199756434,1.0115666080227128
0.62175,1996,16.3471243,47.8915271,-17089.181762323748,-3092.6325686416667,1526.7089324773854,0.0,6.695756270908119,16.62577589319418,1.0127017962290263
0.4442857142857143,1997,16.3471243,47.8915271,-16942.53232050146,-3068.309666136794,1446.8631766639705,0.0,6.848653472094266,16.655096553475442,1.0137663488413535
1.543,1998,16.3471243,47.8915271,-16888.98507726541,-3018.5655954332774,1292.1100928155092,0.0,7.000667768441126,16.683871455544732,1.0147857012169064
0.909981765235386,1999,16.3471243,47.8915271,-16775.420477233998,-2997.541948596276,1225.9362587114645,0.0,7.154808463267431,16.71222609591526,1.0157638532256081
0.909981765235386,2000,16.3471243,47.8915271,-16718.359752267334,-2970.725082339794,1147.4753285825334,0.0,7.309757999939849,16.740214013898797,1.0167126006883933
0.9215933743634904,2001,16.3471243,47.8915271,-16599.96015366082,-2946.2378855664842,1047.6772189975907,0.0,7.416759404827576,16.76747154418981,1.0176438175865032
0.9256016374874868,2002,16.3471243,47.8915271,-16505.82440510071,-2922.3700972019055,973.9754770225869,0.0,7.5784356604898635,16.794129886780734,1.01856846770177
0.9256016374874868,2003,16.3471243,47.8915271,-16426.27168102453,-2896.3834992670677,869.8202390497321,0.0,7.685763555500277,16.820638503626213,1.019454030780951
0.9256016374874868,2004,16.3471243,47.8915271,-16375.733846448622,-2881.8700821248667,829.1999732578067,0.0,7.7929017027643654,16.84725677385831,1.020313039587343
0.9256016374874868,2005,16.3471243,47.8915271,-16326.952590919276,-2863.7765326678455,785.2186883759299,0.0,7.8369193921645754,16.87518758265932,1.0211213818727225
0.9277395349926626,2006,16.3471243,47.8915271,-16277.433457448933,-2844.196163667533,722.527103600187,0.0,7.9027524907904345,16.90501988213495,1.0217955374386536
0.940412821770488,2007,16.3471243,47.8915271,-16108.569539917966,-2824.189515420483,649.6234792802463,0.0,8.015761175905379,16.935296741854113,1.022393268388907
0.9435478677011776,2008,16.3471243,47.8915271,-15927.261368045789,-2808.142360594905,596.4916661636772,0.0,8.092847206069756,16.96520799413827,1.0230168083185698
0.9409740621241294,2009,16.3471243,47.8915271,-15857.29679361148,-2782.4135783192705,545.7667305442008,0.0,6.924087676303001,16.994796462330548,1.0235825941965215
0.93842052472041,2010,16.3471243,47.8915271,-15933.912684034602,-2754.9803576311333,451.8803102287318,0.0,6.779138987433964,17.0240913705835,1.0240526935445387
0.93842052472041,2011,16.3471243,47.8915271,-15568.241779030848,-2785.135124347178,523.5593062242084,0.0,6.585526895317772,17.053232081830547,1.024506471312099
0.93842052472041,2012,16.3471243,47.8915271,-15637.643385295953,-2761.1655297389248,442.2045814319185,0.0,6.320254673161218,17.08216235669426,1.0249281830310721
0.9409740621241294,2013,16.3471243,47.8915271,-15345.56816741223,-2756.7565681535807,447.23861841513343,0.0,6.9581055588712495,17.11075469278262,1.025339180877028
1.1382064760051187,2014,16.3471243,47.8915271,-15321.613276254231,-2742.6092329957446,407.3094765132481,0.0,6.948016988572101,17.138865454132336,1.0257312420640934
0.8975,1990,44.80575805,20.46138702369828,-256.5690334678658,-4581.352184408942,5693.364146948382,389.5191,6.729158735702768,16.906879548912478,0.9564458646369893
-0.3224166666666666,1991,44.80575805,20.46138702369828,-3621.061650945103,-4236.109727109645,4695.225443233587,389.5191,6.654532989032879,16.90486076209439,0.9557610920517003
0.7653333333333333,1990,-14.5189121,27.5589884,-17290.87587571024,4264.015455551037,3118.4543232391898,3622.96,3.7266399670782504,15.854963221527655,0.9347892244457405
0.0486666666666666,1991,-14.5189121,27.5589884,-17347.062529962695,4275.599261207975,3103.3871140383544,3622.96,3.7396082141819695,15.879897470245316,0.9330680345831958
0.6299166666666667,1992,-14.5189121,27.5589884,-17525.94000484625,4299.144212880757,3033.5376460553134,3622.96,3.766833058052146,15.904201442288185,0.9312781732604992
-0.1355833333333333,1993,-14.5189121,27.5589884,-17371.413149719127,4284.659736654885,3083.6293629182946,3622.96,3.801341692735827,15.928256064466996,0.9294861581149216
0.3885,1994,-14.5189121,27.5589884,-17124.41891168266,4281.813856167747,2929.6986369848914,3622.96,3.6294478703445097,15.952538699577087,0.9279891431087065
0.7285833333333334,1995,-14.5189121,27.5589884,-17375.90925227469,4289.109519538602,3068.714368861789,3622.96,3.614199010437349,15.977008355690899,0.9267925615070816
0.4844545454545454,1996,-14.5189121,27.5589884,-17358.752095094802,3843.356516259687,3336.4994267091206,3622.96,3.4543873761762605,16.00178877524155,0.9259520481854725
0.3714166666666667,1997,-14.5189121,27.5589884,-17270.513431211308,3824.308919028031,3329.37760155753,3622.96,3.6802195652821976,16.0274218664433,0.9259253636010331
0.80025,1998,-14.5189121,27.5589884,-17232.716445179194,3821.005894712271,3118.128874075057,3622.96,3.574850923972656,16.053282958906006,0.9262944600200225
0.1119166666666666,1999,-14.5189121,27.5589884,-17367.497469165533,3844.652639786126,3261.8385336465544,3622.96,3.486034730497534,16.079483608527426,0.9270605375606235
-0.1339166666666666,2000,-14.5189121,27.5589884,-17411.891082563197,3754.730335942937,3357.3373658576043,3622.96,3.489873483339522,16.107149459400446,0.9287115735154525
0.3561666666666667,2001,-14.5189121,27.5589884,-17326.273946896174,4088.73806214224,3016.163145574884,3622.96,3.496183266464297,16.13711012460574,0.9316194446081719
0.7415833333333334,2002,-14.5189121,27.5589884,-17474.838630369886,4155.780979706906,3077.4323063545717,3622.96,3.498662813000007,16.16767540807908,0.9347466580156624
0.8638333333333333,2003,-14.5189121,27.5589884,-17435.702119692036,4334.139847912792,2986.0355132075047,3622.96,3.5086846342110185,16.198566543870548,0.9377454370433199
0.5545,2004,-14.5189121,27.5589884,-17405.85969607259,4367.063236185859,2971.736557144858,3622.96,3.46423164697402,16.230355908556803,0.9408770172220126
0.9330833333333332,2005,-14.5189121,27.5589884,-17352.549489623412,4435.268435711242,2871.754479108635,3622.96,3.503684773850771,16.263482526302933,0.9444434356426488
0.6661666666666667,2006,-14.5189121,27.5589884,-17461.154755296822,4320.364924555135,2917.85335469483,3622.96,4.37607772494647,16.298045063107217,0.9484418982206724
0.7795,2007,-14.5189121,27.5589884,-17481.67116174653,4411.478566297775,2867.000783089972,3622.96,4.294722942236981,16.33337411339035,0.952544716824408
0.3703333333333333,2008,-14.5189121,27.5589884,-17507.763161967323,4535.3168796096725,2783.394872256584,3622.96,4.447373032516171,16.369085081988896,0.9565048292449024
0.3365833333333334,2009,-14.5189121,27.5589884,-17249.96392421959,4395.231055129077,2839.339939951467,3622.96,4.426974904399418,16.404633594143757,0.9600696189574788
1.2241666666666666,2010,-14.5189121,27.5589884,-17156.183790532083,4596.303055496842,2697.3174216468888,3622.96,4.36795560037198,16.439605579870356,0.9629541704613981
1.0580833333333333,2011,-14.5189121,27.5589884,-17142.230047174522,4556.365185015848,2768.0611445575787,19043.816,4.429809148477019,16.473376603742697,0.9647965460117663
0.815,2012,-14.5189121,27.5589884,-16939.37415857718,4570.0231310148165,2629.6738719972686,19043.816,4.64383978576783,16.506391337838192,0.9661713319817175
0.8785833333333334,2013,-14.5189121,27.5589884,-16836.009350707627,4582.845161594458,2612.5555319730092,19043.816,4.601151120352858,16.53910432944228,0.9674934931196375
0.9610833333333334,2014,-14.5189121,27.5589884,-16787.75317572458,4602.87185208915,2602.1832374040227,19043.816,4.710708785787996,16.571575638653492,0.9688453480384411
0.5845833333333333,1990,-18.4554963,29.7468414,-17483.166283084465,-3243.1356374168854,1698.9614406276535,10670.887,7.533586217440514,16.129420482297306,0.9272448717093666
0.0749166666666666,1991,-18.4554963,29.7468414,-17413.420219087166,-3263.4855418680054,1779.6504946311798,10670.887,7.4764645668638385,16.155180816220785,0.9260357824442533
1.0753333333333333,1992,-18.4554963,29.7468414,-17221.099580326245,-3251.4998978620824,1607.895753692938,10670.887,7.347046318129037,16.180272103356707,0.9210306030806168
0.267,1993,-18.4554963,29.7468414,-17509.751842506033,-3267.1781163524943,1867.7718909553412,10670.887,7.156222814261565,16.194586025792884,0.913472794269358
-0.0439999999999999,1994,-18.4554963,29.7468414,-17355.249496222255,-3266.8250650001487,1826.9219668843673,10670.887,7.1918768202591385,16.200467398158608,0.9088459040197309
0.5910833333333333,1995,-18.4554963,29.7468414,-17334.092020942444,-3261.0781959342175,1820.7611733142217,10670.887,7.235337329027173,16.212863956702684,0.9069809918380338
-0.1740833333333332,1996,-18.4554963,29.7468414,-17330.059726274285,-3243.2080375381593,1744.397223607774,10670.887,7.491509268010554,16.229473416601373,0.9070193034555624
0.0562499999999999,1997,-18.4554963,29.7468414,-17300.43070966736,-3237.5284498454234,1749.4954463488007,10670.887,7.399619098661018,16.245820304558627,0.9070856422767939
0.6446666666666666,1998,-18.4554963,29.7468414,-17232.0091803738,-3216.503617293596,1561.2251563360614,10670.887,7.422207697968201,16.262054426470176,0.9070330934424938
0.1128333333333333,1999,-18.4554963,29.7468414,-17311.775767579387,-3206.9592604498257,1551.4691139375257,10670.887,7.581198097417722,16.2765048219558,0.9064714838511897
-0.4633333333333333,2000,-18.4554963,29.7468414,-17295.99052447724,-3215.3741332504055,1557.3494899759316,10670.887,7.557512274207782,16.286544424129623,0.9048029549316272
0.0279166666666666,2001,-18.4554963,29.7468414,-17300.784715434937,-3196.852242947406,1408.5259306600728,10677.6439,6.910350907422163,16.292971053829177,0.9033287461177519
0.5326666666666667,2002,-18.4554963,29.7468414,-17203.1967286199,-3208.790357248684,1393.6691080313633,10677.6439,6.965643359883649,16.299136721613042,0.9021686477742458
0.3840833333333333,2003,-18.4554963,29.7468414,-17525.23513749035,-3209.9000357173813,1573.7725134239593,10677.6439,7.207922017649508,16.30671640939062,0.9006936465314526
-0.0581666666666666,2004,-18.4554963,29.7468414,-17647.1170872859,-3203.0495472907464,1617.6276618329405,10677.6439,6.931309097050635,16.31373496476665,0.8984010721441557
0.8173333333333334,2005,-18.4554963,29.7468414,-17577.456920854125,-3203.3869172228187,1602.08763638754,10677.6439,7.196569110752664,16.31897338862212,0.8950675626551449
-0.0741666666666666,2006,-18.4554963,29.7468414,-17663.94767946395,-3210.02118361521,1698.6828785932105,10677.6439,7.934289226708603,16.32758561482129,0.8936152993121673
-0.0736666666666666,2007,-18.4554963,29.7468414,-17779.139581011263,-3196.35332467906,1668.891496953477,10677.6439,8.11559831429295,16.337276802324276,0.8927361620314989
0.2095833333333333,2008,-18.4554963,29.7468414,-17757.38519694209,-3195.5908758436367,1631.9498420545272,10677.6439,7.997362981106578,16.345258952241288,0.8905758986426343
-0.1940833333333333,2009,-18.4554963,29.7468414,-17722.37363201696,-3188.33654835019,1560.7506956222337,10677.6439,8.227580910643695,16.35552144376842,0.8885580552682627
0.9119166666666666,2010,-18.4554963,29.7468414,-17584.197063677064,-3184.270957173151,1543.7173430725682,10677.6439,7.637324500447714,16.368057943293067,0.886646374569197
0.1911666666666666,2011,-18.4554963,29.7468414,-17404.611293138067,-3191.6160380998795,1523.7578978226725,10670.887,6.873548749771052,16.38244141250163,0.8846063920260128
0.337,2012,-18.4554963,29.7468414,-17307.8995750119,-3195.0346566968765,1544.9106415751096,10670.887,6.81153387413835,16.400664498126186,0.8838710859347574
0.0896666666666666,2013,-18.4554963,29.7468414,-17342.051988528827,-3179.358025058226,1447.4819157776235,10670.887,6.302644250150779,16.422297099082538,0.8847184598928934
0.0963333333333333,2014,-18.4554963,29.7468414,-17281.513937078686,-3217.22413216695,1656.662623037728,10670.887,6.255341705036351,16.444211083412995,0.8857709539549837
